subject_id,brain_ncc_to_template,seconds
NYU_50955,0.1184,61.0
NYU_50952,0.2443,61.4
NYU_50957,0.1242,62.3
NYU_50959,0.1435,62.9
NYU_50954,0.1421,63.0
NYU_50960,0.2337,64.9
NYU_50956,0.1822,64.9
NYU_50958,0.187,65.7
NYU_50961,0.1635,62.4
NYU_50969,0.2184,60.4
NYU_50968,0.1882,60.4
NYU_50964,0.1404,63.3
NYU_50966,0.2662,62.8
NYU_50962,0.2369,65.6
NYU_50965,0.2555,64.3
NYU_50970,0.253,70.7
NYU_50975,0.1415,64.0
NYU_50971,0.2789,66.2
NYU_50976,0.1734,64.3
NYU_50978,0.2465,63.5
NYU_50977,0.2239,66.1
NYU_50972,0.4679,69.1
NYU_50979,0.2314,68.2
NYU_50980,0.185,65.8
NYU_50981,0.2131,61.0
NYU_50986,0.1482,61.0
NYU_50985,0.386,63.5
NYU_50984,0.3095,65.8
NYU_50983,0.1678,67.4
NYU_50987,0.1495,63.3
NYU_50982,0.2792,69.4
NYU_50988,0.1802,64.0
NYU_50989,0.237,63.0
NYU_50991,0.148,59.4
NYU_50992,0.189,60.7
NYU_50994,0.246,62.5
NYU_50993,0.2756,65.1
NYU_50995,0.3741,66.7
NYU_50996,0.4061,69.2
NYU_50997,0.5299,80.1
NYU_50998,0.2167,63.8
NYU_51000,0.2617,64.0
NYU_50999,0.1497,66.3
NYU_51002,0.163,63.9
NYU_51008,0.2058,64.5
NYU_51010,0.2127,65.5
NYU_51006,0.2214,72.4
NYU_51011,0.2096,65.8
NYU_51014,0.2048,69.5
NYU_51015,0.3617,73.1
NYU_51017,0.3408,74.5
NYU_51021,0.2487,71.9
NYU_51019,0.4012,80.4
NYU_51020,0.3085,79.2
NYU_51016,0.4014,102.3
NYU_51023,0.3725,90.3
NYU_51024,0.2822,78.0
NYU_51026,0.339,80.4
NYU_51028,0.1385,77.8
NYU_51032,0.2472,71.7
NYU_51029,0.2314,75.5
NYU_51025,0.5171,92.9
NYU_51033,0.1949,71.8
NYU_51034,0.1404,68.0
NYU_51035,0.204,69.9
NYU_51036,0.2699,70.7
NYU_51041,0.193,68.8
NYU_51040,0.1991,71.0
NYU_51039,0.2506,73.4
NYU_51038,0.3209,79.3
NYU_51042,0.195,67.8
NYU_51044,0.1733,71.2
NYU_51045,0.1535,68.0
NYU_51048,0.2154,77.3
NYU_51049,0.1974,72.6
NYU_51050,0.2347,70.8
NYU_51052,0.1659,69.9
NYU_51053,0.2951,73.5
NYU_51054,0.2473,78.9
NYU_51055,0.1411,72.5
NYU_51056,0.2077,70.2
NYU_51057,0.2046,69.2
NYU_51059,0.187,68.6
NYU_51063,0.1926,68.5
NYU_51060,0.1564,69.6
NYU_51064,0.2577,68.6
NYU_51067,0.3827,81.9
NYU_51068,0.1839,71.8
NYU_51069,0.2589,69.9
NYU_51073,0.1353,68.8
NYU_51072,0.2245,71.3
NYU_51070,0.2976,72.0
NYU_51071,0.2022,71.9
NYU_51074,0.382,78.3
NYU_51077,0.1402,70.5
NYU_51076,0.419,74.4
NYU_51078,0.2284,73.9
NYU_51082,0.1658,67.1
NYU_51081,0.284,70.1
NYU_51079,0.2514,73.7
NYU_51083,0.1889,73.3
NYU_51084,0.2263,66.9
NYU_51085,0.3382,69.9
NYU_51086,0.3562,74.7
NYU_51087,0.3017,77.3
NYU_51090,0.2825,73.1
NYU_51091,0.1587,74.5
NYU_51093,0.1782,73.8
NYU_51095,0.1598,91.2
NYU_51096,0.2843,88.1
NYU_51098,0.2739,70.7
NYU_51097,0.3753,79.7
NYU_51099,0.1435,77.4
NYU_51100,0.1603,69.6
NYU_51101,0.1907,73.1
NYU_51102,0.3357,80.3
NYU_51103,0.3848,76.9
NYU_51105,0.1628,73.9
NYU_51104,0.4165,82.3
NYU_51106,0.3547,89.4
NYU_51108,0.2284,69.8
NYU_51107,0.3879,79.8
NYU_51112,0.2959,73.0
NYU_51110,0.4063,82.2
NYU_51114,0.419,80.1
NYU_51116,0.2342,74.5
NYU_51115,0.4225,84.1
NYU_51118,0.1801,73.6
NYU_51120,0.2657,72.0
NYU_51119,0.3568,84.4
NYU_51121,0.1769,72.7
NYU_51122,0.2475,72.9
NYU_51123,0.2134,76.2
NYU_51124,0.4707,83.6
NYU_51126,0.1532,77.3
NYU_51125,0.3095,87.0
NYU_51127,0.3258,84.8
NYU_51129,0.2474,82.3
NYU_51130,0.1657,75.3
NYU_51131,0.3877,103.1
NYU_51148,0.2169,81.1
NYU_51146,0.3987,98.0
NYU_51149,0.1462,83.6
NYU_51150,0.3797,87.4
NYU_51152,0.2467,71.8
NYU_51155,0.2574,74.7
NYU_51156,0.3804,76.9
CMU_50648,0.1187,56.7
CMU_50661,0.149,59.5
KKI_50786,0.1806,93.0
Caltech_51463,0.3415,94.0
Caltech_51484,0.2883,99.7
KKI_50800,0.4395,101.9
Caltech_51476,0.361,102.1
Caltech_51470,0.4496,104.8
KKI_50810,0.2206,90.5
KKI_50814,0.3604,95.4
Leuven_50690,0.2596,85.5
Leuven_50697,0.1247,86.2
KKI_50823,0.1884,93.3
Leuven_50711,0.3763,85.8
Leuven_50703,0.3943,86.2
Leuven_50732,0.4048,83.7
Leuven_50736,0.1821,81.4
Leuven_50745,0.2547,81.2
NYU_50953,0.2106,69.7
MaxMun_51357,0.2541,76.5
MaxMun_51332,0.4388,88.7
MaxMun_51361,0.2127,83.4
MaxMun_51370,0.387,85.0
MaxMun_51347,0.2487,92.6
NYU_50967,0.2766,67.2
NYU_51007,0.1518,69.1
NYU_50973,0.1456,96.5
NYU_51027,0.1618,73.3
NYU_51030,0.1775,71.8
NYU_51046,0.1738,71.5
NYU_51051,0.1621,71.5
NYU_51058,0.2423,68.2
NYU_51061,0.1435,67.6
NYU_51062,0.1211,69.5
NYU_51065,0.1165,70.3
NYU_51075,0.3359,73.3
NYU_51089,0.2202,69.6
NYU_51080,0.2166,74.2
NYU_51109,0.2522,72.0
NYU_51111,0.3968,74.8
NYU_51153,0.3772,77.2
NYU_51159,0.1957,75.1
OHSU_50158,0.2836,65.1
OHSU_50163,0.1907,63.1
OHSU_50148,0.3441,73.7
Olin_50109,0.2263,80.7
Olin_50130,0.2972,79.6
Olin_50116,0.1665,108.3
Pitt_50016,0.4508,98.6
Pitt_50046,0.2197,94.3
Pitt_50042,0.2632,96.5
Pitt_50055,0.2083,100.2
Pitt_50032,0.4276,107.4
SBL_51562,0.2837,89.8
SBL_51570,0.3338,88.7
SBL_51575,0.4035,89.1
SDSU_50189,0.2658,93.2
Stanford_51174,0.1056,68.2
Stanford_51167,0.099,74.1
Stanford_51198,0.0832,67.0
Stanford_51188,0.1765,73.5
SDSU_50196,0.0832,95.0
SDSU_50210,0.3131,101.1
Trinity_50239,0.4729,85.9
Trinity_50246,0.4478,93.6
Trinity_50262,0.401,88.2
UCLA_51215,0.1829,83.4
Trinity_51132,0.4729,96.1
UCLA_51221,0.1928,83.3
UCLA_51252,0.1321,77.3
Trinity_51136,0.4163,110.7
UCLA_51261,0.2087,79.0
UCLA_51272,0.1279,75.0
UCLA_51275,0.1772,78.7
UCLA_51291,0.3634,77.1
UCLA_51301,0.2076,75.4
UCLA_51295,0.114,76.9
UCLA_51308,0.3655,84.6
UCLA_51311,0.1467,73.4
UM_50286,0.1197,66.1
UM_50292,0.247,61.5
UM_50343,0.1695,59.6
UM_50346,0.3387,66.0
UM_50359,0.138,66.3
UM_50324,0.3642,91.8
UM_50364,0.1598,73.9
UM_50374,0.1994,68.9
UM_50371,0.1865,76.9
UM_50375,0.1807,71.2
UM_50403,0.3304,58.8
UM_50378,0.2404,75.0
UM_50390,0.1499,73.4
UM_50413,0.1912,62.6
UM_50428,0.1112,66.4
USM_50446,0.4304,283.6
USM_50483,0.2189,270.7
USM_50452,0.1444,292.0
USM_50503,0.1149,273.1
USM_50492,0.3127,285.8
USM_50514,0.1879,269.1
USM_50518,0.3526,270.8
USM_50506,0.1573,285.1
Yale_50565,0.1799,86.2
Yale_50601,0.1699,79.7
Yale_50615,0.1024,70.8
Yale_50611,0.1689,79.2
Yale_50624,0.0836,75.3
USM_50524,0.2261,239.9
USM_50531,0.0969,244.5
CMU_50649,0.3199,69.8
CMU_50656,0.1347,81.4
CMU_50652,0.3274,87.3
Caltech_51487,0.2375,87.5
Caltech_51478,0.3372,88.9
Caltech_51474,0.3808,102.6
Caltech_51466,0.3409,103.6
KKI_50779,0.2542,149.7
KKI_50782,0.2967,160.5
KKI_50790,0.0757,156.5
KKI_50792,0.219,160.5
KKI_50794,0.2538,166.0
Leuven_50693,0.3125,154.7
KKI_50826,0.2592,164.5
Leuven_50701,0.1919,173.9
MaxMun_51325,0.2192,161.3
Leuven_50757,0.227,165.1
Leuven_50706,0.36,178.2
Leuven_50747,0.3429,177.1
Leuven_50705,0.3397,189.5
MaxMun_51328,0.3546,173.5
NYU_50974,0.2503,151.5
NYU_51001,0.1499,136.2
MaxMun_51336,0.3606,184.4
MaxMun_51607,0.3337,167.2
MaxMun_51339,0.4147,176.1
MaxMun_51341,0.1908,181.6
NYU_50990,0.4671,173.9
NYU_51003,0.283,158.3
NYU_51012,0.129,157.3
NYU_51013,0.1973,159.5
NYU_51018,0.2015,156.1
NYU_51047,0.2485,157.3
NYU_51009,0.2305,185.9
NYU_51066,0.2651,171.6
NYU_51088,0.1765,127.6
NYU_51094,0.1787,140.6
NYU_51117,0.212,136.2
NYU_51113,0.3295,146.8
NYU_51128,0.4767,155.1
NYU_51147,0.3932,159.2
NYU_51151,0.4368,172.7
OHSU_50153,0.2543,116.2
NYU_51154,0.2792,143.3
OHSU_50164,0.2783,113.8
OHSU_50149,0.276,138.6
Olin_50120,0.1556,151.3
Olin_50108,0.1965,161.3
Olin_50122,0.1415,127.3
Olin_50127,0.1412,153.9
Pitt_50012,0.3556,179.5
Pitt_50009,0.4321,208.8
Pitt_50022,0.3085,234.6
Pitt_50024,0.3058,180.5
Pitt_50026,0.3769,193.1
Pitt_50060,0.4563,216.1
SBL_51563,0.3743,181.0
SBL_51566,0.3607,191.7
SBL_51576,0.3759,203.2
SDSU_50188,0.2582,173.4
SDSU_50202,0.2535,170.8
SDSU_50200,0.2222,204.7
SDSU_50207,0.4304,175.5
Stanford_51170,0.1485,132.4
Stanford_51178,0.0951,152.7
Stanford_51180,0.1093,138.0
Stanford_51182,0.123,143.8
Trinity_50242,0.3044,165.1
Trinity_50250,0.2101,157.7
Trinity_50252,0.2599,165.7
Trinity_50254,0.2045,168.2
UCLA_51202,0.1991,131.5
Trinity_51142,0.468,162.9
UCLA_51203,0.1158,136.5
UCLA_51222,0.2442,137.8
UCLA_51224,0.2544,143.0
UCLA_51230,0.1716,147.8
UCLA_51238,0.2587,147.1
UCLA_51253,0.2547,148.5
UCLA_51264,0.1415,143.1
UCLA_51296,0.1192,139.3
UCLA_51306,0.1846,143.2
UCLA_51315,0.2558,142.1
UM_50293,0.2946,116.0
UM_50273,0.064,132.2
UM_50301,0.3386,104.7
UM_50309,0.1366,103.3
UM_50304,0.2161,115.2
UM_50335,0.2996,89.4
UM_50331,0.1949,95.8
UM_50329,0.4284,115.2
UM_50410,0.2824,68.2
UM_50347,0.3039,105.1
UM_50412,0.1961,73.3
UM_50379,0.1854,90.8
UM_50418,0.1269,74.7
UM_50423,0.1444,83.2
USM_50433,0.2468,429.9
USM_50434,0.1429,422.7
USM_50453,0.2437,445.1
USM_50455,0.4221,469.1
USM_50461,0.278,466.4
USM_50469,0.3518,493.1
USM_50484,0.4391,491.5
Yale_50561,0.2878,169.9
Yale_50558,0.1508,176.1
Yale_50569,0.1503,166.6
Yale_50571,0.1887,164.6
USM_50519,0.3277,330.1
Yale_50573,0.1666,150.5
Yale_50628,0.1576,145.4
USM_50517,0.4675,472.9
USM_50495,0.2926,486.4
CMU_50650,0.1351,105.1
CMU_50642,0.1096,126.7
CMU_50647,0.1481,129.2
CMU_50645,0.1313,136.5
CMU_50643,0.2087,161.4
CMU_50644,0.1736,170.9
CMU_50646,0.3629,179.9
CMU_50654,0.0702,159.0
CMU_50651,0.4164,196.2
CMU_50655,0.3904,191.0
CMU_50653,0.3934,218.4
CMU_50657,0.3971,194.1
CMU_50659,0.2433,187.6
CMU_50658,0.4295,235.6
CMU_50664,0.1274,134.8
CMU_50660,0.1107,184.8
CMU_50663,0.144,178.8
CMU_50665,0.2178,145.5
CMU_50668,0.2229,135.9
CMU_50666,0.4632,195.7
CMU_50667,0.1788,190.0
CMU_50669,0.2611,183.8
Caltech_51456,0.3992,198.6
Caltech_51458,0.3015,189.7
Caltech_51457,0.3855,206.7
Caltech_51459,0.2761,199.2
Caltech_51461,0.3364,185.9
Caltech_51460,0.2793,195.1
Caltech_51462,0.3392,189.4
Caltech_51465,0.3019,186.1
Caltech_51464,0.467,211.0
Caltech_51467,0.375,201.7
Caltech_51471,0.1523,185.0
Caltech_51469,0.4,194.7
Caltech_51468,0.3589,199.3
Caltech_51472,0.4519,175.8
Caltech_51473,0.3092,168.8
Caltech_51475,0.4047,164.6
Caltech_51477,0.2037,163.0
Caltech_51479,0.2303,134.4
Caltech_51480,0.1632,132.7
Caltech_51481,0.3358,148.7
Caltech_51482,0.2334,117.1
Caltech_51483,0.3535,120.4
Caltech_51486,0.3658,119.6
Caltech_51485,0.3901,128.8
Caltech_51488,0.2251,116.5
Caltech_51489,0.3867,143.0
Caltech_51490,0.2958,128.4
Caltech_51491,0.2392,148.3
Caltech_51492,0.3787,165.7
Caltech_51493,0.2323,152.0
KKI_50773,0.2802,158.0
KKI_50772,0.3742,165.4
KKI_50774,0.2791,184.6
KKI_50775,0.312,182.7
KKI_50776,0.1943,181.4
KKI_50778,0.1375,182.7
KKI_50781,0.1573,172.0
KKI_50777,0.2828,202.2
KKI_50780,0.2218,191.5
KKI_50783,0.1946,172.1
KKI_50784,0.2001,177.2
KKI_50785,0.3063,170.3
KKI_50789,0.2912,177.4
KKI_50788,0.2402,191.9
KKI_50787,0.132,206.3
KKI_50791,0.3308,200.9
KKI_50793,0.1966,187.1
KKI_50795,0.2446,184.4
KKI_50796,0.3086,181.9
KKI_50799,0.1647,163.2
KKI_50797,0.0918,179.8
KKI_50798,0.2552,190.6
KKI_50801,0.2805,187.3
KKI_50802,0.2521,164.9
KKI_50803,0.2971,191.9
KKI_50804,0.1908,187.4
KKI_50806,0.2185,145.0
KKI_50805,0.2948,156.8
KKI_50807,0.1774,172.7
KKI_50808,0.1488,167.7
KKI_50809,0.2387,187.2
KKI_50811,0.4822,184.9
KKI_50812,0.2737,180.4
KKI_50813,0.2226,165.9
KKI_50815,0.2645,189.4
KKI_50816,0.1045,184.7
KKI_50817,0.1786,179.2
KKI_50818,0.3391,176.4
KKI_50819,0.1907,179.6
KKI_50820,0.2658,165.5
KKI_50821,0.1027,187.1
KKI_50822,0.1961,172.5
KKI_50824,0.3583,173.1
KKI_50825,0.364,180.3
Leuven_50682,0.3058,161.0
Leuven_50683,0.2731,177.3
Leuven_50685,0.3639,168.0
Leuven_50687,0.4669,167.7
Leuven_50686,0.1786,186.1
Leuven_50688,0.315,175.4
Leuven_50689,0.4214,163.5
Leuven_50691,0.4539,177.2
Leuven_50692,0.4858,174.4
Leuven_50694,0.3549,173.3
Leuven_50696,0.4215,177.1
Leuven_50695,0.4111,185.6
Leuven_50700,0.1621,165.9
Leuven_50698,0.4806,194.0
Leuven_50699,0.4483,206.9
Leuven_50702,0.481,176.0
Leuven_50704,0.5247,187.1
Leuven_50708,0.3007,161.5
Leuven_50707,0.2767,167.2
Leuven_50710,0.2803,157.9
Leuven_50709,0.3522,164.9
Leuven_50722,0.1677,153.8
Leuven_50723,0.186,141.2
Leuven_50724,0.3269,151.1
Leuven_50726,0.4544,137.6
Leuven_50725,0.366,143.4
Leuven_50727,0.2588,112.2
Leuven_50728,0.2709,113.6
Leuven_50730,0.2047,105.6
Leuven_50731,0.4387,110.6
Leuven_50733,0.3573,124.7
Leuven_50735,0.209,131.9
Leuven_50734,0.2665,143.1
Leuven_50738,0.281,135.7
Leuven_50737,0.3211,146.7
Leuven_50739,0.4435,137.6
Leuven_50740,0.3016,127.5
Leuven_50741,0.3518,147.1
Leuven_50742,0.3518,150.9
Leuven_50743,0.199,150.6
Leuven_50744,0.2039,140.1
Leuven_50748,0.281,154.1
Leuven_50746,0.234,166.8
Leuven_50749,0.2247,156.9
Leuven_50750,0.3755,183.4
Leuven_50751,0.2384,156.4
Leuven_50753,0.3685,187.3
Leuven_50752,0.2599,192.7
Leuven_50755,0.2644,155.7
Leuven_50754,0.3729,168.1
Leuven_50756,0.3929,169.0
MaxMun_51318,0.3228,154.3
MaxMun_51319,0.3756,153.1
MaxMun_51324,0.1169,111.1
MaxMun_51321,0.284,147.3
MaxMun_51323,0.3186,161.3
MaxMun_51322,0.2328,168.0
MaxMun_51320,0.3795,176.6
MaxMun_51326,0.3903,177.1
MaxMun_51327,0.3296,165.2
MaxMun_51329,0.3891,182.2
MaxMun_51330,0.4041,166.4
MaxMun_51331,0.3811,158.3
MaxMun_51333,0.1757,181.1
MaxMun_51334,0.3738,177.1
MaxMun_51335,0.2225,176.8
MaxMun_51338,0.1657,179.5
MaxMun_51342,0.346,156.6
MaxMun_51340,0.1931,159.2
MaxMun_51345,0.1727,136.5
MaxMun_51343,0.333,184.8
MaxMun_51348,0.3287,140.3
MaxMun_51344,0.1705,251.3
MaxMun_51346,0.1788,167.1
MaxMun_51350,0.233,161.0
MaxMun_51349,0.1161,170.2
MaxMun_51351,0.248,170.2
MaxMun_51352,0.1666,162.0
MaxMun_51353,0.2315,143.3
MaxMun_51354,0.1857,139.3
MaxMun_51355,0.189,152.6
MaxMun_51358,0.1541,135.7
MaxMun_51356,0.1853,150.5
MaxMun_51359,0.2693,141.2
MaxMun_51360,0.258,160.3
MaxMun_51363,0.1846,136.1
MaxMun_51362,0.1354,146.6
MaxMun_51365,0.1483,140.1
MaxMun_51366,0.39,156.5
MaxMun_51364,0.2773,171.2
MaxMun_51367,0.3344,149.2
MaxMun_51368,0.3567,157.3
MaxMun_51371,0.1819,142.2
MaxMun_51369,0.3648,156.2
MaxMun_51372,0.1618,138.4
OHSU_50142,0.3968,127.5
MaxMun_51606,0.1427,140.7
MaxMun_51373,0.4577,159.7
OHSU_50143,0.3704,122.2
OHSU_50145,0.2514,126.7
OHSU_50144,0.3372,138.3
OHSU_50146,0.3467,116.3
OHSU_50147,0.3265,128.4
OHSU_50150,0.2403,137.3
OHSU_50152,0.2178,126.0
OHSU_50155,0.4715,129.6
OHSU_50156,0.3801,121.8
OHSU_50157,0.2602,119.9
OHSU_50159,0.243,116.3
OHSU_50160,0.251,100.0
OHSU_50161,0.28,99.9
OHSU_50162,0.1712,108.4
OHSU_50165,0.3081,101.5
OHSU_50166,0.3204,99.2
OHSU_50168,0.2896,103.4
OHSU_50167,0.3139,106.0
OHSU_50169,0.3066,101.7
OHSU_50170,0.4018,106.4
OHSU_50171,0.3082,106.7
Olin_50102,0.1236,118.8
Olin_50103,0.2693,111.3
Olin_50105,0.1531,114.4
Olin_50104,0.396,126.3
Olin_50106,0.1618,111.4
Olin_50107,0.3688,134.5
Olin_50110,0.1294,124.2
Olin_50111,0.1808,126.3
Olin_50112,0.2242,120.5
Olin_50114,0.1916,118.1
Olin_50115,0.1106,124.8
Olin_50113,0.1453,138.0
Olin_50118,0.2085,129.0
Olin_50117,0.3188,138.7
Olin_50119,0.2041,127.7
Olin_50121,0.3989,146.0
Olin_50123,0.2381,138.6
Olin_50125,0.1872,141.8
Olin_50124,0.1051,148.9
Olin_50126,0.1686,153.9
Olin_50128,0.1534,146.9
Olin_50129,0.1623,140.6
Olin_50131,0.4945,174.0
Olin_50134,0.254,148.3
Olin_50133,0.247,158.1
Olin_50132,0.2616,171.7
Olin_50135,0.2992,156.8
Olin_50137,0.2712,152.2
Olin_50136,0.2491,192.6
Pitt_50005,0.1931,174.8
Pitt_50003,0.3052,181.9
Pitt_50002,0.3959,208.3
Pitt_50004,0.3571,205.5
Pitt_50006,0.2978,191.2
Pitt_50007,0.4614,214.2
Pitt_50008,0.3524,193.2
Pitt_50010,0.1957,173.7
Pitt_50013,0.1941,179.8
Pitt_50014,0.3259,186.6
Pitt_50011,0.4632,218.9
Pitt_50015,0.2605,183.2
Pitt_50017,0.426,218.9
Pitt_50019,0.3473,211.6
Pitt_50023,0.2715,181.9
Pitt_50020,0.2787,217.1
Pitt_50025,0.2099,173.9
Pitt_50027,0.2241,175.0
Pitt_50028,0.4137,214.5
Pitt_50030,0.3834,185.2
Pitt_50029,0.4091,191.6
Pitt_50031,0.3554,172.0
Pitt_50034,0.2297,186.3
Pitt_50035,0.2736,182.9
Pitt_50033,0.2104,188.9
Pitt_50036,0.2261,177.7
Pitt_50038,0.199,179.3
Pitt_50037,0.326,191.0
Pitt_50039,0.2645,169.5
Pitt_50041,0.433,167.5
Pitt_50043,0.1935,173.5
Pitt_50040,0.3127,187.1
Pitt_50044,0.3753,198.0
Pitt_50045,0.5101,198.9
Pitt_50047,0.4319,190.7
Pitt_50048,0.2421,173.6
Pitt_50049,0.2197,174.6
Pitt_50051,0.3775,174.6
Pitt_50050,0.3738,196.9
Pitt_50052,0.213,159.4
Pitt_50053,0.1765,159.7
Pitt_50054,0.2933,161.9
Pitt_50056,0.2015,161.1
Pitt_50057,0.2367,165.4
Pitt_50058,0.387,168.0
Pitt_50059,0.2349,168.0
SBL_51556,0.307,143.1
SBL_51557,0.3157,139.3
SBL_51558,0.3344,137.2
SBL_51559,0.3416,141.5
SBL_51560,0.2807,149.3
SBL_51561,0.3828,151.3
SBL_51564,0.323,152.4
SBL_51565,0.3206,152.2
SBL_51567,0.3452,154.1
SBL_51568,0.3098,160.7
SBL_51569,0.3553,156.8
SBL_51571,0.3612,161.1
SBL_51572,0.3326,161.4
SBL_51573,0.3126,167.5
SBL_51574,0.251,154.6
SBL_51577,0.3811,155.3
SBL_51578,0.36,156.5
SBL_51579,0.2357,156.4
SBL_51580,0.3749,175.3
SBL_51581,0.2008,172.9
SBL_51582,0.3374,174.9
SBL_51583,0.3707,177.6
SBL_51585,0.316,172.0
SBL_51584,0.3939,189.5
SDSU_50182,0.3394,188.1
SDSU_50183,0.2746,174.9
SDSU_50185,0.1913,184.4
SDSU_50184,0.4352,224.2
SDSU_50186,0.1864,184.4
SDSU_50187,0.3063,178.1
SDSU_50190,0.1856,180.5
SDSU_50191,0.1489,173.3
SDSU_50192,0.2642,169.6
SDSU_50193,0.2456,186.9
SDSU_50195,0.1994,174.1
SDSU_50194,0.2811,178.9
SDSU_50197,0.3675,184.6
SDSU_50199,0.201,178.5
SDSU_50198,0.3495,189.0
SDSU_50201,0.1177,181.1
SDSU_50203,0.3468,180.5
SDSU_50205,0.1365,174.2
SDSU_50204,0.1609,183.3
SDSU_50206,0.1463,167.9
SDSU_50208,0.1534,175.4
SDSU_50209,0.3381,192.8
SDSU_50211,0.2313,200.3
SDSU_50213,0.1547,172.6
SDSU_50214,0.2481,173.3
SDSU_50215,0.2066,179.1
SDSU_50212,0.1952,229.3
SDSU_50217,0.238,168.0
SDSU_50216,0.2,192.2
Stanford_51160,0.2337,145.8
Stanford_51162,0.1636,136.6
Stanford_51161,0.1331,157.7
Stanford_51164,0.1787,131.4
Stanford_51163,0.1413,140.8
Stanford_51165,0.2282,147.2
Stanford_51166,0.1909,148.5
Stanford_51168,0.2071,149.4
Stanford_51169,0.1231,136.2
Stanford_51171,0.1893,153.3
Stanford_51172,0.1466,140.6
Stanford_51173,0.2454,142.2
Stanford_51175,0.1566,127.7
Stanford_51176,0.1862,130.5
Stanford_51177,0.1902,138.6
Stanford_51179,0.0962,127.0
Stanford_51181,0.1181,132.6
Stanford_51183,0.2057,138.3
Stanford_51184,0.2128,144.9
Stanford_51186,0.1367,135.3
Stanford_51185,0.2216,153.3
Stanford_51187,0.1221,137.9
Stanford_51189,0.1833,137.0
Stanford_51190,0.2052,137.8
Stanford_51191,0.1466,135.6
Stanford_51192,0.1002,134.0
Stanford_51193,0.2238,125.5
Stanford_51194,0.2961,125.2
Stanford_51195,0.1484,112.5
Stanford_51196,0.175,117.5
Stanford_51197,0.1883,115.1
Stanford_51199,0.1438,119.7
Trinity_50232,0.4345,147.1
Trinity_50235,0.287,136.1
Trinity_50233,0.4572,160.6
Trinity_50234,0.4361,166.1
Trinity_50236,0.3052,146.9
Trinity_50238,0.3577,135.1
Trinity_50237,0.4344,178.5
Trinity_50240,0.2698,134.7
Trinity_50243,0.4286,128.9
Trinity_50241,0.4268,136.3
Trinity_50245,0.2833,145.4
Trinity_50244,0.4876,168.2
Trinity_50247,0.2764,129.8
Trinity_50248,0.295,140.9
Trinity_50249,0.3573,135.8
Trinity_50251,0.3835,144.1
Trinity_50253,0.3957,143.2
Trinity_50255,0.4155,152.0
Trinity_50257,0.217,145.0
Trinity_50259,0.4175,156.7
Trinity_50260,0.376,156.0
Trinity_50261,0.3867,169.8
Trinity_50264,0.4404,174.1
Trinity_50263,0.4636,193.9
Trinity_50265,0.2611,159.5
Trinity_50266,0.2146,163.3
Trinity_50267,0.4322,182.5
Trinity_50268,0.355,169.9
Trinity_50269,0.3313,163.4
Trinity_50270,0.3669,180.8
Trinity_50271,0.3469,166.3
Trinity_51133,0.4696,171.0
Trinity_51134,0.2732,171.2
Trinity_51138,0.317,155.0
Trinity_51137,0.4354,175.9
Trinity_51140,0.3955,169.8
Trinity_51139,0.2634,173.8
UCLA_51201,0.1555,150.9
Trinity_51135,0.3986,292.5
Trinity_51141,0.4311,178.5
UCLA_51204,0.0527,150.0
UCLA_51205,0.1315,156.9
UCLA_51208,0.0991,133.8
UCLA_51207,0.1401,148.8
UCLA_51206,0.4611,167.6
UCLA_51209,0.1765,144.7
UCLA_51210,0.1969,149.4
UCLA_51211,0.1448,138.2
UCLA_51212,0.1168,179.0
UCLA_51214,0.1445,137.8
UCLA_51213,0.0607,146.4
UCLA_51217,0.1997,135.8
UCLA_51216,0.2656,147.9
UCLA_51218,0.1779,137.0
UCLA_51219,0.2491,141.2
UCLA_51220,0.1666,143.1
UCLA_51223,0.1078,144.5
UCLA_51225,0.0814,157.6
UCLA_51228,0.1718,136.5
UCLA_51226,0.1738,145.9
UCLA_51227,0.264,143.0
UCLA_51232,0.1932,42.4
UCLA_51233,0.0819,44.7
UCLA_51229,0.2443,139.9
UCLA_51231,0.1734,150.9
UCLA_51234,0.1508,128.0
UCLA_51235,0.2945,135.6
UCLA_51236,0.138,140.9
UCLA_51237,0.153,136.3
UCLA_51242,0.1987,44.8
UCLA_51239,0.2448,139.1
UCLA_51243,0.2171,43.8
UCLA_51244,0.2066,56.0
UCLA_51240,0.3068,154.0
UCLA_51245,0.1717,58.7
UCLA_51246,0.1727,44.5
UCLA_51247,0.1959,42.3
UCLA_51241,0.1429,142.8
UCLA_51248,0.1969,151.8
UCLA_51249,0.2346,144.7
UCLA_51251,0.1696,140.0
UCLA_51255,0.1711,142.5
UCLA_51250,0.154,162.4
UCLA_51254,0.2071,160.0
UCLA_51256,0.1629,156.3
UCLA_51257,0.2605,138.2
UCLA_51259,0.1184,130.5
UCLA_51258,0.2136,142.4
UCLA_51260,0.2191,144.5
UCLA_51262,0.075,150.8
UCLA_51263,0.1549,159.3
UCLA_51265,0.2211,138.2
UCLA_51270,0.2309,35.6
UCLA_51266,0.0753,128.5
UCLA_51267,0.1416,123.1
UCLA_51268,0.1136,131.8
UCLA_51269,0.2903,130.8
UCLA_51271,0.1254,129.8
UCLA_51274,0.1846,125.1
UCLA_51273,0.1619,129.8
UCLA_51277,0.1221,119.7
UCLA_51276,0.3128,138.9
UCLA_51278,0.1973,131.7
UCLA_51279,0.1621,130.6
UCLA_51282,0.1258,118.8
UCLA_51280,0.1917,132.9
UCLA_51281,0.1734,131.9
UCLA_51292,0.1695,119.8
UCLA_51293,0.1748,121.5
UCLA_51294,0.3592,127.5
UCLA_51297,0.0829,133.3
UCLA_51298,0.3883,117.6
UCLA_51299,0.2403,118.2
UCLA_51300,0.1707,124.0
UCLA_51310,0.1933,40.9
UCLA_51302,0.1703,128.9
UCLA_51303,0.1589,128.6
UCLA_51304,0.2096,144.5
UCLA_51307,0.1693,142.9
UCLA_51309,0.1476,138.7
UCLA_51305,0.1515,171.9
UCLA_51313,0.258,137.6
UCLA_51312,0.1743,153.9
UCLA_51314,0.1299,156.9
UCLA_51316,0.2921,148.7
UM_50272,0.1027,121.1
UM_50274,0.0882,123.9
UCLA_51317,0.2551,141.0
UM_50275,0.1694,119.2
UM_50276,0.0748,125.9
UM_50277,0.0871,110.5
UM_50278,0.3602,124.8
UM_50279,0.1197,124.8
UM_50281,0.2208,110.7
UM_50280,0.2225,139.8
UM_50284,0.2119,112.7
UM_50282,0.1626,139.0
UM_50283,0.0875,129.6
UM_50285,0.2788,118.0
UM_50288,0.1067,108.2
UM_50287,0.0636,116.6
UM_50289,0.1554,117.9
UM_50291,0.1475,113.2
UM_50294,0.2264,105.9
UM_50290,0.2146,119.5
UM_50296,0.1606,125.3
UM_50295,0.1627,129.9
UM_50297,0.1426,128.8
UM_50298,0.1801,128.2
UM_50299,0.1653,108.4
UM_50300,0.1731,116.2
UM_50302,0.2346,117.9
UM_50305,0.2129,132.4
UM_50303,0.2173,138.2
UM_50306,0.1705,141.1
UM_50307,0.1262,148.6
UM_50308,0.2477,139.5
UM_50310,0.262,138.7
UM_50311,0.2374,150.9
UM_50312,0.2181,130.9
UM_50314,0.297,129.1
UM_50313,0.1308,146.9
UM_50315,0.2005,134.8
UM_50316,0.2376,133.2
UM_50317,0.133,134.2
UM_50318,0.2063,129.4
UM_50319,0.2462,136.8
UM_50320,0.1733,135.4
UM_50321,0.2672,138.6
UM_50322,0.1871,135.4
UM_50323,0.3069,141.3
UM_50325,0.2266,146.9
UM_50326,0.272,138.5
UM_50327,0.0876,125.8
UM_50328,0.089,124.0
UM_50330,0.2018,118.5
UM_50333,0.237,118.4
UM_50336,0.1869,109.0
UM_50332,0.159,133.8
UM_50334,0.1693,123.2
UM_50339,0.3925,115.4
UM_50337,0.2768,135.7
UM_50338,0.1795,129.9
UM_50341,0.1245,114.7
UM_50340,0.181,130.4
UM_50344,0.1536,115.5
UM_50342,0.1285,157.1
UM_50348,0.1526,104.7
UM_50349,0.3194,129.3
UM_50345,0.2213,139.7
UM_50350,0.2594,109.4
UM_50351,0.1824,106.4
UM_50352,0.1613,121.2
UM_50353,0.2425,100.8
UM_50354,0.1536,101.2
UM_50355,0.1503,93.3
UM_50356,0.1184,114.0
UM_50357,0.2869,114.2
UM_50358,0.171,110.2
UM_50360,0.2111,94.3
UM_50361,0.1752,112.7
UM_50362,0.2136,117.7
UM_50363,0.3805,128.3
UM_50365,0.1725,120.0
UM_50366,0.2511,116.5
UM_50367,0.1866,122.9
UM_50368,0.3997,135.0
UM_50369,0.2156,131.7
UM_50370,0.2304,131.8
UM_50372,0.2705,147.5
UM_50373,0.2057,134.4
UM_50376,0.1103,127.4
UM_50377,0.3059,131.0
UM_50380,0.1727,116.3
UM_50381,0.2881,123.9
UM_50382,0.2832,117.3
UM_50383,0.2037,128.9
UM_50385,0.1516,133.5
UM_50386,0.369,124.4
UM_50387,0.2424,121.6
UM_50388,0.3605,127.8
UM_50391,0.353,115.8
UM_50397,0.2609,113.6
UM_50404,0.1751,94.5
UM_50402,0.184,97.9
UM_50406,0.3284,88.4
UM_50405,0.246,100.3
UM_50399,0.2605,122.9
UM_50407,0.125,86.7
UM_50408,0.2192,104.0
UM_50414,0.175,109.6
UM_50415,0.1296,107.8
UM_50417,0.1685,101.7
UM_50416,0.2448,118.4
UM_50411,0.3757,134.3
UM_50419,0.1448,125.9
UM_50421,0.2731,100.0
UM_50422,0.2536,98.1
UM_50424,0.2496,103.5
UM_50425,0.2459,103.0
UM_50427,0.2146,113.4
UM_50426,0.1827,125.2
USM_50435,0.2775,522.9
USM_50436,0.3183,486.6
USM_50432,0.4974,570.5
USM_50438,0.3192,504.4
USM_50437,0.3347,516.4
USM_50440,0.3163,505.5
USM_50439,0.4521,572.5
USM_50444,0.177,380.7
USM_50442,0.3933,505.3
USM_50443,0.3514,491.1
USM_50441,-0.0212,551.7
USM_50445,0.1691,504.8
USM_50447,0.2421,484.8
USM_50448,0.1891,476.7
USM_50449,0.2387,439.0
USM_50451,0.183,410.4
USM_50454,0.1898,424.0
USM_50450,0.2521,466.6
USM_50456,0.2821,437.9
USM_50457,0.3424,468.8
USM_50458,0.2434,443.8
USM_50459,0.314,449.6
USM_50460,0.4259,467.9
USM_50462,0.4488,477.8
USM_50464,0.2529,467.1
USM_50463,0.3971,478.0
USM_50465,0.2115,474.0
USM_50466,0.1273,492.1
USM_50467,0.2315,499.1
USM_50468,0.181,548.3
USM_50472,0.3087,504.8
USM_50470,0.1476,519.0
USM_50473,0.4785,502.0
USM_50471,0.2219,551.6
USM_50474,0.2014,502.6
USM_50475,0.3176,522.3
USM_50476,0.13,492.9
USM_50477,0.2322,487.7
USM_50478,0.2101,497.0
USM_50479,0.454,550.1
USM_50480,0.4343,547.7
USM_50481,0.0854,523.5
USM_50487,0.341,163.6
USM_50482,0.1924,419.4
USM_50486,0.1589,390.1
USM_50485,0.4339,406.7
USM_50488,0.4036,363.3
USM_50490,0.3735,365.6
USM_50489,0.5063,384.7
USM_50491,0.3833,354.3
USM_50493,0.3874,320.5
USM_50494,0.2891,341.7
USM_50496,0.1333,329.5
USM_50497,0.3366,341.1
USM_50499,0.2502,323.1
USM_50498,0.2857,338.4
USM_50500,0.4615,349.1
USM_50501,0.1928,336.7
USM_50504,0.4053,334.3
USM_50502,0.3729,360.3
USM_50505,0.4094,324.2
USM_50507,0.1479,321.8
USM_50508,0.2511,340.0
USM_50509,0.4698,361.2
USM_50510,0.2674,348.2
USM_50511,0.5116,452.4
USM_50512,0.4738,494.1
USM_50513,0.2265,473.2
USM_50515,0.3669,512.6
USM_50516,0.3189,493.3
USM_50520,0.2494,534.7
USM_50521,0.1789,511.8
USM_50522,0.1814,514.3
USM_50523,0.3713,578.2
USM_50527,0.3204,512.9
USM_50526,0.3306,521.3
USM_50525,0.4539,568.1
USM_50528,0.4544,510.7
Yale_50551,0.2034,162.5
Yale_50552,0.3073,163.3
USM_50529,0.3551,538.5
Yale_50553,0.1493,188.4
Yale_50554,0.3052,183.7
Yale_50555,0.4685,176.0
Yale_50556,0.1938,177.3
USM_50530,0.1986,504.9
Yale_50559,0.2379,177.8
Yale_50557,0.1678,198.3
Yale_50560,0.2352,178.3
USM_50532,0.1577,489.9
Yale_50563,0.1025,159.5
Yale_50562,0.4038,184.3
Yale_50564,0.2139,160.7
Yale_50566,0.2412,167.6
Yale_50567,0.2483,164.7
Yale_50570,0.3502,152.3
Yale_50568,0.2023,161.5
Yale_50572,0.1881,160.3
Yale_50574,0.2205,159.9
Yale_50575,0.3796,163.4
Yale_50577,0.1699,146.3
Yale_50576,0.1966,161.1
Yale_50578,0.2212,122.7
Yale_50602,0.0905,133.5
Yale_50603,0.2891,140.7
Yale_50604,0.2664,119.7
Yale_50607,0.3531,115.7
Yale_50605,0.3485,135.4
Yale_50606,0.4084,131.8
Yale_50608,0.412,130.5
Yale_50609,0.2509,131.2
Yale_50612,0.296,127.6
Yale_50613,0.1623,128.1
Yale_50610,0.1936,150.3
Yale_50614,0.1496,128.2
Yale_50616,0.1789,143.4
Yale_50617,0.2335,154.4
Yale_50618,0.152,146.0
Yale_50619,0.4248,160.7
Yale_50621,0.1117,143.5
Yale_50620,0.16,154.6
Yale_50622,0.1992,159.6
Yale_50623,0.1687,157.4
Yale_50625,0.2075,137.8
Yale_50626,0.2866,149.9
Yale_50627,0.1909,119.0
