method,subject_id,site_id,target_wasserstein_raw,target_kl_raw,target_wasserstein_harmonized,target_kl_harmonized
neurocombat,CMU_50648,0,0.07940772559128269,0.14695252238130585,0.1105431444596352,1.0516959870505982
neurocombat,CMU_50661,0,0.0919074755306931,0.19854679336710754,0.13216275434647476,1.1302216638897882
neurocombat,Caltech_51463,1,0.11421369529930868,0.22470630790196686,0.15945365703251874,1.1115054174911836
neurocombat,Caltech_51470,1,0.11630555351306969,0.216668258532784,0.1189395134740934,0.6046209314587734
neurocombat,Caltech_51476,1,0.122910073553857,0.23544254620570382,0.12068177333008263,0.6865647052291621
neurocombat,Caltech_51484,1,0.0553992488606734,0.06284908776984223,0.0833008322038772,0.7463980017942382
neurocombat,KKI_50786,2,0.16724428491923005,0.7206605301457563,0.12994234631200274,1.0351758414775105
neurocombat,KKI_50800,2,0.12915290697946516,0.5101627425501422,0.09800981064399605,0.5496670383724584
neurocombat,KKI_50810,2,0.1577901079289211,0.6694823596587183,0.12079692687508141,0.7795257133590657
neurocombat,KKI_50814,2,0.1191150032731947,0.4643080292490784,0.090318876125989,0.6759857869840282
neurocombat,KKI_50823,2,0.16524766679731506,0.7195642476086045,0.11927492754643548,1.1194799093127699
neurocombat,Leuven_50690,3,0.06399692508250379,0.20794528463275397,0.098857557477504,0.48374787777352757
neurocombat,Leuven_50697,3,0.09062926265226275,0.28035613817320254,0.11345212036897127,0.5122368721535356
neurocombat,Leuven_50703,3,0.08715675103193611,0.27688891627162965,0.11404053615830012,0.5504990998421705
neurocombat,Leuven_50711,3,0.052789235068149976,0.2170144566021331,0.07896693757668129,0.46862462774572544
neurocombat,Leuven_50732,3,0.04924546303602132,0.1572876155765248,0.08064244908149451,0.3946098242904818
neurocombat,Leuven_50736,3,0.060741853100182354,0.18182967411247442,0.09735545729908925,0.5328978714281053
neurocombat,Leuven_50745,3,0.05916116905268542,0.27062750500361804,0.08603311463995961,0.4395414899652463
neurocombat,MaxMun_51332,4,0.16331540816805065,0.5421874880693327,0.10949391529383581,1.1438295418204676
neurocombat,MaxMun_51347,4,0.02177617699687057,0.045683336989299834,0.1216025245484616,2.954974997254518
neurocombat,MaxMun_51357,4,0.04507710355068467,0.07320003793688085,0.11484392117647915,2.7622452099813395
neurocombat,MaxMun_51361,4,0.04809266153155444,0.08274122801174867,0.07241561011148906,2.4920458969394765
neurocombat,MaxMun_51370,4,0.0686199176987778,0.13611082839254537,0.1440406792366058,2.179298727086022
neurocombat,OHSU_50148,6,0.02429566718629471,0.0411759562674108,0.06560651735924602,0.8565697686063163
neurocombat,OHSU_50158,6,0.07653758713614162,0.07881981921723678,0.12517903587478202,1.6380513052074561
neurocombat,OHSU_50163,6,0.02086947313742022,0.03182721634815594,0.07787566191819384,1.102793685208263
neurocombat,Olin_50109,7,0.06583548465421712,0.13975279867651602,0.10283854145119208,0.4991097093424871
neurocombat,Olin_50116,7,0.025853637064243748,0.04303268517396124,0.06274595152495427,0.4074075701850909
neurocombat,Olin_50130,7,0.021918877899279425,0.04217078446691848,0.05734817489298707,0.3903681294316931
neurocombat,Pitt_50016,8,0.10081624291281618,0.10310337460840704,0.13968514462302276,1.345138279748353
neurocombat,Pitt_50032,8,0.05176313897037841,0.07150073221513759,0.07024443281506576,0.5925438699080712
neurocombat,Pitt_50042,8,0.06264505979041453,0.11509033058820103,0.07017910117136643,0.8633270724697978
neurocombat,Pitt_50046,8,0.05168289529244386,0.0633925858693924,0.11107184494636776,0.8253758513184914
neurocombat,Pitt_50055,8,0.05951834957079647,0.1336408612514534,0.05692665646373395,0.8462515112050636
neurocombat,SBL_51562,9,0.06631105605075742,0.17889724657073594,0.11445742209524452,0.5170277325062383
neurocombat,SBL_51570,9,0.07044939464588415,0.17795484085807936,0.12001530523074948,0.5433067247121259
neurocombat,SBL_51575,9,0.058385604661490786,0.17656108950392244,0.1118350099511026,0.5071434684337615
neurocombat,SDSU_50189,10,0.11968992261920423,0.3618380213253573,0.1275069013262425,0.5488205740176499
neurocombat,SDSU_50196,10,0.12775216371113468,0.37715643018031736,0.12652532597819688,0.542883598779396
neurocombat,SDSU_50210,10,0.050624950583893526,0.10901117442075572,0.06100760569840346,0.37342397082336437
neurocombat,Stanford_51167,11,0.07382275827197413,0.2183525064200917,0.06999826746007637,1.0612653629305167
neurocombat,Stanford_51174,11,0.16552849943607875,0.39688921227212903,0.12815395933963783,1.5259848009898211
neurocombat,Stanford_51188,11,0.0831800378204292,0.16167581226974442,0.08753610346822649,1.1941525163169882
neurocombat,Stanford_51198,11,0.15259047237291995,0.47462302929166456,0.1331735224769105,1.3420427248187212
neurocombat,Trinity_50239,12,0.05783001933009287,0.16696748571581166,0.12603667408628447,1.3868717774409456
neurocombat,Trinity_50246,12,0.10326930691603116,0.15556527657231192,0.0797634245204612,0.8253700738412596
neurocombat,Trinity_50262,12,0.13055778477603097,0.16827881489988739,0.06513388953737007,1.2116865598701518
neurocombat,Trinity_51132,12,0.09214904315969195,0.15576274148682273,0.08446047097352488,0.9926222807023248
neurocombat,Trinity_51136,12,0.05752131521990882,0.14871627951639366,0.09380125331199918,1.2567071226134778
neurocombat,UCLA_51215,13,0.1429483688195516,0.36933165090162107,0.11170079962247366,1.2424504154690996
neurocombat,UCLA_51221,13,0.1279075498138971,0.28699284991823154,0.09249686517140115,1.0376953128441566
neurocombat,UCLA_51252,13,0.163003051885536,0.2678289975671629,0.10984415770648169,0.9137162780780409
neurocombat,UCLA_51261,13,0.17045816197635558,0.48614319114580284,0.13274156772770626,1.2449130825689492
neurocombat,UCLA_51272,13,0.14609727244988885,0.3564831307717391,0.0954227884499461,0.532070864834108
neurocombat,UCLA_51275,13,0.11735621570389372,0.18345145496708648,0.07148817768620024,0.5631983718030519
neurocombat,UCLA_51291,13,0.04314586923362435,0.12764423217314017,0.034462641557107224,0.4136382626671883
neurocombat,UCLA_51295,13,0.19655756006674566,0.3785690080926861,0.13659512847837668,1.1829027454665144
neurocombat,UCLA_51301,13,0.15620390038968446,0.255920770157411,0.10011996233852616,0.8760683531029123
neurocombat,UCLA_51308,13,0.16973034148117475,0.3718692307799829,0.11942528526290024,1.5471707719561023
neurocombat,UCLA_51311,13,0.13474588819977965,0.2133517433440402,0.08078405507261154,1.088517947756135
neurocombat,UM_50286,14,0.13077278689755345,0.5245445398928957,0.11392684922210791,0.6730165363538477
neurocombat,UM_50292,14,0.1323704736661856,0.5452219788468144,0.11589569046590914,0.49359685072237336
neurocombat,UM_50324,14,0.14168290014254825,0.6054165893471178,0.12297950593945833,0.566249251995279
neurocombat,UM_50343,14,0.15290704730933513,0.653249190372755,0.13939668272624084,0.6054125376339156
neurocombat,UM_50346,14,0.14212488383137964,0.5648216235804451,0.11130257409419723,0.7218352377349855
neurocombat,UM_50359,14,0.14619095435311152,0.5657065047268292,0.1384735598627271,0.5478862380283812
neurocombat,UM_50364,14,0.15294149458555917,0.6824336106227643,0.1418793878587545,0.6119823325469453
neurocombat,UM_50371,14,0.13214767274787298,0.4652785424382156,0.16286510721274725,0.5247416729937128
neurocombat,UM_50374,14,0.12776065249172736,0.4672543591689118,0.15878192376679032,0.47878942317722223
neurocombat,UM_50375,14,0.15927384617733306,0.7260813282738063,0.1435236537877817,0.6171540003183554
neurocombat,UM_50378,14,0.13695753188569668,0.42652366909594347,0.1795070203645165,0.4861738173651537
neurocombat,UM_50390,14,0.09340055513842906,0.27484372303570265,0.10059283117857401,0.47730077686809314
neurocombat,UM_50403,14,0.13324412420504878,0.4900879793356469,0.13082976210908603,0.40665637217371736
neurocombat,UM_50413,14,0.15597402465675983,0.6789791957585838,0.1316266503091586,0.6292154014486144
neurocombat,UM_50428,14,0.1531964006230971,0.6560918968226759,0.14447586384762853,0.5925336806484555
neurocombat,USM_50446,15,0.09480877918386253,0.29653273539518854,0.09446578144964307,0.8722367306895016
neurocombat,USM_50452,15,0.10415535037426012,0.33411620305790485,0.10534493788412572,0.7874087676223598
neurocombat,USM_50483,15,0.07939018506240961,0.2182117726013915,0.08290937942025756,0.940909171588827
neurocombat,USM_50492,15,0.1231074136202009,0.4213737795596527,0.13883199030551147,0.7516019388084666
neurocombat,USM_50503,15,0.07352012696413143,0.19819032527996341,0.0701047540400104,0.8963824803051207
neurocombat,USM_50506,15,0.05328179935640957,0.16658805315819203,0.05366097518718514,0.967956306005797
neurocombat,USM_50514,15,0.043993633209590904,0.07854624199544911,0.044340754491937126,0.8199184376566756
neurocombat,USM_50518,15,0.064476038972869,0.1021243726028555,0.06384296690201985,0.8979583730270077
neurocombat,USM_50524,15,0.11468427233972,0.11508185553680012,0.10465147080950567,1.1163163714977824
neurocombat,USM_50531,15,0.11632330115942902,0.3603112077379538,0.13007046931383467,0.8482973112754992
neurocombat,Yale_50565,16,0.12316230259825887,0.4114324351631901,0.10486255610896689,0.7067083382549265
neurocombat,Yale_50601,16,0.10305466179624015,0.39210356070052593,0.07683092719805423,0.49322827792540475
neurocombat,Yale_50611,16,0.18821678130851247,0.9443017100016442,0.180105075942131,1.0077346263599707
neurocombat,Yale_50615,16,0.1077335914998429,0.38667809735979264,0.09903461724655635,0.6045670604556768
neurocombat,Yale_50624,16,0.11177608205245666,0.39084890681635026,0.10350606213979704,0.5930784225118408
histogram_matching,CMU_50648,0,0.07940772559128269,0.14695252238130585,0.04961829900116664,0.08368764959723377
histogram_matching,CMU_50661,0,0.0919074755306931,0.19854679336710754,0.049631677772086026,0.08379457561920922
histogram_matching,Caltech_51463,1,0.11421369529930868,0.22470630790196686,0.04967592634385324,0.08356524844620151
histogram_matching,Caltech_51470,1,0.11630555351306969,0.216668258532784,0.049614965405637625,0.08360259812236276
histogram_matching,Caltech_51476,1,0.122910073553857,0.23544254620570382,0.04954302870682555,0.08355235901477316
histogram_matching,Caltech_51484,1,0.0553992488606734,0.06284908776984223,0.04957697016562923,0.08558929241964382
histogram_matching,KKI_50786,2,0.16724428491923005,0.7206605301457563,0.049661683431510055,0.08409712349938693
histogram_matching,KKI_50800,2,0.12915290697946516,0.5101627425501422,0.04966831372818507,0.08384923426940927
histogram_matching,KKI_50810,2,0.1577901079289211,0.6694823596587183,0.04967029634643823,0.08407656389638585
histogram_matching,KKI_50814,2,0.1191150032731947,0.4643080292490784,0.04969299792104407,0.08371106746762363
histogram_matching,KKI_50823,2,0.16524766679731506,0.7195642476086045,0.049623470681104585,0.08383607856544643
histogram_matching,Leuven_50690,3,0.06399692508250379,0.20794528463275397,0.04954985034904454,0.0837927497746119
histogram_matching,Leuven_50697,3,0.09062926265226275,0.28035613817320254,0.049629462225382004,0.0835863703475496
histogram_matching,Leuven_50703,3,0.08715675103193611,0.27688891627162965,0.04960986788624691,0.08368469900181022
histogram_matching,Leuven_50711,3,0.052789235068149976,0.2170144566021331,0.04956161398370104,0.08397399068429823
histogram_matching,Leuven_50732,3,0.04924546303602132,0.1572876155765248,0.049620309920279694,0.08469735431703507
histogram_matching,Leuven_50736,3,0.060741853100182354,0.18182967411247442,0.0495911378718051,0.08353713379930221
histogram_matching,Leuven_50745,3,0.05916116905268542,0.27062750500361804,0.04955590888933364,0.08382009446406116
histogram_matching,MaxMun_51332,4,0.16331540816805065,0.5421874880693327,0.049698139682834805,0.08405681238050661
histogram_matching,MaxMun_51347,4,0.02177617699687057,0.045683336989299834,0.049594850442897014,0.0834951899585528
histogram_matching,MaxMun_51357,4,0.04507710355068467,0.07320003793688085,0.049576244823013316,0.08364349495228941
histogram_matching,MaxMun_51361,4,0.04809266153155444,0.08274122801174867,0.04958014106359934,0.08342454368033171
histogram_matching,MaxMun_51370,4,0.0686199176987778,0.13611082839254537,0.04964440665214823,0.08365305307716324
histogram_matching,OHSU_50148,6,0.02429566718629471,0.0411759562674108,0.04952801326185683,0.08348691208623651
histogram_matching,OHSU_50158,6,0.07653758713614162,0.07881981921723678,0.04957624465331664,0.08361706683444897
histogram_matching,OHSU_50163,6,0.02086947313742022,0.03182721634815594,0.0496006163379795,0.08355909004809792
histogram_matching,Olin_50109,7,0.06583548465421712,0.13975279867651602,0.04958736339866037,0.08403273605343257
histogram_matching,Olin_50116,7,0.025853637064243748,0.04303268517396124,0.049556003879211545,0.08380894120599586
histogram_matching,Olin_50130,7,0.021918877899279425,0.04217078446691848,0.049555396266454124,0.08333813790515579
histogram_matching,Pitt_50016,8,0.10081624291281618,0.10310337460840704,0.049620911546831126,0.08401330951208673
histogram_matching,Pitt_50032,8,0.05176313897037841,0.07150073221513759,0.050095751210771915,0.11809621155194737
histogram_matching,Pitt_50042,8,0.06264505979041453,0.11509033058820103,0.05093925244901909,0.12844172577453583
histogram_matching,Pitt_50046,8,0.05168289529244386,0.0633925858693924,0.049533408496581506,0.08341871123283245
histogram_matching,Pitt_50055,8,0.05951834957079647,0.1336408612514534,0.0517749948202452,0.17236993544922657
histogram_matching,SBL_51562,9,0.06631105605075742,0.17889724657073594,0.04956899216788037,0.0838224001820046
histogram_matching,SBL_51570,9,0.07044939464588415,0.17795484085807936,0.04957336319887564,0.08349215896586834
histogram_matching,SBL_51575,9,0.058385604661490786,0.17656108950392244,0.04955313505719368,0.08392114799929044
histogram_matching,SDSU_50189,10,0.11968992261920423,0.3618380213253573,0.049677622898509,0.08414583375701745
histogram_matching,SDSU_50196,10,0.12775216371113468,0.37715643018031736,0.049577324400948926,0.08371575185346247
histogram_matching,SDSU_50210,10,0.050624950583893526,0.10901117442075572,0.049529337883585,0.08404711456190873
histogram_matching,Stanford_51167,11,0.07382275827197413,0.2183525064200917,0.04959540947919288,0.08340271020286195
histogram_matching,Stanford_51174,11,0.16552849943607875,0.39688921227212903,0.04960939630736391,0.08382432215066804
histogram_matching,Stanford_51188,11,0.0831800378204292,0.16167581226974442,0.04960330009138123,0.08363855865096331
histogram_matching,Stanford_51198,11,0.15259047237291995,0.47462302929166456,0.0496225384149445,0.08388338119244199
histogram_matching,Trinity_50239,12,0.05783001933009287,0.16696748571581166,0.049623211124882494,0.08391896871466734
histogram_matching,Trinity_50246,12,0.10326930691603116,0.15556527657231192,0.04960359216926755,0.08486806722994383
histogram_matching,Trinity_50262,12,0.13055778477603097,0.16827881489988739,0.04948703791031871,0.09014181679063907
histogram_matching,Trinity_51132,12,0.09214904315969195,0.15576274148682273,0.04954588925444294,0.08362876431815666
histogram_matching,Trinity_51136,12,0.05752131521990882,0.14871627951639366,0.049522688735697686,0.08393590382489514
histogram_matching,UCLA_51215,13,0.1429483688195516,0.36933165090162107,0.04957441291018205,0.0838491178204798
histogram_matching,UCLA_51221,13,0.1279075498138971,0.28699284991823154,0.04961771561865717,0.08369247046243218
histogram_matching,UCLA_51252,13,0.163003051885536,0.2678289975671629,0.049599908418472456,0.08362788172029013
histogram_matching,UCLA_51261,13,0.17045816197635558,0.48614319114580284,0.049643627692631774,0.08359745743088189
histogram_matching,UCLA_51272,13,0.14609727244988885,0.3564831307717391,0.049610962094323474,0.0837587496339222
histogram_matching,UCLA_51275,13,0.11735621570389372,0.18345145496708648,0.049629029620325574,0.08364871138909048
histogram_matching,UCLA_51291,13,0.04314586923362435,0.12764423217314017,0.04959675959676098,0.08334438027374269
histogram_matching,UCLA_51295,13,0.19655756006674566,0.3785690080926861,0.04960347459392477,0.08356211715973723
histogram_matching,UCLA_51301,13,0.15620390038968446,0.255920770157411,0.049594000001599754,0.08371987035097389
histogram_matching,UCLA_51308,13,0.16973034148117475,0.3718692307799829,0.04959976201462037,0.08379837403803404
histogram_matching,UCLA_51311,13,0.13474588819977965,0.2133517433440402,0.04963361698971092,0.08382543408324375
histogram_matching,UM_50286,14,0.13077278689755345,0.5245445398928957,0.049616340153713814,0.08368181815440977
histogram_matching,UM_50292,14,0.1323704736661856,0.5452219788468144,0.04967809692982182,0.08356140249332793
histogram_matching,UM_50324,14,0.14168290014254825,0.6054165893471178,0.04963722125726422,0.08401454933402308
histogram_matching,UM_50343,14,0.15290704730933513,0.653249190372755,0.049698980705736806,0.08398842513876263
histogram_matching,UM_50346,14,0.14212488383137964,0.5648216235804451,0.04966514396408271,0.0836680363590626
histogram_matching,UM_50359,14,0.14619095435311152,0.5657065047268292,0.04964966257495763,0.08391533317410546
histogram_matching,UM_50364,14,0.15294149458555917,0.6824336106227643,0.049678319127135814,0.08433633128047548
histogram_matching,UM_50371,14,0.13214767274787298,0.4652785424382156,0.049666414053430835,0.08392206237081928
histogram_matching,UM_50374,14,0.12776065249172736,0.4672543591689118,0.04966623058274658,0.08378605735766767
histogram_matching,UM_50375,14,0.15927384617733306,0.7260813282738063,0.04971686756811599,0.08432633192628701
histogram_matching,UM_50378,14,0.13695753188569668,0.42652366909594347,0.049690322224057254,0.08383531284903614
histogram_matching,UM_50390,14,0.09340055513842906,0.27484372303570265,0.04962989931257841,0.08410598980056598
histogram_matching,UM_50403,14,0.13324412420504878,0.4900879793356469,0.04968118285503442,0.08368953060695598
histogram_matching,UM_50413,14,0.15597402465675983,0.6789791957585838,0.04968182201962304,0.08395209815268333
histogram_matching,UM_50428,14,0.1531964006230971,0.6560918968226759,0.0497027944256309,0.08394349385827822
histogram_matching,USM_50446,15,0.09480877918386253,0.29653273539518854,0.04965909709971522,0.0837150978956848
histogram_matching,USM_50452,15,0.10415535037426012,0.33411620305790485,0.049670112879405204,0.08389312032675078
histogram_matching,USM_50483,15,0.07939018506240961,0.2182117726013915,0.04965225529248908,0.08390788498185144
histogram_matching,USM_50492,15,0.1231074136202009,0.4213737795596527,0.049580131904580736,0.08401540799711969
histogram_matching,USM_50503,15,0.07352012696413143,0.19819032527996341,0.04962852842136427,0.08373698897644574
histogram_matching,USM_50506,15,0.05328179935640957,0.16658805315819203,0.04961758024692586,0.08381915839576871
histogram_matching,USM_50514,15,0.043993633209590904,0.07854624199544911,0.049579303718539296,0.08352878376894977
histogram_matching,USM_50518,15,0.064476038972869,0.1021243726028555,0.049574846275015,0.08336370547905078
histogram_matching,USM_50524,15,0.11468427233972,0.11508185553680012,0.049566807410264396,0.08366999539119664
histogram_matching,USM_50531,15,0.11632330115942902,0.3603112077379538,0.049593826139378856,0.08360352730726014
histogram_matching,Yale_50565,16,0.12316230259825887,0.4114324351631901,0.049648988493833646,0.08364014707085775
histogram_matching,Yale_50601,16,0.10305466179624015,0.39210356070052593,0.04965358350091627,0.08395454058017958
histogram_matching,Yale_50611,16,0.18821678130851247,0.9443017100016442,0.04961595900625301,0.08549356295544991
histogram_matching,Yale_50615,16,0.1077335914998429,0.38667809735979264,0.04965517639881398,0.08402649767934137
histogram_matching,Yale_50624,16,0.11177608205245666,0.39084890681635026,0.04962611705298273,0.08359268792277198
cyclegan_tuned,CMU_50648,0,0.07940772559128269,0.14695252238130585,0.050032628999449956,0.39244625108130404
cyclegan_tuned,CMU_50661,0,0.0919074755306931,0.19854679336710754,0.06445145452151044,0.2934494913837656
cyclegan_tuned,Caltech_51463,1,0.11421369529930868,0.22470630790196686,0.019610286305026186,0.13891653108653285
cyclegan_tuned,Caltech_51470,1,0.11630555351306969,0.216668258532784,0.08561766083394536,0.2953352311488487
cyclegan_tuned,Caltech_51476,1,0.122910073553857,0.23544254620570382,0.10376312378930286,0.3138969276402083
cyclegan_tuned,Caltech_51484,1,0.0553992488606734,0.06284908776984223,0.0405483897100051,0.3453152282517575
cyclegan_tuned,KKI_50786,2,0.16724428491923005,0.7206605301457563,0.07130464479416009,0.2926416639323758
cyclegan_tuned,KKI_50800,2,0.12915290697946516,0.5101627425501422,0.07846102389903066,0.2954942444162947
cyclegan_tuned,KKI_50810,2,0.1577901079289211,0.6694823596587183,0.07113344599987022,0.2523552381811208
cyclegan_tuned,KKI_50814,2,0.1191150032731947,0.4643080292490784,0.08253109340471516,0.24704858925125497
cyclegan_tuned,KKI_50823,2,0.16524766679731506,0.7195642476086045,0.08226893760561667,0.3020717907908346
cyclegan_tuned,Leuven_50690,3,0.06399692508250379,0.20794528463275397,0.06458013681540978,0.2734712449720366
cyclegan_tuned,Leuven_50697,3,0.09062926265226275,0.28035613817320254,0.06595535557454742,0.21895048302219544
cyclegan_tuned,Leuven_50703,3,0.08715675103193611,0.27688891627162965,0.0653899576824644,0.23015339537194127
cyclegan_tuned,Leuven_50711,3,0.052789235068149976,0.2170144566021331,0.0746549737922082,0.2747557802450252
cyclegan_tuned,Leuven_50732,3,0.04924546303602132,0.1572876155765248,0.06765239051566263,0.26984923176289866
cyclegan_tuned,Leuven_50736,3,0.060741853100182354,0.18182967411247442,0.058048431154952104,0.2383173561097671
cyclegan_tuned,Leuven_50745,3,0.05916116905268542,0.27062750500361804,0.08469216175945533,0.301067705085897
cyclegan_tuned,MaxMun_51332,4,0.16331540816805065,0.5421874880693327,0.11973380671057092,0.3902815042641994
cyclegan_tuned,MaxMun_51347,4,0.02177617699687057,0.045683336989299834,0.02611899752097957,0.20397996595316942
cyclegan_tuned,MaxMun_51357,4,0.04507710355068467,0.07320003793688085,0.020984924765691797,0.35071661224546624
cyclegan_tuned,MaxMun_51361,4,0.04809266153155444,0.08274122801174867,0.019578435733959156,0.4694887106648235
cyclegan_tuned,MaxMun_51370,4,0.0686199176987778,0.13611082839254537,0.02688475714457463,0.33209755344502095
cyclegan_tuned,OHSU_50148,6,0.02429566718629471,0.0411759562674108,0.041755028243897443,0.23712895243477963
cyclegan_tuned,OHSU_50158,6,0.07653758713614162,0.07881981921723678,0.061564143373028755,0.14571909975818362
cyclegan_tuned,OHSU_50163,6,0.02086947313742022,0.03182721634815594,0.03292997806866968,0.23549997564984992
cyclegan_tuned,Olin_50109,7,0.06583548465421712,0.13975279867651602,0.03831728601029425,0.13129145258715486
cyclegan_tuned,Olin_50116,7,0.025853637064243748,0.04303268517396124,0.020174426336753266,0.13980300832760245
cyclegan_tuned,Olin_50130,7,0.021918877899279425,0.04217078446691848,0.014201215603442128,0.1541494403431549
cyclegan_tuned,Pitt_50016,8,0.10081624291281618,0.10310337460840704,0.08394457101957742,0.1864764910774481
cyclegan_tuned,Pitt_50032,8,0.05176313897037841,0.07150073221513759,0.033833409628758256,0.17623977722367926
cyclegan_tuned,Pitt_50042,8,0.06264505979041453,0.11509033058820103,0.04893821812308132,0.18873915494166632
cyclegan_tuned,Pitt_50046,8,0.05168289529244386,0.0633925858693924,0.03861084081664634,0.1546025121461832
cyclegan_tuned,Pitt_50055,8,0.05951834957079647,0.1336408612514534,0.03626313755919724,0.1913546594234727
cyclegan_tuned,SBL_51562,9,0.06631105605075742,0.17889724657073594,0.106762069186043,0.23783455599189485
cyclegan_tuned,SBL_51570,9,0.07044939464588415,0.17795484085807936,0.10089454463480826,0.2207551087153814
cyclegan_tuned,SBL_51575,9,0.058385604661490786,0.17656108950392244,0.10101579557856304,0.24012529218851367
cyclegan_tuned,SDSU_50189,10,0.11968992261920423,0.3618380213253573,0.06301611868805629,0.187890823525426
cyclegan_tuned,SDSU_50196,10,0.12775216371113468,0.37715643018031736,0.052092611525754465,0.17103040648536622
cyclegan_tuned,SDSU_50210,10,0.050624950583893526,0.10901117442075572,0.040011670217702335,0.12273763155085309
cyclegan_tuned,Stanford_51167,11,0.07382275827197413,0.2183525064200917,0.03163784250733767,0.349157546176701
cyclegan_tuned,Stanford_51174,11,0.16552849943607875,0.39688921227212903,0.06359305200961234,0.3330104977654125
cyclegan_tuned,Stanford_51188,11,0.0831800378204292,0.16167581226974442,0.038809065700030995,0.24545475681008636
cyclegan_tuned,Stanford_51198,11,0.15259047237291995,0.47462302929166456,0.06189922916882194,0.30659722894748853
cyclegan_tuned,Trinity_50239,12,0.05783001933009287,0.16696748571581166,0.04898174786998479,0.17342149615679234
cyclegan_tuned,Trinity_50246,12,0.10326930691603116,0.15556527657231192,0.049373813244242504,0.34134990455327835
cyclegan_tuned,Trinity_50262,12,0.13055778477603097,0.16827881489988739,0.08338958547319203,0.3300463978820547
cyclegan_tuned,Trinity_51132,12,0.09214904315969195,0.15576274148682273,0.05370760732417025,0.31272599280915825
cyclegan_tuned,Trinity_51136,12,0.05752131521990882,0.14871627951639366,0.03888443798578813,0.30936200719521934
cyclegan_tuned,UCLA_51215,13,0.1429483688195516,0.36933165090162107,0.06553680357770579,0.1820007145523483
cyclegan_tuned,UCLA_51221,13,0.1279075498138971,0.28699284991823154,0.04583743121761751,0.250139898718252
cyclegan_tuned,UCLA_51252,13,0.163003051885536,0.2678289975671629,0.08049862259462512,0.16787515680172668
cyclegan_tuned,UCLA_51261,13,0.17045816197635558,0.48614319114580284,0.06551771519637069,0.13309891845080504
cyclegan_tuned,UCLA_51272,13,0.14609727244988885,0.3564831307717391,0.06088445302071145,0.1396897992459426
cyclegan_tuned,UCLA_51275,13,0.11735621570389372,0.18345145496708648,0.05526838309508018,0.13552657229101142
cyclegan_tuned,UCLA_51291,13,0.04314586923362435,0.12764423217314017,0.0189340650742433,0.19620391987614297
cyclegan_tuned,UCLA_51295,13,0.19655756006674566,0.3785690080926861,0.10297844602997637,0.2485347079090973
cyclegan_tuned,UCLA_51301,13,0.15620390038968446,0.255920770157411,0.08018952354192697,0.15527923438702687
cyclegan_tuned,UCLA_51308,13,0.16973034148117475,0.3718692307799829,0.08552368892614891,0.17328888424698496
cyclegan_tuned,UCLA_51311,13,0.13474588819977965,0.2133517433440402,0.05830556084893282,0.09146201789708708
cyclegan_tuned,UM_50286,14,0.13077278689755345,0.5245445398928957,0.08179638776159956,0.3254753418598984
cyclegan_tuned,UM_50292,14,0.1323704736661856,0.5452219788468144,0.11793569580494584,0.28762254175170443
cyclegan_tuned,UM_50324,14,0.14168290014254825,0.6054165893471178,0.11350512229667747,0.28906813234676826
cyclegan_tuned,UM_50343,14,0.15290704730933513,0.653249190372755,0.11684988639462697,0.2687985218506793
cyclegan_tuned,UM_50346,14,0.14212488383137964,0.5648216235804451,0.09678954578808503,0.2967084898704088
cyclegan_tuned,UM_50359,14,0.14619095435311152,0.5657065047268292,0.11605915448917901,0.2385572220555356
cyclegan_tuned,UM_50364,14,0.15294149458555917,0.6824336106227643,0.11642869973788748,0.2634788164772425
cyclegan_tuned,UM_50371,14,0.13214767274787298,0.4652785424382156,0.13366838248245677,0.2650787272402359
cyclegan_tuned,UM_50374,14,0.12776065249172736,0.4672543591689118,0.13954080837242783,0.2875888676522926
cyclegan_tuned,UM_50375,14,0.15927384617733306,0.7260813282738063,0.12415775904347347,0.27323650272815686
cyclegan_tuned,UM_50378,14,0.13695753188569668,0.42652366909594347,0.1336617683415227,0.2896439468082134
cyclegan_tuned,UM_50390,14,0.09340055513842906,0.27484372303570265,0.08409415762986723,0.20724682210978781
cyclegan_tuned,UM_50403,14,0.13324412420504878,0.4900879793356469,0.08735311748308716,0.23878097572890863
cyclegan_tuned,UM_50413,14,0.15597402465675983,0.6789791957585838,0.08300108277756535,0.2633910695694195
cyclegan_tuned,UM_50428,14,0.1531964006230971,0.6560918968226759,0.12595699146738407,0.26507008818738326
cyclegan_tuned,USM_50446,15,0.09480877918386253,0.29653273539518854,0.049053289227005636,0.2619735959368719
cyclegan_tuned,USM_50452,15,0.10415535037426012,0.33411620305790485,0.06640104134270658,0.2903418695914945
cyclegan_tuned,USM_50483,15,0.07939018506240961,0.2182117726013915,0.04241602179392832,0.22531124284450998
cyclegan_tuned,USM_50492,15,0.1231074136202009,0.4213737795596527,0.06372890551217522,0.23906056591767735
cyclegan_tuned,USM_50503,15,0.07352012696413143,0.19819032527996341,0.03390136903861403,0.1281513986237014
cyclegan_tuned,USM_50506,15,0.05328179935640957,0.16658805315819203,0.01035472311853199,0.36298449662135485
cyclegan_tuned,USM_50514,15,0.043993633209590904,0.07854624199544911,0.023952993275614873,0.26507521765325776
cyclegan_tuned,USM_50518,15,0.064476038972869,0.1021243726028555,0.03503673691730935,0.3204985183417655
cyclegan_tuned,USM_50524,15,0.11468427233972,0.11508185553680012,0.07780107364849173,0.13950100207151772
cyclegan_tuned,USM_50531,15,0.11632330115942902,0.3603112077379538,0.06090569102712447,0.25499408434540727
cyclegan_tuned,Yale_50565,16,0.12316230259825887,0.4114324351631901,0.0642581829845866,0.2132235786308309
cyclegan_tuned,Yale_50601,16,0.10305466179624015,0.39210356070052593,0.051170789814709655,0.18506912776989942
cyclegan_tuned,Yale_50611,16,0.18821678130851247,0.9443017100016442,0.09527253238291469,0.3291750573306885
cyclegan_tuned,Yale_50615,16,0.1077335914998429,0.38667809735979264,0.06682487876000298,0.19600171032457744
cyclegan_tuned,Yale_50624,16,0.11177608205245666,0.39084890681635026,0.05989944245950089,0.21541795492570645
stargan_aggressive,CMU_50648,0,0.07940772559128269,0.14695252238130585,0.08191379718843866,0.525079910901091
stargan_aggressive,CMU_50661,0,0.0919074755306931,0.19854679336710754,0.10494465292194723,0.32664641981580417
stargan_aggressive,Caltech_51463,1,0.11421369529930868,0.22470630790196686,0.10103088537330192,0.30120800008262544
stargan_aggressive,Caltech_51470,1,0.11630555351306969,0.216668258532784,0.10132611564668989,0.24454883859985235
stargan_aggressive,Caltech_51476,1,0.122910073553857,0.23544254620570382,0.11054241223782998,0.28786133254445273
stargan_aggressive,Caltech_51484,1,0.0553992488606734,0.06284908776984223,0.0656992653409742,0.1964501904545203
stargan_aggressive,KKI_50786,2,0.16724428491923005,0.7206605301457563,0.0787953852206312,0.3882612432332737
stargan_aggressive,KKI_50800,2,0.12915290697946516,0.5101627425501422,0.08535459213500819,0.2677880322731284
stargan_aggressive,KKI_50810,2,0.1577901079289211,0.6694823596587183,0.0823989319633278,0.33271531915602987
stargan_aggressive,KKI_50814,2,0.1191150032731947,0.4643080292490784,0.09781256009347312,0.308800176047292
stargan_aggressive,KKI_50823,2,0.16524766679731506,0.7195642476086045,0.0929342272398025,0.3896772842086349
stargan_aggressive,Leuven_50690,3,0.06399692508250379,0.20794528463275397,0.12783376809234806,0.282376221590745
stargan_aggressive,Leuven_50697,3,0.09062926265226275,0.28035613817320254,0.10515818049538078,0.30230306127057655
stargan_aggressive,Leuven_50703,3,0.08715675103193611,0.27688891627162965,0.1101793041523086,0.29748544969618873
stargan_aggressive,Leuven_50711,3,0.052789235068149976,0.2170144566021331,0.13163518980926117,0.31238387377622145
stargan_aggressive,Leuven_50732,3,0.04924546303602132,0.1572876155765248,0.12354143117639202,0.367723488415932
stargan_aggressive,Leuven_50736,3,0.060741853100182354,0.18182967411247442,0.1322621818626783,0.3781954380043858
stargan_aggressive,Leuven_50745,3,0.05916116905268542,0.27062750500361804,0.1519022879412669,0.4694600052892254
stargan_aggressive,MaxMun_51332,4,0.16331540816805065,0.5421874880693327,0.13748961186443914,0.3417101817703789
stargan_aggressive,MaxMun_51347,4,0.02177617699687057,0.045683336989299834,0.03657659215095444,0.24307381656642874
stargan_aggressive,MaxMun_51357,4,0.04507710355068467,0.07320003793688085,0.04540373852365545,0.24504128925506005
stargan_aggressive,MaxMun_51361,4,0.04809266153155444,0.08274122801174867,0.037434055992586125,0.3810445434502798
stargan_aggressive,MaxMun_51370,4,0.0686199176987778,0.13611082839254537,0.07686594708828262,0.3386668736153372
stargan_aggressive,OHSU_50148,6,0.02429566718629471,0.0411759562674108,0.0257635524571533,0.18035809959047633
stargan_aggressive,OHSU_50158,6,0.07653758713614162,0.07881981921723678,0.050853881960747686,0.2106879169836957
stargan_aggressive,OHSU_50163,6,0.02086947313742022,0.03182721634815594,0.024996427196144592,0.14772469735481267
stargan_aggressive,Olin_50109,7,0.06583548465421712,0.13975279867651602,0.06456265261822142,0.32026998224435227
stargan_aggressive,Olin_50116,7,0.025853637064243748,0.04303268517396124,0.052431190966177155,0.18384932877675586
stargan_aggressive,Olin_50130,7,0.021918877899279425,0.04217078446691848,0.06846152700820819,0.21378879044606544
stargan_aggressive,Pitt_50016,8,0.10081624291281618,0.10310337460840704,0.06714928654272029,0.8777326112324785
stargan_aggressive,Pitt_50032,8,0.05176313897037841,0.07150073221513759,0.05243336207836893,0.27446725809670985
stargan_aggressive,Pitt_50042,8,0.06264505979041453,0.11509033058820103,0.05127613655478772,0.2885473540962667
stargan_aggressive,Pitt_50046,8,0.05168289529244386,0.0633925858693924,0.06499420296644812,0.2197234610258399
stargan_aggressive,Pitt_50055,8,0.05951834957079647,0.1336408612514534,0.05260210449240119,0.3173028378716393
stargan_aggressive,SBL_51562,9,0.06631105605075742,0.17889724657073594,0.1620178576217814,0.37488180893378864
stargan_aggressive,SBL_51570,9,0.07044939464588415,0.17795484085807936,0.1515734182022204,0.3355561717539538
stargan_aggressive,SBL_51575,9,0.058385604661490786,0.17656108950392244,0.144028678307755,0.37236066254921973
stargan_aggressive,SDSU_50189,10,0.11968992261920423,0.3618380213253573,0.090962484468223,0.33213970941402676
stargan_aggressive,SDSU_50196,10,0.12775216371113468,0.37715643018031736,0.07371066091883119,0.3563649227106617
stargan_aggressive,SDSU_50210,10,0.050624950583893526,0.10901117442075572,0.08776704758995486,0.15573435104210498
stargan_aggressive,Stanford_51167,11,0.07382275827197413,0.2183525064200917,0.07003728959153203,0.24964318960600804
stargan_aggressive,Stanford_51174,11,0.16552849943607875,0.39688921227212903,0.02995939266062979,0.22765214260957026
stargan_aggressive,Stanford_51188,11,0.0831800378204292,0.16167581226974442,0.06553007671699142,0.21444071224767974
stargan_aggressive,Stanford_51198,11,0.15259047237291995,0.47462302929166456,0.051838020895750125,0.39502319826358473
stargan_aggressive,Trinity_50239,12,0.05783001933009287,0.16696748571581166,0.11088068354758537,0.2412591602543797
stargan_aggressive,Trinity_50246,12,0.10326930691603116,0.15556527657231192,0.10937456365416093,0.24515667504533434
stargan_aggressive,Trinity_50262,12,0.13055778477603097,0.16827881489988739,0.1200755014971106,0.2847242619507913
stargan_aggressive,Trinity_51132,12,0.09214904315969195,0.15576274148682273,0.11844280897671516,0.2828456262366337
stargan_aggressive,Trinity_51136,12,0.05752131521990882,0.14871627951639366,0.11162873310387099,0.2545302420824046
stargan_aggressive,UCLA_51215,13,0.1429483688195516,0.36933165090162107,0.038550127482512346,0.3888136336376358
stargan_aggressive,UCLA_51221,13,0.1279075498138971,0.28699284991823154,0.03285719500156551,0.29113936901002785
stargan_aggressive,UCLA_51252,13,0.163003051885536,0.2678289975671629,0.032706571005824435,0.22196550168947776
stargan_aggressive,UCLA_51261,13,0.17045816197635558,0.48614319114580284,0.05069158840972197,0.3334259267254726
stargan_aggressive,UCLA_51272,13,0.14609727244988885,0.3564831307717391,0.05744170670177424,0.26978296057722734
stargan_aggressive,UCLA_51275,13,0.11735621570389372,0.18345145496708648,0.04944559428969071,0.2026938027708531
stargan_aggressive,UCLA_51291,13,0.04314586923362435,0.12764423217314017,0.031712529964013254,0.15230006004606994
stargan_aggressive,UCLA_51295,13,0.19655756006674566,0.3785690080926861,0.03252384458256242,0.3420270732652386
stargan_aggressive,UCLA_51301,13,0.15620390038968446,0.255920770157411,0.026345656329767767,0.20770974105179352
stargan_aggressive,UCLA_51308,13,0.16973034148117475,0.3718692307799829,0.06352728371671611,0.6014202723600836
stargan_aggressive,UCLA_51311,13,0.13474588819977965,0.2133517433440402,0.02539001127814509,0.1394523047484575
stargan_aggressive,UM_50286,14,0.13077278689755345,0.5245445398928957,0.10681873774301065,0.4246142102850133
stargan_aggressive,UM_50292,14,0.1323704736661856,0.5452219788468144,0.12976943849516792,0.33578397849015806
stargan_aggressive,UM_50324,14,0.14168290014254825,0.6054165893471178,0.09590216142335423,0.35379529233657353
stargan_aggressive,UM_50343,14,0.15290704730933513,0.653249190372755,0.12194651931273823,0.36564299893806357
stargan_aggressive,UM_50346,14,0.14212488383137964,0.5648216235804451,0.11757472839896908,0.30314290168363356
stargan_aggressive,UM_50359,14,0.14619095435311152,0.5657065047268292,0.10274455411931503,0.3845312291126242
stargan_aggressive,UM_50364,14,0.15294149458555917,0.6824336106227643,0.0999148228189172,0.38108569477909826
stargan_aggressive,UM_50371,14,0.13214767274787298,0.4652785424382156,0.09766457223349051,0.3566668961259349
stargan_aggressive,UM_50374,14,0.12776065249172736,0.4672543591689118,0.1292453612378031,0.34076784278731004
stargan_aggressive,UM_50375,14,0.15927384617733306,0.7260813282738063,0.1299527941730934,0.356913849179335
stargan_aggressive,UM_50378,14,0.13695753188569668,0.42652366909594347,0.12011440778449409,0.32231887729972464
stargan_aggressive,UM_50390,14,0.09340055513842906,0.27484372303570265,0.11061524685340929,0.34616385497513374
stargan_aggressive,UM_50403,14,0.13324412420504878,0.4900879793356469,0.13197785445507276,0.2917711467907618
stargan_aggressive,UM_50413,14,0.15597402465675983,0.6789791957585838,0.13191973780596,0.32224779442776563
stargan_aggressive,UM_50428,14,0.1531964006230971,0.6560918968226759,0.1014281790273599,0.325537596317103
stargan_aggressive,USM_50446,15,0.09480877918386253,0.29653273539518854,0.071700972197263,0.2661618425990673
stargan_aggressive,USM_50452,15,0.10415535037426012,0.33411620305790485,0.07547854321443734,0.35222574270539425
stargan_aggressive,USM_50483,15,0.07939018506240961,0.2182117726013915,0.0634511125584391,0.29234785742250774
stargan_aggressive,USM_50492,15,0.1231074136202009,0.4213737795596527,0.10078001884565459,0.40420984379462893
stargan_aggressive,USM_50503,15,0.07352012696413143,0.19819032527996341,0.047618337966838065,0.19216316583391094
stargan_aggressive,USM_50506,15,0.05328179935640957,0.16658805315819203,0.01768762185435146,0.5522402612249643
stargan_aggressive,USM_50514,15,0.043993633209590904,0.07854624199544911,0.02098647924716207,0.40741565137921265
stargan_aggressive,USM_50518,15,0.064476038972869,0.1021243726028555,0.018769143201500273,0.38290161671857326
stargan_aggressive,USM_50524,15,0.11468427233972,0.11508185553680012,0.028584830756230716,0.3087155186814619
stargan_aggressive,USM_50531,15,0.11632330115942902,0.3603112077379538,0.08764694226475442,0.32564698139728704
stargan_aggressive,Yale_50565,16,0.12316230259825887,0.4114324351631901,0.10904970737095349,0.31388250146228275
stargan_aggressive,Yale_50601,16,0.10305466179624015,0.39210356070052593,0.12350120721160054,0.2766196739640518
stargan_aggressive,Yale_50611,16,0.18821678130851247,0.9443017100016442,0.11962679523367122,0.5659285115420807
stargan_aggressive,Yale_50615,16,0.1077335914998429,0.38667809735979264,0.10875812088532302,0.31082991023292034
stargan_aggressive,Yale_50624,16,0.11177608205245666,0.39084890681635026,0.10062185087410044,0.3598969976724823
stargan_conservative,CMU_50648,0,0.07940772559128269,0.14695252238130585,0.06462148115059181,0.2572116455911449
stargan_conservative,CMU_50661,0,0.0919074755306931,0.19854679336710754,0.08105286650362493,0.2115765365740045
stargan_conservative,Caltech_51463,1,0.11421369529930868,0.22470630790196686,0.024840814170068577,0.1691429206266718
stargan_conservative,Caltech_51470,1,0.11630555351306969,0.216668258532784,0.095313823769807,0.16845750192435793
stargan_conservative,Caltech_51476,1,0.122910073553857,0.23544254620570382,0.10192830684539551,0.1970090022942444
stargan_conservative,Caltech_51484,1,0.0553992488606734,0.06284908776984223,0.03499688917527965,0.06165049953683476
stargan_conservative,KKI_50786,2,0.16724428491923005,0.7206605301457563,0.14783283237901373,0.658198153262946
stargan_conservative,KKI_50800,2,0.12915290697946516,0.5101627425501422,0.10804944274661397,0.45006763838553027
stargan_conservative,KKI_50810,2,0.1577901079289211,0.6694823596587183,0.14645844530647167,0.6337117563193982
stargan_conservative,KKI_50814,2,0.1191150032731947,0.4643080292490784,0.06434426475192326,0.2829399239468482
stargan_conservative,KKI_50823,2,0.16524766679731506,0.7195642476086045,0.14282741512426578,0.6055526387228619
stargan_conservative,Leuven_50690,3,0.06399692508250379,0.20794528463275397,0.054497140044397104,0.249558065306833
stargan_conservative,Leuven_50697,3,0.09062926265226275,0.28035613817320254,0.06339137623652435,0.244593875030015
stargan_conservative,Leuven_50703,3,0.08715675103193611,0.27688891627162965,0.06433108497165091,0.2893280563302651
stargan_conservative,Leuven_50711,3,0.052789235068149976,0.2170144566021331,0.05939289412282248,0.2754695103097644
stargan_conservative,Leuven_50732,3,0.04924546303602132,0.1572876155765248,0.04767340877860205,0.21212184551641053
stargan_conservative,Leuven_50736,3,0.060741853100182354,0.18182967411247442,0.04050958716742638,0.1912032641783654
stargan_conservative,Leuven_50745,3,0.05916116905268542,0.27062750500361804,0.06587427343821572,0.29352870551411053
stargan_conservative,MaxMun_51332,4,0.16331540816805065,0.5421874880693327,0.1529073156218718,0.3903511453623083
stargan_conservative,MaxMun_51347,4,0.02177617699687057,0.045683336989299834,0.015431798492418746,0.09368551975061597
stargan_conservative,MaxMun_51357,4,0.04507710355068467,0.07320003793688085,0.02887405133170827,0.0796308305582008
stargan_conservative,MaxMun_51361,4,0.04809266153155444,0.08274122801174867,0.025278249019961313,0.23804397368268784
stargan_conservative,MaxMun_51370,4,0.0686199176987778,0.13611082839254537,0.039055067245966316,0.16288935685770753
stargan_conservative,OHSU_50148,6,0.02429566718629471,0.0411759562674108,0.027857854524549027,0.08024359865232301
stargan_conservative,OHSU_50158,6,0.07653758713614162,0.07881981921723678,0.04923961683733117,0.11584686437976321
stargan_conservative,OHSU_50163,6,0.02086947313742022,0.03182721634815594,0.028622606727046078,0.07760662663119895
stargan_conservative,Olin_50109,7,0.06583548465421712,0.13975279867651602,0.06334616287785677,0.16197559358540795
stargan_conservative,Olin_50116,7,0.025853637064243748,0.04303268517396124,0.012412609268785558,0.05202942878499512
stargan_conservative,Olin_50130,7,0.021918877899279425,0.04217078446691848,0.012111766717284238,0.03667440245879331
stargan_conservative,Pitt_50016,8,0.10081624291281618,0.10310337460840704,0.08363020840183337,0.6785591991086383
stargan_conservative,Pitt_50032,8,0.05176313897037841,0.07150073221513759,0.05237263963859758,0.1345982654091748
stargan_conservative,Pitt_50042,8,0.06264505979041453,0.11509033058820103,0.05752532565965762,0.19369525740299826
stargan_conservative,Pitt_50046,8,0.05168289529244386,0.0633925858693924,0.050843715630617084,0.09827409361891559
stargan_conservative,Pitt_50055,8,0.05951834957079647,0.1336408612514534,0.053504795696477245,0.1837690104399086
stargan_conservative,SBL_51562,9,0.06631105605075742,0.17889724657073594,0.07681841052144205,0.22893606175429398
stargan_conservative,SBL_51570,9,0.07044939464588415,0.17795484085807936,0.07849870737146578,0.22327943211166437
stargan_conservative,SBL_51575,9,0.058385604661490786,0.17656108950392244,0.06902555553004108,0.24838552903767186
stargan_conservative,SDSU_50189,10,0.11968992261920423,0.3618380213253573,0.10920222199805414,0.3257227765351908
stargan_conservative,SDSU_50196,10,0.12775216371113468,0.37715643018031736,0.10734590213555703,0.3117137308164809
stargan_conservative,SDSU_50210,10,0.050624950583893526,0.10901117442075572,0.03967347056094755,0.12423244951625372
stargan_conservative,Stanford_51167,11,0.07382275827197413,0.2183525064200917,0.05148691674950771,0.22863787001478184
stargan_conservative,Stanford_51174,11,0.16552849943607875,0.39688921227212903,0.13979800642358875,0.3170649555921597
stargan_conservative,Stanford_51188,11,0.0831800378204292,0.16167581226974442,0.06145327265902491,0.13585044655590675
stargan_conservative,Stanford_51198,11,0.15259047237291995,0.47462302929166456,0.1304482427132423,0.40883594716510996
stargan_conservative,Trinity_50239,12,0.05783001933009287,0.16696748571581166,0.04488689536428006,0.16314891887330563
stargan_conservative,Trinity_50246,12,0.10326930691603116,0.15556527657231192,0.07944002181930669,0.16189523888422339
stargan_conservative,Trinity_50262,12,0.13055778477603097,0.16827881489988739,0.09757111487081147,0.21115492197329216
stargan_conservative,Trinity_51132,12,0.09214904315969195,0.15576274148682273,0.08285886316419863,0.19043099740417746
stargan_conservative,Trinity_51136,12,0.05752131521990882,0.14871627951639366,0.06174989999031355,0.1934506231763944
stargan_conservative,UCLA_51215,13,0.1429483688195516,0.36933165090162107,0.12182995714826277,0.29163623822005674
stargan_conservative,UCLA_51221,13,0.1279075498138971,0.28699284991823154,0.09574684550172542,0.18993896056759713
stargan_conservative,UCLA_51252,13,0.163003051885536,0.2678289975671629,0.11196501584250033,0.1582727520959575
stargan_conservative,UCLA_51261,13,0.17045816197635558,0.48614319114580284,0.11377542877979466,0.2646697036065089
stargan_conservative,UCLA_51272,13,0.14609727244988885,0.3564831307717391,0.07705891358782545,0.23108580386902433
stargan_conservative,UCLA_51275,13,0.11735621570389372,0.18345145496708648,0.07814122686434552,0.15945935499993763
stargan_conservative,UCLA_51291,13,0.04314586923362435,0.12764423217314017,0.017845750647074575,0.09290768733102668
stargan_conservative,UCLA_51295,13,0.19655756006674566,0.3785690080926861,0.15116629758950087,0.2506032155847271
stargan_conservative,UCLA_51301,13,0.15620390038968446,0.255920770157411,0.12495119667238744,0.1970525629836139
stargan_conservative,UCLA_51308,13,0.16973034148117475,0.3718692307799829,0.16077615504380016,0.3426002628632963
stargan_conservative,UCLA_51311,13,0.13474588819977965,0.2133517433440402,0.09231012890238158,0.11881414263949983
stargan_conservative,UM_50286,14,0.13077278689755345,0.5245445398928957,0.11455905610980968,0.5305840238167544
stargan_conservative,UM_50292,14,0.1323704736661856,0.5452219788468144,0.08073993346716284,0.31352570314376366
stargan_conservative,UM_50324,14,0.14168290014254825,0.6054165893471178,0.13098378580460718,0.5921730516794086
stargan_conservative,UM_50343,14,0.15290704730933513,0.653249190372755,0.10170006608887462,0.3902912813520008
stargan_conservative,UM_50346,14,0.14212488383137964,0.5648216235804451,0.11464649706082253,0.4734169726056786
stargan_conservative,UM_50359,14,0.14619095435311152,0.5657065047268292,0.13033606893179267,0.5032725319997111
stargan_conservative,UM_50364,14,0.15294149458555917,0.6824336106227643,0.14474057970571683,0.6473517313693983
stargan_conservative,UM_50371,14,0.13214767274787298,0.4652785424382156,0.12237723910837663,0.48771931370052796
stargan_conservative,UM_50374,14,0.12776065249172736,0.4672543591689118,0.09907753471464367,0.3718864159247121
stargan_conservative,UM_50375,14,0.15927384617733306,0.7260813282738063,0.12539356587245787,0.5158451866991031
stargan_conservative,UM_50378,14,0.13695753188569668,0.42652366909594347,0.11189193065565801,0.26860509176258535
stargan_conservative,UM_50390,14,0.09340055513842906,0.27484372303570265,0.06496058684287495,0.2336626433251782
stargan_conservative,UM_50403,14,0.13324412420504878,0.4900879793356469,0.10145321070427701,0.24370847465076073
stargan_conservative,UM_50413,14,0.15597402465675983,0.6789791957585838,0.13051063889214598,0.5494402937285486
stargan_conservative,UM_50428,14,0.1531964006230971,0.6560918968226759,0.11775654473241458,0.46456550162418686
stargan_conservative,USM_50446,15,0.09480877918386253,0.29653273539518854,0.06822244506970443,0.22895808770598325
stargan_conservative,USM_50452,15,0.10415535037426012,0.33411620305790485,0.0944587845436341,0.3054208744187282
stargan_conservative,USM_50483,15,0.07939018506240961,0.2182117726013915,0.049805645580986296,0.1461106771030134
stargan_conservative,USM_50492,15,0.1231074136202009,0.4213737795596527,0.11070572654003688,0.39280411893864053
stargan_conservative,USM_50503,15,0.07352012696413143,0.19819032527996341,0.04714868252527528,0.14214573022502486
stargan_conservative,USM_50506,15,0.05328179935640957,0.16658805315819203,0.03387459926014141,0.1460180119319135
stargan_conservative,USM_50514,15,0.043993633209590904,0.07854624199544911,0.02288312642142575,0.04778447524044932
stargan_conservative,USM_50518,15,0.064476038972869,0.1021243726028555,0.046018732412294754,0.07007493276060218
stargan_conservative,USM_50524,15,0.11468427233972,0.11508185553680012,0.09692514092991465,0.07935763300706745
stargan_conservative,USM_50531,15,0.11632330115942902,0.3603112077379538,0.10069964595594393,0.3159341813789206
stargan_conservative,Yale_50565,16,0.12316230259825887,0.4114324351631901,0.08706029941813044,0.28485382405940957
stargan_conservative,Yale_50601,16,0.10305466179624015,0.39210356070052593,0.042771746796344615,0.24070560669642682
stargan_conservative,Yale_50611,16,0.18821678130851247,0.9443017100016442,0.1596218542579072,0.8177463901122615
stargan_conservative,Yale_50615,16,0.1077335914998429,0.38667809735979264,0.07137975795627308,0.27986698275210636
stargan_conservative,Yale_50624,16,0.11177608205245666,0.39084890681635026,0.09553187798885687,0.3537309123571678
dlest_1500,CMU_50648,0,0.07940772559128269,0.14695252238130585,0.06703021265742086,0.16859198701417333
dlest_1500,CMU_50661,0,0.0919074755306931,0.19854679336710754,0.08392271898251166,0.205368352588141
dlest_1500,Caltech_51463,1,0.11421369529930868,0.22470630790196686,0.02290703958404008,0.1473212124251806
dlest_1500,Caltech_51470,1,0.11630555351306969,0.216668258532784,0.10942461013222778,0.20931792526609108
dlest_1500,Caltech_51476,1,0.122910073553857,0.23544254620570382,0.12267965770909227,0.25138419623440206
dlest_1500,Caltech_51484,1,0.0553992488606734,0.06284908776984223,0.05235532775541624,0.07760266703845199
dlest_1500,KKI_50786,2,0.16724428491923005,0.7206605301457563,0.12071795371961622,0.5234472435276905
dlest_1500,KKI_50800,2,0.12915290697946516,0.5101627425501422,0.09284820454921161,0.36500578162671665
dlest_1500,KKI_50810,2,0.1577901079289211,0.6694823596587183,0.12147552813198043,0.5092365716161588
dlest_1500,KKI_50814,2,0.1191150032731947,0.4643080292490784,0.07142709938399223,0.26063851770611884
dlest_1500,KKI_50823,2,0.16524766679731506,0.7195642476086045,0.1221495643886263,0.46564824333364724
dlest_1500,Leuven_50690,3,0.06399692508250379,0.20794528463275397,0.06468295314466517,0.20853212583117398
dlest_1500,Leuven_50697,3,0.09062926265226275,0.28035613817320254,0.05409161402842795,0.21115152463699485
dlest_1500,Leuven_50703,3,0.08715675103193611,0.27688891627162965,0.05156190855458,0.2434697991284674
dlest_1500,Leuven_50711,3,0.052789235068149976,0.2170144566021331,0.06817338641735686,0.2697857744958888
dlest_1500,Leuven_50732,3,0.04924546303602132,0.1572876155765248,0.07575086245422942,0.17459656663807332
dlest_1500,Leuven_50736,3,0.060741853100182354,0.18182967411247442,0.05704068982666002,0.1689845275008898
dlest_1500,Leuven_50745,3,0.05916116905268542,0.27062750500361804,0.08690726304295346,0.27923336275230165
dlest_1500,MaxMun_51332,4,0.16331540816805065,0.5421874880693327,0.14757721718959393,0.42546268803984216
dlest_1500,MaxMun_51347,4,0.02177617699687057,0.045683336989299834,0.01835855064540676,0.05945073211886478
dlest_1500,MaxMun_51357,4,0.04507710355068467,0.07320003793688085,0.033846640014410276,0.05849053787347002
dlest_1500,MaxMun_51361,4,0.04809266153155444,0.08274122801174867,0.03880843291907972,0.11855834387881649
dlest_1500,MaxMun_51370,4,0.0686199176987778,0.13611082839254537,0.04730934494852825,0.11363561129056249
dlest_1500,OHSU_50148,6,0.02429566718629471,0.0411759562674108,0.029675286113325736,0.10594928768746213
dlest_1500,OHSU_50158,6,0.07653758713614162,0.07881981921723678,0.04912832734290769,0.16273646734461958
dlest_1500,OHSU_50163,6,0.02086947313742022,0.03182721634815594,0.023568543788702455,0.07066569120379038
dlest_1500,Olin_50109,7,0.06583548465421712,0.13975279867651602,0.05755416934949472,0.11745790184712997
dlest_1500,Olin_50116,7,0.025853637064243748,0.04303268517396124,0.014231411638796918,0.03674999183729467
dlest_1500,Olin_50130,7,0.021918877899279425,0.04217078446691848,0.011824651726606124,0.0389008033945405
dlest_1500,Pitt_50016,8,0.10081624291281618,0.10310337460840704,0.07486232823192723,0.30176267678118734
dlest_1500,Pitt_50032,8,0.05176313897037841,0.07150073221513759,0.05124674965267094,0.15431296667580718
dlest_1500,Pitt_50042,8,0.06264505979041453,0.11509033058820103,0.05701447574862811,0.17166197799722405
dlest_1500,Pitt_50046,8,0.05168289529244386,0.0633925858693924,0.05028644309454307,0.1439458333790747
dlest_1500,Pitt_50055,8,0.05951834957079647,0.1336408612514534,0.05282627246743535,0.19939412202211615
dlest_1500,SBL_51562,9,0.06631105605075742,0.17889724657073594,0.11055580066756499,0.22752663534394071
dlest_1500,SBL_51570,9,0.07044939464588415,0.17795484085807936,0.11214857831365299,0.22749944693430885
dlest_1500,SBL_51575,9,0.058385604661490786,0.17656108950392244,0.10168853195333463,0.2490421449302972
dlest_1500,SDSU_50189,10,0.11968992261920423,0.3618380213253573,0.09818200365554654,0.2640385253575111
dlest_1500,SDSU_50196,10,0.12775216371113468,0.37715643018031736,0.09623120402672591,0.26752816396511947
dlest_1500,SDSU_50210,10,0.050624950583893526,0.10901117442075572,0.045551642523843756,0.13187715546465276
dlest_1500,Stanford_51167,11,0.07382275827197413,0.2183525064200917,0.0541202725090151,0.2244934685323114
dlest_1500,Stanford_51174,11,0.16552849943607875,0.39688921227212903,0.13306239378989476,0.33430589043910336
dlest_1500,Stanford_51188,11,0.0831800378204292,0.16167581226974442,0.050685440263709414,0.10584905118702277
dlest_1500,Stanford_51198,11,0.15259047237291995,0.47462302929166456,0.12834909678115483,0.3906952206342528
dlest_1500,Trinity_50239,12,0.05783001933009287,0.16696748571581166,0.0603784946847834,0.15072036518571535
dlest_1500,Trinity_50246,12,0.10326930691603116,0.15556527657231192,0.0886180870428741,0.18976173242672706
dlest_1500,Trinity_50262,12,0.13055778477603097,0.16827881489988739,0.11523365219786244,0.2415505306544984
dlest_1500,Trinity_51132,12,0.09214904315969195,0.15576274148682273,0.08826644756743685,0.20049377702796864
dlest_1500,Trinity_51136,12,0.05752131521990882,0.14871627951639366,0.07161162545568041,0.20995772282177347
dlest_1500,UCLA_51215,13,0.1429483688195516,0.36933165090162107,0.119060573872086,0.2600686293485064
dlest_1500,UCLA_51221,13,0.1279075498138971,0.28699284991823154,0.09437680736231303,0.1688680191107241
dlest_1500,UCLA_51252,13,0.163003051885536,0.2678289975671629,0.11802427066745827,0.2566766463537303
dlest_1500,UCLA_51261,13,0.17045816197635558,0.48614319114580284,0.11411517070443196,0.25779060521287084
dlest_1500,UCLA_51272,13,0.14609727244988885,0.3564831307717391,0.08032267509097167,0.23743935186745982
dlest_1500,UCLA_51275,13,0.11735621570389372,0.18345145496708648,0.08502027723779598,0.18775296650317888
dlest_1500,UCLA_51291,13,0.04314586923362435,0.12764423217314017,0.02352487750811328,0.12695911051966893
dlest_1500,UCLA_51295,13,0.19655756006674566,0.3785690080926861,0.156838314219632,0.35514555318787716
dlest_1500,UCLA_51301,13,0.15620390038968446,0.255920770157411,0.13041504884743432,0.23260979646073005
dlest_1500,UCLA_51308,13,0.16973034148117475,0.3718692307799829,0.1477729344708067,0.2743744160815591
dlest_1500,UCLA_51311,13,0.13474588819977965,0.2133517433440402,0.10551907567541588,0.13400270817589208
dlest_1500,UM_50286,14,0.13077278689755345,0.5245445398928957,0.10441378657272445,0.4778209372445539
dlest_1500,UM_50292,14,0.1323704736661856,0.5452219788468144,0.11082543752237352,0.3006857564802338
dlest_1500,UM_50324,14,0.14168290014254825,0.6054165893471178,0.10908364313933996,0.4895403553646825
dlest_1500,UM_50343,14,0.15290704730933513,0.653249190372755,0.09013191139744564,0.3182959209920255
dlest_1500,UM_50346,14,0.14212488383137964,0.5648216235804451,0.10311918026242219,0.4171033897932849
dlest_1500,UM_50359,14,0.14619095435311152,0.5657065047268292,0.11086395472858282,0.37921422969657037
dlest_1500,UM_50364,14,0.15294149458555917,0.6824336106227643,0.11793514817431633,0.49447353689768825
dlest_1500,UM_50371,14,0.13214767274787298,0.4652785424382156,0.11063530446474193,0.35094121404675094
dlest_1500,UM_50374,14,0.12776065249172736,0.4672543591689118,0.12214171188973627,0.33758301431198706
dlest_1500,UM_50375,14,0.15927384617733306,0.7260813282738063,0.10435953230410284,0.410161187198221
dlest_1500,UM_50378,14,0.13695753188569668,0.42652366909594347,0.14416368037857027,0.310205306824617
dlest_1500,UM_50390,14,0.09340055513842906,0.27484372303570265,0.06037524961540027,0.20347003523650037
dlest_1500,UM_50403,14,0.13324412420504878,0.4900879793356469,0.11335390342006468,0.27887618026592725
dlest_1500,UM_50413,14,0.15597402465675983,0.6789791957585838,0.12101304546996762,0.4777961901664419
dlest_1500,UM_50428,14,0.1531964006230971,0.6560918968226759,0.10756055727481387,0.3960936355015359
dlest_1500,USM_50446,15,0.09480877918386253,0.29653273539518854,0.06822236396136662,0.2064189272654691
dlest_1500,USM_50452,15,0.10415535037426012,0.33411620305790485,0.07756452907291839,0.2439989191037465
dlest_1500,USM_50483,15,0.07939018506240961,0.2182117726013915,0.055274777557948816,0.13834452841305156
dlest_1500,USM_50492,15,0.1231074136202009,0.4213737795596527,0.09753593195840154,0.3072165405182235
dlest_1500,USM_50503,15,0.07352012696413143,0.19819032527996341,0.04730333033370295,0.11239200969336971
dlest_1500,USM_50506,15,0.05328179935640957,0.16658805315819203,0.040092200770701886,0.14657659924816982
dlest_1500,USM_50514,15,0.043993633209590904,0.07854624199544911,0.02221740685191881,0.04377957520900245
dlest_1500,USM_50518,15,0.064476038972869,0.1021243726028555,0.03542752490133681,0.048405149685959215
dlest_1500,USM_50524,15,0.11468427233972,0.11508185553680012,0.09840782959772412,0.09060043243536212
dlest_1500,USM_50531,15,0.11632330115942902,0.3603112077379538,0.08641554737853258,0.2535764350168851
dlest_1500,Yale_50565,16,0.12316230259825887,0.4114324351631901,0.08970170020509459,0.2865955162853502
dlest_1500,Yale_50601,16,0.10305466179624015,0.39210356070052593,0.058148026804577986,0.25363392966567444
dlest_1500,Yale_50611,16,0.18821678130851247,0.9443017100016442,0.15281164194952213,0.7419021115162793
dlest_1500,Yale_50615,16,0.1077335914998429,0.38667809735979264,0.08623653061983051,0.3185632347386372
dlest_1500,Yale_50624,16,0.11177608205245666,0.39084890681635026,0.09010931508203464,0.32459066393830743
dlest_1000,CMU_50648,0,0.07940772559128269,0.14695252238130585,0.08533007037811699,0.2398048437938796
dlest_1000,CMU_50661,0,0.0919074755306931,0.19854679336710754,0.1009571681119369,0.29246014165499357
dlest_1000,Caltech_51463,1,0.11421369529930868,0.22470630790196686,0.03256000958858704,0.1520550187821299
dlest_1000,Caltech_51470,1,0.11630555351306969,0.216668258532784,0.0994027658204335,0.22227070163561546
dlest_1000,Caltech_51476,1,0.122910073553857,0.23544254620570382,0.10372243637227366,0.24630631314274973
dlest_1000,Caltech_51484,1,0.0553992488606734,0.06284908776984223,0.04578705136393016,0.09482641078984318
dlest_1000,KKI_50786,2,0.16724428491923005,0.7206605301457563,0.1293731798150198,0.5575544516728063
dlest_1000,KKI_50800,2,0.12915290697946516,0.5101627425501422,0.11181926836800413,0.45474183504660154
dlest_1000,KKI_50810,2,0.1577901079289211,0.6694823596587183,0.13301626069339276,0.557706400933773
dlest_1000,KKI_50814,2,0.1191150032731947,0.4643080292490784,0.08239982056344398,0.32276696959921714
dlest_1000,KKI_50823,2,0.16524766679731506,0.7195642476086045,0.13424506785676052,0.529522360693423
dlest_1000,Leuven_50690,3,0.06399692508250379,0.20794528463275397,0.06586919508092662,0.25528008648103895
dlest_1000,Leuven_50697,3,0.09062926265226275,0.28035613817320254,0.08013788736117589,0.2900421544956827
dlest_1000,Leuven_50703,3,0.08715675103193611,0.27688891627162965,0.07639151385478186,0.31324785057206644
dlest_1000,Leuven_50711,3,0.052789235068149976,0.2170144566021331,0.053662812519307684,0.29896746300878874
dlest_1000,Leuven_50732,3,0.04924546303602132,0.1572876155765248,0.04692387814537513,0.19157063489303264
dlest_1000,Leuven_50736,3,0.060741853100182354,0.18182967411247442,0.05092235524538801,0.205667488156842
dlest_1000,Leuven_50745,3,0.05916116905268542,0.27062750500361804,0.06223562188815891,0.30106232296144153
dlest_1000,MaxMun_51332,4,0.16331540816805065,0.5421874880693327,0.14872010180882048,0.5019769304191412
dlest_1000,MaxMun_51347,4,0.02177617699687057,0.045683336989299834,0.04158520057964432,0.12434024185126304
dlest_1000,MaxMun_51357,4,0.04507710355068467,0.07320003793688085,0.045712618530528215,0.1116667276672758
dlest_1000,MaxMun_51361,4,0.04809266153155444,0.08274122801174867,0.03351891739610202,0.1531529170549611
dlest_1000,MaxMun_51370,4,0.0686199176987778,0.13611082839254537,0.06755321774424572,0.1688642822296275
dlest_1000,OHSU_50148,6,0.02429566718629471,0.0411759562674108,0.0312766412642288,0.11185750312223816
dlest_1000,OHSU_50158,6,0.07653758713614162,0.07881981921723678,0.07088424242271062,0.2224722919237026
dlest_1000,OHSU_50163,6,0.02086947313742022,0.03182721634815594,0.030658829882107434,0.10359219367641263
dlest_1000,Olin_50109,7,0.06583548465421712,0.13975279867651602,0.08491662209596657,0.22312178748263645
dlest_1000,Olin_50116,7,0.025853637064243748,0.04303268517396124,0.04890803746409779,0.14235817057048386
dlest_1000,Olin_50130,7,0.021918877899279425,0.04217078446691848,0.031061704602192798,0.09372750112945971
dlest_1000,Pitt_50016,8,0.10081624291281618,0.10310337460840704,0.0952001583862196,0.37308243874819313
dlest_1000,Pitt_50032,8,0.05176313897037841,0.07150073221513759,0.04263876518647749,0.11833164676838194
dlest_1000,Pitt_50042,8,0.06264505979041453,0.11509033058820103,0.05120241185856282,0.15849959563465202
dlest_1000,Pitt_50046,8,0.05168289529244386,0.0633925858693924,0.049984776325751774,0.12360863381261214
dlest_1000,Pitt_50055,8,0.05951834957079647,0.1336408612514534,0.04173530308156737,0.1501844181803075
dlest_1000,SBL_51562,9,0.06631105605075742,0.17889724657073594,0.07990078935722365,0.251671333359434
dlest_1000,SBL_51570,9,0.07044939464588415,0.17795484085807936,0.08092343955702685,0.24723521153717365
dlest_1000,SBL_51575,9,0.058385604661490786,0.17656108950392244,0.07236817804757818,0.2612954842546853
dlest_1000,SDSU_50189,10,0.11968992261920423,0.3618380213253573,0.12087387266447872,0.3824719876122403
dlest_1000,SDSU_50196,10,0.12775216371113468,0.37715643018031736,0.11886011632510031,0.35615918527115037
dlest_1000,SDSU_50210,10,0.050624950583893526,0.10901117442075572,0.06994789794606543,0.1716237628861491
dlest_1000,Stanford_51167,11,0.07382275827197413,0.2183525064200917,0.08105396632833703,0.2875618261541136
dlest_1000,Stanford_51174,11,0.16552849943607875,0.39688921227212903,0.14645949566158312,0.4095768245010798
dlest_1000,Stanford_51188,11,0.0831800378204292,0.16167581226974442,0.08395682607013898,0.19648466671794804
dlest_1000,Stanford_51198,11,0.15259047237291995,0.47462302929166456,0.14048253761163598,0.44763073330751546
dlest_1000,Trinity_50239,12,0.05783001933009287,0.16696748571581166,0.05872905734147469,0.2037175664323035
dlest_1000,Trinity_50246,12,0.10326930691603116,0.15556527657231192,0.06929058939005818,0.20258275128219377
dlest_1000,Trinity_50262,12,0.13055778477603097,0.16827881489988739,0.08789166585236999,0.2206660285087909
dlest_1000,Trinity_51132,12,0.09214904315969195,0.15576274148682273,0.06930049082970535,0.20930390139142402
dlest_1000,Trinity_51136,12,0.05752131521990882,0.14871627951639366,0.04522996510158591,0.20782371123696936
dlest_1000,UCLA_51215,13,0.1429483688195516,0.36933165090162107,0.14031594224035165,0.3725488198912188
dlest_1000,UCLA_51221,13,0.1279075498138971,0.28699284991823154,0.11989386081622465,0.28136761328291915
dlest_1000,UCLA_51252,13,0.163003051885536,0.2678289975671629,0.13995194449018897,0.3820124721889294
dlest_1000,UCLA_51261,13,0.17045816197635558,0.48614319114580284,0.13420843842318586,0.3830608246028696
dlest_1000,UCLA_51272,13,0.14609727244988885,0.3564831307717391,0.11175350923469715,0.3241441081435466
dlest_1000,UCLA_51275,13,0.11735621570389372,0.18345145496708648,0.1113370152115096,0.29594415652192657
dlest_1000,UCLA_51291,13,0.04314586923362435,0.12764423217314017,0.05349971584191666,0.20343529063510507
dlest_1000,UCLA_51295,13,0.19655756006674566,0.3785690080926861,0.17016920460739748,0.47088665916081546
dlest_1000,UCLA_51301,13,0.15620390038968446,0.255920770157411,0.1509406786006345,0.3798066024760006
dlest_1000,UCLA_51308,13,0.16973034148117475,0.3718692307799829,0.16010771721069167,0.3439921695856189
dlest_1000,UCLA_51311,13,0.13474588819977965,0.2133517433440402,0.1263943422002163,0.312243900529782
dlest_1000,UM_50286,14,0.13077278689755345,0.5245445398928957,0.11681840840825368,0.5103717316890776
dlest_1000,UM_50292,14,0.1323704736661856,0.5452219788468144,0.10405357188020076,0.36311743383706035
dlest_1000,UM_50324,14,0.14168290014254825,0.6054165893471178,0.12238847590481236,0.5395029932459388
dlest_1000,UM_50343,14,0.15290704730933513,0.653249190372755,0.10551298826598203,0.37904849864315987
dlest_1000,UM_50346,14,0.14212488383137964,0.5648216235804451,0.11747852600638069,0.47996231647092064
dlest_1000,UM_50359,14,0.14619095435311152,0.5657065047268292,0.12579832200626678,0.4437806953081398
dlest_1000,UM_50364,14,0.15294149458555917,0.6824336106227643,0.13124634425490467,0.5511254979494893
dlest_1000,UM_50371,14,0.13214767274787298,0.4652785424382156,0.1228523606970546,0.4313270064967038
dlest_1000,UM_50374,14,0.12776065249172736,0.4672543591689118,0.12241459159843977,0.4157365593924812
dlest_1000,UM_50375,14,0.15927384617733306,0.7260813282738063,0.11807274035429931,0.4728448695467475
dlest_1000,UM_50378,14,0.13695753188569668,0.42652366909594347,0.13234997923348782,0.37372817395302294
dlest_1000,UM_50390,14,0.09340055513842906,0.27484372303570265,0.08079320895892947,0.24593398082313334
dlest_1000,UM_50403,14,0.13324412420504878,0.4900879793356469,0.10763380395527775,0.3248699942901153
dlest_1000,UM_50413,14,0.15597402465675983,0.6789791957585838,0.1411627718989873,0.5916375814556272
dlest_1000,UM_50428,14,0.1531964006230971,0.6560918968226759,0.12316218182178362,0.4688840127218888
dlest_1000,USM_50446,15,0.09480877918386253,0.29653273539518854,0.09356293749083898,0.29215242988456747
dlest_1000,USM_50452,15,0.10415535037426012,0.33411620305790485,0.10197986075422506,0.3369645720424837
dlest_1000,USM_50483,15,0.07939018506240961,0.2182117726013915,0.08463924674886869,0.23057607772646496
dlest_1000,USM_50492,15,0.1231074136202009,0.4213737795596527,0.12291930759595285,0.42654743492099356
dlest_1000,USM_50503,15,0.07352012696413143,0.19819032527996341,0.08071279972776636,0.21130692683690558
dlest_1000,USM_50506,15,0.05328179935640957,0.16658805315819203,0.06524558750587307,0.20062494282322393
dlest_1000,USM_50514,15,0.043993633209590904,0.07854624199544911,0.05438391200829125,0.11628092883906381
dlest_1000,USM_50518,15,0.064476038972869,0.1021243726028555,0.07411271818185867,0.13691769373856574
dlest_1000,USM_50524,15,0.11468427233972,0.11508185553680012,0.12820548524121067,0.207174246028948
dlest_1000,USM_50531,15,0.11632330115942902,0.3603112077379538,0.1150295852537761,0.3697187326031537
dlest_1000,Yale_50565,16,0.12316230259825887,0.4114324351631901,0.10689574425242224,0.34894560971941485
dlest_1000,Yale_50601,16,0.10305466179624015,0.39210356070052593,0.08034269428396898,0.31596476751762403
dlest_1000,Yale_50611,16,0.18821678130851247,0.9443017100016442,0.169829643123994,0.8315095795926232
dlest_1000,Yale_50615,16,0.1077335914998429,0.38667809735979264,0.10872883366570377,0.38718554883409173
dlest_1000,Yale_50624,16,0.11177608205245666,0.39084890681635026,0.1164856167591056,0.41831757950125126
diffusion_20k,CMU_50648,0,0.07940772559128269,0.14695252238130585,0.06842199595643851,0.661825040595981
diffusion_20k,CMU_50661,0,0.0919074755306931,0.19854679336710754,0.08221035349939709,0.5209960497396152
diffusion_20k,Caltech_51463,1,0.11421369529930868,0.22470630790196686,0.12043883645676431,0.8217482860779094
diffusion_20k,Caltech_51470,1,0.11630555351306969,0.216668258532784,0.1122592653647616,0.23587609119897204
diffusion_20k,Caltech_51476,1,0.122910073553857,0.23544254620570382,0.11786255691240534,0.24762881553748056
diffusion_20k,Caltech_51484,1,0.0553992488606734,0.06284908776984223,0.045913896901615674,0.31434176369177075
diffusion_20k,KKI_50786,2,0.16724428491923005,0.7206605301457563,0.1649089642903426,0.7647239140502705
diffusion_20k,KKI_50800,2,0.12915290697946516,0.5101627425501422,0.1296856648796968,0.5740801490458153
diffusion_20k,KKI_50810,2,0.1577901079289211,0.6694823596587183,0.15585680896245768,0.7029362823541474
diffusion_20k,KKI_50814,2,0.1191150032731947,0.4643080292490784,0.11897174713436628,0.5544885425980346
diffusion_20k,KKI_50823,2,0.16524766679731506,0.7195642476086045,0.1638801223346507,0.7980159894266785
diffusion_20k,Leuven_50690,3,0.06399692508250379,0.20794528463275397,0.07370832748690027,0.27718150323861196
diffusion_20k,Leuven_50697,3,0.09062926265226275,0.28035613817320254,0.09503770689913954,0.3773073174956925
diffusion_20k,Leuven_50703,3,0.08715675103193611,0.27688891627162965,0.09970626351240804,0.3938955509561129
diffusion_20k,Leuven_50711,3,0.052789235068149976,0.2170144566021331,0.05316498981295971,0.2419410165098627
diffusion_20k,Leuven_50732,3,0.04924546303602132,0.1572876155765248,0.05472510675584525,0.36116316527014675
diffusion_20k,Leuven_50736,3,0.060741853100182354,0.18182967411247442,0.06637995890652479,0.3533215470477206
diffusion_20k,Leuven_50745,3,0.05916116905268542,0.27062750500361804,0.061101327566971994,0.26748963391738867
diffusion_20k,MaxMun_51332,4,0.16331540816805065,0.5421874880693327,0.14493553760601158,0.4127136545992395
diffusion_20k,MaxMun_51347,4,0.02177617699687057,0.045683336989299834,0.019700444780715705,0.32879292669870075
diffusion_20k,MaxMun_51357,4,0.04507710355068467,0.07320003793688085,0.036857456524215564,0.3743287639134185
diffusion_20k,MaxMun_51361,4,0.04809266153155444,0.08274122801174867,0.044635947086934864,0.17458357262532556
diffusion_20k,MaxMun_51370,4,0.0686199176987778,0.13611082839254537,0.0662396009017436,0.5443329902360073
diffusion_20k,OHSU_50148,6,0.02429566718629471,0.0411759562674108,0.020518652120137836,0.807497178293535
diffusion_20k,OHSU_50158,6,0.07653758713614162,0.07881981921723678,0.07578449820456362,0.8367162589648656
diffusion_20k,OHSU_50163,6,0.02086947313742022,0.03182721634815594,0.0241281980592867,0.8986343558572066
diffusion_20k,Olin_50109,7,0.06583548465421712,0.13975279867651602,0.061046956760673315,0.5030598444604186
diffusion_20k,Olin_50116,7,0.025853637064243748,0.04303268517396124,0.027576271526729108,1.1949290298714663
diffusion_20k,Olin_50130,7,0.021918877899279425,0.04217078446691848,0.024884892560059425,1.0537170460173801
diffusion_20k,Pitt_50016,8,0.10081624291281618,0.10310337460840704,0.1027489567802673,3.1432453763553183
diffusion_20k,Pitt_50032,8,0.05176313897037841,0.07150073221513759,0.048704494328457165,1.9272309982885496
diffusion_20k,Pitt_50042,8,0.06264505979041453,0.11509033058820103,0.05639325362752868,2.4652349867365184
diffusion_20k,Pitt_50046,8,0.05168289529244386,0.0633925858693924,0.05484882572318218,2.0573539765950395
diffusion_20k,Pitt_50055,8,0.05951834957079647,0.1336408612514534,0.054554507061913504,2.455420238604238
diffusion_20k,SBL_51562,9,0.06631105605075742,0.17889724657073594,0.06391164046009375,0.24286466735145573
diffusion_20k,SBL_51570,9,0.07044939464588415,0.17795484085807936,0.07332704177561691,0.2991357004728956
diffusion_20k,SBL_51575,9,0.058385604661490786,0.17656108950392244,0.06794039659984764,0.2530813059833578
diffusion_20k,SDSU_50189,10,0.11968992261920423,0.3618380213253573,0.12544194122315888,0.7490640982992438
diffusion_20k,SDSU_50196,10,0.12775216371113468,0.37715643018031736,0.13153648565169868,0.7974747756345884
diffusion_20k,SDSU_50210,10,0.050624950583893526,0.10901117442075572,0.06315729795858649,0.515159460890828
diffusion_20k,Stanford_51167,11,0.07382275827197413,0.2183525064200917,0.07091862758558583,0.658216003471727
diffusion_20k,Stanford_51174,11,0.16552849943607875,0.39688921227212903,0.1630613716352528,1.2000867198532206
diffusion_20k,Stanford_51188,11,0.0831800378204292,0.16167581226974442,0.08856801949497434,0.7155175288677245
diffusion_20k,Stanford_51198,11,0.15259047237291995,0.47462302929166456,0.15446183815787357,1.0454455009659924
diffusion_20k,Trinity_50239,12,0.05783001933009287,0.16696748571581166,0.05920682023360643,0.30837250842551506
diffusion_20k,Trinity_50246,12,0.10326930691603116,0.15556527657231192,0.09721162720573742,0.20309611085187024
diffusion_20k,Trinity_50262,12,0.13055778477603097,0.16827881489988739,0.125328982524807,0.20092231705754587
diffusion_20k,Trinity_51132,12,0.09214904315969195,0.15576274148682273,0.08839131441805226,0.19218124275450438
diffusion_20k,Trinity_51136,12,0.05752131521990882,0.14871627951639366,0.048573549615943123,0.26993554348092597
diffusion_20k,UCLA_51215,13,0.1429483688195516,0.36933165090162107,0.1401815622623901,1.5959460595578918
diffusion_20k,UCLA_51221,13,0.1279075498138971,0.28699284991823154,0.1269735827830513,1.3765087770863584
diffusion_20k,UCLA_51252,13,0.163003051885536,0.2678289975671629,0.16700022204595966,1.6146307188122677
diffusion_20k,UCLA_51261,13,0.17045816197635558,0.48614319114580284,0.17179520191576433,1.5422642953790247
diffusion_20k,UCLA_51272,13,0.14609727244988885,0.3564831307717391,0.1427484235953031,0.8900464462251798
diffusion_20k,UCLA_51275,13,0.11735621570389372,0.18345145496708648,0.11512701328981985,0.6696223918387529
diffusion_20k,UCLA_51291,13,0.04314586923362435,0.12764423217314017,0.044726861969470705,0.8930132610112671
diffusion_20k,UCLA_51295,13,0.19655756006674566,0.3785690080926861,0.19710579919784424,2.3167565210313983
diffusion_20k,UCLA_51301,13,0.15620390038968446,0.255920770157411,0.15742336128709136,1.343411025591635
diffusion_20k,UCLA_51308,13,0.16973034148117475,0.3718692307799829,0.17355655597197814,3.171705078519344
diffusion_20k,UCLA_51311,13,0.13474588819977965,0.2133517433440402,0.13323051136361336,2.435124740337448
diffusion_20k,UM_50286,14,0.13077278689755345,0.5245445398928957,0.1453059906849545,0.659573248405571
diffusion_20k,UM_50292,14,0.1323704736661856,0.5452219788468144,0.12602366020530545,0.5727683810426221
diffusion_20k,UM_50324,14,0.14168290014254825,0.6054165893471178,0.14237317767562752,0.6370766764820205
diffusion_20k,UM_50343,14,0.15290704730933513,0.653249190372755,0.15225424534344728,0.6873684067899892
diffusion_20k,UM_50346,14,0.14212488383137964,0.5648216235804451,0.1428108116649205,0.6151990281413859
diffusion_20k,UM_50359,14,0.14619095435311152,0.5657065047268292,0.13866960652267188,0.5686534387406504
diffusion_20k,UM_50364,14,0.15294149458555917,0.6824336106227643,0.14565863370532006,0.645932378802087
diffusion_20k,UM_50371,14,0.13214767274787298,0.4652785424382156,0.11519557973864976,0.48408606717711467
diffusion_20k,UM_50374,14,0.12776065249172736,0.4672543591689118,0.11334469084545323,0.430101469479119
diffusion_20k,UM_50375,14,0.15927384617733306,0.7260813282738063,0.15800855688736987,0.7218790418071871
diffusion_20k,UM_50378,14,0.13695753188569668,0.42652366909594347,0.12759946196666327,0.40682457978444814
diffusion_20k,UM_50390,14,0.09340055513842906,0.27484372303570265,0.09976837037440177,0.4574986729171038
diffusion_20k,UM_50403,14,0.13324412420504878,0.4900879793356469,0.13336016389193833,0.6336825719643779
diffusion_20k,UM_50413,14,0.15597402465675983,0.6789791957585838,0.14676277185998998,0.689403542921505
diffusion_20k,UM_50428,14,0.1531964006230971,0.6560918968226759,0.14239551200043288,0.5916380035071027
diffusion_20k,USM_50446,15,0.09480877918386253,0.29653273539518854,0.09268367150231846,0.9528985018007595
diffusion_20k,USM_50452,15,0.10415535037426012,0.33411620305790485,0.10528364088992877,0.702928637846327
diffusion_20k,USM_50483,15,0.07939018506240961,0.2182117726013915,0.08455300691835023,0.8995671124485124
diffusion_20k,USM_50492,15,0.1231074136202009,0.4213737795596527,0.12198837871159213,0.7581809860790802
diffusion_20k,USM_50503,15,0.07352012696413143,0.19819032527996341,0.07543180344126041,0.9655205423764827
diffusion_20k,USM_50506,15,0.05328179935640957,0.16658805315819203,0.05184364515401408,1.399650522693593
diffusion_20k,USM_50514,15,0.043993633209590904,0.07854624199544911,0.04577169593300885,1.4538025520198652
diffusion_20k,USM_50518,15,0.064476038972869,0.1021243726028555,0.06802546090995186,1.1777210841588959
diffusion_20k,USM_50524,15,0.11468427233972,0.11508185553680012,0.11127417827224627,1.355744313420629
diffusion_20k,USM_50531,15,0.11632330115942902,0.3603112077379538,0.11500596447116052,0.6871318794569669
diffusion_20k,Yale_50565,16,0.12316230259825887,0.4114324351631901,0.1195804611173234,0.5515912254623259
diffusion_20k,Yale_50601,16,0.10305466179624015,0.39210356070052593,0.0892874509111294,0.3541787337308067
diffusion_20k,Yale_50611,16,0.18821678130851247,0.9443017100016442,0.1830608008469736,0.9511891992618908
diffusion_20k,Yale_50615,16,0.1077335914998429,0.38667809735979264,0.10239289065666773,0.454260404045054
diffusion_20k,Yale_50624,16,0.11177608205245666,0.39084890681635026,0.108532096182033,0.4341506209994974
adapted_hcld,CMU_50648,0,0.07940772559128269,0.14695252238130585,0.251266950521708,6.043001905966463
adapted_hcld,CMU_50661,0,0.0919074755306931,0.19854679336710754,0.19319485104159742,1.6969586973001458
adapted_hcld,Caltech_51463,1,0.11421369529930868,0.22470630790196686,0.24895707166439468,7.015636890382143
adapted_hcld,Caltech_51470,1,0.11630555351306969,0.216668258532784,0.15775769346681717,1.4585476008365104
adapted_hcld,Caltech_51476,1,0.122910073553857,0.23544254620570382,0.14184732372849637,1.1880562973670472
adapted_hcld,Caltech_51484,1,0.0553992488606734,0.06284908776984223,0.18106967619253686,3.8739744055630387
adapted_hcld,KKI_50786,2,0.16724428491923005,0.7206605301457563,0.21033370421333236,3.413135392433757
adapted_hcld,KKI_50800,2,0.12915290697946516,0.5101627425501422,0.2611207168207795,5.095264013515786
adapted_hcld,KKI_50810,2,0.1577901079289211,0.6694823596587183,0.24418658958272338,4.6374951985405986
adapted_hcld,KKI_50814,2,0.1191150032731947,0.4643080292490784,0.25582046484779064,5.111569760112182
adapted_hcld,KKI_50823,2,0.16524766679731506,0.7195642476086045,0.21475002895682932,1.2466471768296143
adapted_hcld,Leuven_50690,3,0.06399692508250379,0.20794528463275397,0.1957787840567741,2.2469956688989265
adapted_hcld,Leuven_50697,3,0.09062926265226275,0.28035613817320254,0.26503983507162665,6.094929809985377
adapted_hcld,Leuven_50703,3,0.08715675103193611,0.27688891627162965,0.2651471894734371,6.2911935813063256
adapted_hcld,Leuven_50711,3,0.052789235068149976,0.2170144566021331,0.1844263381596091,1.3446746655445356
adapted_hcld,Leuven_50732,3,0.04924546303602132,0.1572876155765248,0.2130304656323425,2.5104200675815296
adapted_hcld,Leuven_50736,3,0.060741853100182354,0.18182967411247442,0.23327529599754887,5.151739992108102
adapted_hcld,Leuven_50745,3,0.05916116905268542,0.27062750500361804,0.1640428486178915,0.8300065010403148
adapted_hcld,MaxMun_51332,4,0.16331540816805065,0.5421874880693327,0.1718391331818217,2.823683473678674
adapted_hcld,MaxMun_51347,4,0.02177617699687057,0.045683336989299834,0.24706326346203283,4.863716474911948
adapted_hcld,MaxMun_51357,4,0.04507710355068467,0.07320003793688085,0.18038130129204402,2.981369085455142
adapted_hcld,MaxMun_51361,4,0.04809266153155444,0.08274122801174867,0.10126742474591507,1.220084053499813
adapted_hcld,MaxMun_51370,4,0.0686199176987778,0.13611082839254537,0.26122381696449115,5.811751576500916
adapted_hcld,OHSU_50148,6,0.02429566718629471,0.0411759562674108,0.13632626817174337,3.2372698505767015
adapted_hcld,OHSU_50158,6,0.07653758713614162,0.07881981921723678,0.15718458402054442,1.8448592071579923
adapted_hcld,OHSU_50163,6,0.02086947313742022,0.03182721634815594,0.16970856415411353,4.382829446064832
adapted_hcld,Olin_50109,7,0.06583548465421712,0.13975279867651602,0.21829796334238258,5.6593242826523555
adapted_hcld,Olin_50116,7,0.025853637064243748,0.04303268517396124,0.12697090391443205,2.677827028030084
adapted_hcld,Olin_50130,7,0.021918877899279425,0.04217078446691848,0.22782032904289465,5.1984575911948925
adapted_hcld,Pitt_50016,8,0.10081624291281618,0.10310337460840704,0.2134006498803101,6.293957672194142
adapted_hcld,Pitt_50032,8,0.05176313897037841,0.07150073221513759,0.1679414735329698,4.496883084540878
adapted_hcld,Pitt_50042,8,0.06264505979041453,0.11509033058820103,0.15130241780695305,4.795695857434184
adapted_hcld,Pitt_50046,8,0.05168289529244386,0.0633925858693924,0.15325406498139993,4.252175858508155
adapted_hcld,Pitt_50055,8,0.05951834957079647,0.1336408612514534,0.15427392035378026,4.694094991101323
adapted_hcld,SBL_51562,9,0.06631105605075742,0.17889724657073594,0.14600233148828004,0.7108492103598865
adapted_hcld,SBL_51570,9,0.07044939464588415,0.17795484085807936,0.15060926916326192,0.7352415907653884
adapted_hcld,SBL_51575,9,0.058385604661490786,0.17656108950392244,0.15695136433810192,0.8200643594235948
adapted_hcld,SDSU_50189,10,0.11968992261920423,0.3618380213253573,0.24003893932373177,4.806151816303693
adapted_hcld,SDSU_50196,10,0.12775216371113468,0.37715643018031736,0.2501480261713761,3.065693455577231
adapted_hcld,SDSU_50210,10,0.050624950583893526,0.10901117442075572,0.1848365716734347,2.7397330782109277
adapted_hcld,Stanford_51167,11,0.07382275827197413,0.2183525064200917,0.292698679167688,5.813649775924469
adapted_hcld,Stanford_51174,11,0.16552849943607875,0.39688921227212903,0.2925321109325387,4.328013128190121
adapted_hcld,Stanford_51188,11,0.0831800378204292,0.16167581226974442,0.2605800218197082,5.064084206819537
adapted_hcld,Stanford_51198,11,0.15259047237291995,0.47462302929166456,0.2969564459732962,6.329649953222933
adapted_hcld,Trinity_50239,12,0.05783001933009287,0.16696748571581166,0.1576658827260315,0.9283192073794411
adapted_hcld,Trinity_50246,12,0.10326930691603116,0.15556527657231192,0.1269334767286482,0.7890258311923516
adapted_hcld,Trinity_50262,12,0.13055778477603097,0.16827881489988739,0.11093269818256588,0.7641589578286234
adapted_hcld,Trinity_51132,12,0.09214904315969195,0.15576274148682273,0.1540601032461791,1.307162504619032
adapted_hcld,Trinity_51136,12,0.05752131521990882,0.14871627951639366,0.139269768619253,0.923975650200357
adapted_hcld,UCLA_51215,13,0.1429483688195516,0.36933165090162107,0.25555829426039495,3.9698746812761136
adapted_hcld,UCLA_51221,13,0.1279075498138971,0.28699284991823154,0.26738326993207595,4.958753699260455
adapted_hcld,UCLA_51252,13,0.163003051885536,0.2678289975671629,0.213523113839383,1.4997126662792648
adapted_hcld,UCLA_51261,13,0.17045816197635558,0.48614319114580284,0.2782044386495796,5.484139100558801
adapted_hcld,UCLA_51272,13,0.14609727244988885,0.3564831307717391,0.258335767138174,4.642657205658102
adapted_hcld,UCLA_51275,13,0.11735621570389372,0.18345145496708648,0.18499176497799522,1.1760965549343723
adapted_hcld,UCLA_51291,13,0.04314586923362435,0.12764423217314017,0.21777924480449687,1.8852571298382417
adapted_hcld,UCLA_51295,13,0.19655756006674566,0.3785690080926861,0.3109650403689046,6.208764712504197
adapted_hcld,UCLA_51301,13,0.15620390038968446,0.255920770157411,0.21399865780089236,1.2665023021517166
adapted_hcld,UCLA_51308,13,0.16973034148117475,0.3718692307799829,0.2944133679663353,4.790242464484432
adapted_hcld,UCLA_51311,13,0.13474588819977965,0.2133517433440402,0.24043174460604166,4.0879132907350995
adapted_hcld,UM_50286,14,0.13077278689755345,0.5245445398928957,0.1969418461539073,1.1836052587322328
adapted_hcld,UM_50292,14,0.1323704736661856,0.5452219788468144,0.1915814436441156,2.3232273721586343
adapted_hcld,UM_50324,14,0.14168290014254825,0.6054165893471178,0.21654771174712684,2.56157206160085
adapted_hcld,UM_50343,14,0.15290704730933513,0.653249190372755,0.19386193568265359,2.7327677263408794
adapted_hcld,UM_50346,14,0.14212488383137964,0.5648216235804451,0.22498555645227133,1.5563911685635068
adapted_hcld,UM_50359,14,0.14619095435311152,0.5657065047268292,0.20393775305564874,1.380185471844154
adapted_hcld,UM_50364,14,0.15294149458555917,0.6824336106227643,0.20249142341989118,3.1617538567589603
adapted_hcld,UM_50371,14,0.13214767274787298,0.4652785424382156,0.20387225346671026,1.3620960523503975
adapted_hcld,UM_50374,14,0.12776065249172736,0.4672543591689118,0.19513997849472242,1.1865780374820225
adapted_hcld,UM_50375,14,0.15927384617733306,0.7260813282738063,0.195900010402942,2.005855663919144
adapted_hcld,UM_50378,14,0.13695753188569668,0.42652366909594347,0.16167582120428323,1.7316926113207556
adapted_hcld,UM_50390,14,0.09340055513842906,0.27484372303570265,0.18913374833051314,1.4563121830030954
adapted_hcld,UM_50403,14,0.13324412420504878,0.4900879793356469,0.23254733758848373,5.431194758712918
adapted_hcld,UM_50413,14,0.15597402465675983,0.6789791957585838,0.25190703425144,6.064372833720378
adapted_hcld,UM_50428,14,0.1531964006230971,0.6560918968226759,0.21735039001493534,1.5447444335582743
adapted_hcld,USM_50446,15,0.09480877918386253,0.29653273539518854,0.24806036592043657,5.013843527147524
adapted_hcld,USM_50452,15,0.10415535037426012,0.33411620305790485,0.21343765406874782,1.8190417432695367
adapted_hcld,USM_50483,15,0.07939018506240961,0.2182117726013915,0.23512619341838104,2.467730795089355
adapted_hcld,USM_50492,15,0.1231074136202009,0.4213737795596527,0.27138886657616307,5.302374489107661
adapted_hcld,USM_50503,15,0.07352012696413143,0.19819032527996341,0.2323137906271387,3.6176903573087706
adapted_hcld,USM_50506,15,0.05328179935640957,0.16658805315819203,0.257499820182975,2.92023601052459
adapted_hcld,USM_50514,15,0.043993633209590904,0.07854624199544911,0.233929263935039,5.696838879073782
adapted_hcld,USM_50518,15,0.064476038972869,0.1021243726028555,0.23722860249423544,4.615668687018062
adapted_hcld,USM_50524,15,0.11468427233972,0.11508185553680012,0.27180649800778234,5.246485267308765
adapted_hcld,USM_50531,15,0.11632330115942902,0.3603112077379538,0.21167825167065246,1.1051526328164998
adapted_hcld,Yale_50565,16,0.12316230259825887,0.4114324351631901,0.21876497142945125,4.530140684204532
adapted_hcld,Yale_50601,16,0.10305466179624015,0.39210356070052593,0.2362927669618649,4.303983927853127
adapted_hcld,Yale_50611,16,0.18821678130851247,0.9443017100016442,0.21660171357520935,1.4132846355861988
adapted_hcld,Yale_50615,16,0.1077335914998429,0.38667809735979264,0.18926043906545112,3.7600193877736228
adapted_hcld,Yale_50624,16,0.11177608205245666,0.39084890681635026,0.2320330166358741,4.37705283802324
diffusion_20k_redraw,CMU_50648,0,0.07940772559128269,0.14695252238130585,0.06842217239067719,0.6612330629520733
diffusion_20k_redraw,CMU_50661,0,0.0919074755306931,0.19854679336710754,0.08424188927182932,0.58960847086535
diffusion_20k_redraw,Caltech_51463,1,0.11421369529930868,0.22470630790196686,0.11301280029549422,0.6473822367593881
diffusion_20k_redraw,Caltech_51470,1,0.11630555351306969,0.216668258532784,0.10527650051374061,0.29521185822972396
diffusion_20k_redraw,Caltech_51476,1,0.122910073553857,0.23544254620570382,0.11054868342917194,0.23748831664446277
diffusion_20k_redraw,Caltech_51484,1,0.0553992488606734,0.06284908776984223,0.045000044910966,0.4145237821875593
diffusion_20k_redraw,KKI_50786,2,0.16724428491923005,0.7206605301457563,0.16513080217759044,0.7672394987228724
diffusion_20k_redraw,KKI_50800,2,0.12915290697946516,0.5101627425501422,0.12880163737067757,0.570296077981493
diffusion_20k_redraw,KKI_50810,2,0.1577901079289211,0.6694823596587183,0.15703898564604998,0.7182026417285104
diffusion_20k_redraw,KKI_50814,2,0.1191150032731947,0.4643080292490784,0.12019803761712237,0.5325713131536566
diffusion_20k_redraw,KKI_50823,2,0.16524766679731506,0.7195642476086045,0.16045279265173923,0.8264702730821873
diffusion_20k_redraw,Leuven_50690,3,0.06399692508250379,0.20794528463275397,0.07153842754324953,0.26708699542933634
diffusion_20k_redraw,Leuven_50697,3,0.09062926265226275,0.28035613817320254,0.0930484981024574,0.3737816670715935
diffusion_20k_redraw,Leuven_50703,3,0.08715675103193611,0.27688891627162965,0.09247910475972287,0.3677427259585087
diffusion_20k_redraw,Leuven_50711,3,0.052789235068149976,0.2170144566021331,0.05464976117559491,0.25997394968703613
diffusion_20k_redraw,Leuven_50732,3,0.04924546303602132,0.1572876155765248,0.05041273208158226,0.4298461229472635
diffusion_20k_redraw,Leuven_50736,3,0.060741853100182354,0.18182967411247442,0.06655837679782597,0.3648779879372964
diffusion_20k_redraw,Leuven_50745,3,0.05916116905268542,0.27062750500361804,0.06495413458539098,0.3099248081738264
diffusion_20k_redraw,MaxMun_51332,4,0.16331540816805065,0.5421874880693327,0.13826110193207636,0.4039497484321478
diffusion_20k_redraw,MaxMun_51347,4,0.02177617699687057,0.045683336989299834,0.02533709728762673,0.46231376206947716
diffusion_20k_redraw,MaxMun_51357,4,0.04507710355068467,0.07320003793688085,0.03687581178837314,0.31248031227692435
diffusion_20k_redraw,MaxMun_51361,4,0.04809266153155444,0.08274122801174867,0.034351873471088555,0.5505374486394907
diffusion_20k_redraw,MaxMun_51370,4,0.0686199176987778,0.13611082839254537,0.06912884166988292,0.39954183442687013
diffusion_20k_redraw,OHSU_50148,6,0.02429566718629471,0.0411759562674108,0.019913968665980386,0.7831643218597466
diffusion_20k_redraw,OHSU_50158,6,0.07653758713614162,0.07881981921723678,0.07553216917496969,1.3888224412672356
diffusion_20k_redraw,OHSU_50163,6,0.02086947313742022,0.03182721634815594,0.021220570525304995,1.0150433108873016
diffusion_20k_redraw,Olin_50109,7,0.06583548465421712,0.13975279867651602,0.06515051197240307,0.6410308239778006
diffusion_20k_redraw,Olin_50116,7,0.025853637064243748,0.04303268517396124,0.02561791955286371,0.8721387453947509
diffusion_20k_redraw,Olin_50130,7,0.021918877899279425,0.04217078446691848,0.023977856309573692,0.9357409080415667
diffusion_20k_redraw,Pitt_50016,8,0.10081624291281618,0.10310337460840704,0.10496294769413998,3.3941244741263397
diffusion_20k_redraw,Pitt_50032,8,0.05176313897037841,0.07150073221513759,0.04934492326888451,1.5154107590906913
diffusion_20k_redraw,Pitt_50042,8,0.06264505979041453,0.11509033058820103,0.05621713663456546,2.4799644585141145
diffusion_20k_redraw,Pitt_50046,8,0.05168289529244386,0.0633925858693924,0.05572161778392836,1.8999074484831233
diffusion_20k_redraw,Pitt_50055,8,0.05951834957079647,0.1336408612514534,0.05360292678018485,2.328461228591615
diffusion_20k_redraw,SBL_51562,9,0.06631105605075742,0.17889724657073594,0.0753174292399719,0.2549207761926108
diffusion_20k_redraw,SBL_51570,9,0.07044939464588415,0.17795484085807936,0.07523318326017894,0.24187439748696873
diffusion_20k_redraw,SBL_51575,9,0.058385604661490786,0.17656108950392244,0.06162642141827294,0.2502362162649001
diffusion_20k_redraw,SDSU_50189,10,0.11968992261920423,0.3618380213253573,0.11693683774439587,0.5582231123958753
diffusion_20k_redraw,SDSU_50196,10,0.12775216371113468,0.37715643018031736,0.1284532677896247,0.6987098323216224
diffusion_20k_redraw,SDSU_50210,10,0.050624950583893526,0.10901117442075572,0.0507730393671563,0.6268986296802872
diffusion_20k_redraw,Stanford_51167,11,0.07382275827197413,0.2183525064200917,0.06969264353237155,0.7753470211044514
diffusion_20k_redraw,Stanford_51174,11,0.16552849943607875,0.39688921227212903,0.16346681585298278,1.3116796006339253
diffusion_20k_redraw,Stanford_51188,11,0.0831800378204292,0.16167581226974442,0.09076936499698036,0.7814862774915837
diffusion_20k_redraw,Stanford_51198,11,0.15259047237291995,0.47462302929166456,0.15422090630920549,0.8759512837298981
diffusion_20k_redraw,Trinity_50239,12,0.05783001933009287,0.16696748571581166,0.06777458396245638,0.23306897260423412
diffusion_20k_redraw,Trinity_50246,12,0.10326930691603116,0.15556527657231192,0.09965671270139224,0.19835961886313455
diffusion_20k_redraw,Trinity_50262,12,0.13055778477603097,0.16827881489988739,0.12764704953835185,0.22421668161133948
diffusion_20k_redraw,Trinity_51132,12,0.09214904315969195,0.15576274148682273,0.09064694165276524,0.1922078142974689
diffusion_20k_redraw,Trinity_51136,12,0.05752131521990882,0.14871627951639366,0.05495242772211833,0.22397949359814753
diffusion_20k_redraw,UCLA_51215,13,0.1429483688195516,0.36933165090162107,0.13880073843114948,1.2825620929264203
diffusion_20k_redraw,UCLA_51221,13,0.1279075498138971,0.28699284991823154,0.12792488915410904,1.687344958712729
diffusion_20k_redraw,UCLA_51252,13,0.163003051885536,0.2678289975671629,0.1673117706802714,2.0316024406072306
diffusion_20k_redraw,UCLA_51261,13,0.17045816197635558,0.48614319114580284,0.16366176413604064,1.2999244700733001
diffusion_20k_redraw,UCLA_51272,13,0.14609727244988885,0.3564831307717391,0.14808725489374383,0.6857821202957959
diffusion_20k_redraw,UCLA_51275,13,0.11735621570389372,0.18345145496708648,0.11913812103644739,0.8719693542222595
diffusion_20k_redraw,UCLA_51291,13,0.04314586923362435,0.12764423217314017,0.0458299179648124,0.9262141347692616
diffusion_20k_redraw,UCLA_51295,13,0.19655756006674566,0.3785690080926861,0.19482424843292953,1.9688471140923254
diffusion_20k_redraw,UCLA_51301,13,0.15620390038968446,0.255920770157411,0.14999924089002686,1.1726667151120418
diffusion_20k_redraw,UCLA_51308,13,0.16973034148117475,0.3718692307799829,0.16772066773638264,2.8736338027696955
diffusion_20k_redraw,UCLA_51311,13,0.13474588819977965,0.2133517433440402,0.12651463929785478,1.8505729640232838
diffusion_20k_redraw,UM_50286,14,0.13077278689755345,0.5245445398928957,0.13798626739061082,0.6273370363504931
diffusion_20k_redraw,UM_50292,14,0.1323704736661856,0.5452219788468144,0.12989647376625854,0.5905135429252304
diffusion_20k_redraw,UM_50324,14,0.14168290014254825,0.6054165893471178,0.13892906232851726,0.6440824563532829
diffusion_20k_redraw,UM_50343,14,0.15290704730933513,0.653249190372755,0.14762655762313484,0.6759386176019677
diffusion_20k_redraw,UM_50346,14,0.14212488383137964,0.5648216235804451,0.14492116910208733,0.6469403972403577
diffusion_20k_redraw,UM_50359,14,0.14619095435311152,0.5657065047268292,0.14404850240089895,0.596143819000005
diffusion_20k_redraw,UM_50364,14,0.15294149458555917,0.6824336106227643,0.1475649870108113,0.6555977274732031
diffusion_20k_redraw,UM_50371,14,0.13214767274787298,0.4652785424382156,0.12322003028500646,0.49898742933545825
diffusion_20k_redraw,UM_50374,14,0.12776065249172736,0.4672543591689118,0.11361604630329625,0.4335712391574449
diffusion_20k_redraw,UM_50375,14,0.15927384617733306,0.7260813282738063,0.14954131655874595,0.6609411511897185
diffusion_20k_redraw,UM_50378,14,0.13695753188569668,0.42652366909594347,0.12776932355493714,0.4086303784743288
diffusion_20k_redraw,UM_50390,14,0.09340055513842906,0.27484372303570265,0.09174075037901969,0.4231478360308605
diffusion_20k_redraw,UM_50403,14,0.13324412420504878,0.4900879793356469,0.1302273466810771,0.6150041084025734
diffusion_20k_redraw,UM_50413,14,0.15597402465675983,0.6789791957585838,0.15496346624392116,0.6924158597009321
diffusion_20k_redraw,UM_50428,14,0.1531964006230971,0.6560918968226759,0.14735858654275272,0.6251784172951484
diffusion_20k_redraw,USM_50446,15,0.09480877918386253,0.29653273539518854,0.10085355295312246,0.7824064391673672
diffusion_20k_redraw,USM_50452,15,0.10415535037426012,0.33411620305790485,0.10138124375634451,0.672630068171944
diffusion_20k_redraw,USM_50483,15,0.07939018506240961,0.2182117726013915,0.08206855641428812,0.895886075144407
diffusion_20k_redraw,USM_50492,15,0.1231074136202009,0.4213737795596527,0.1287743900624182,0.8264315291085356
diffusion_20k_redraw,USM_50503,15,0.07352012696413143,0.19819032527996341,0.07652674785834948,1.2247637025096925
diffusion_20k_redraw,USM_50506,15,0.05328179935640957,0.16658805315819203,0.05619328108253799,1.5497746621472948
diffusion_20k_redraw,USM_50514,15,0.043993633209590904,0.07854624199544911,0.040824763906940356,0.9276579903474197
diffusion_20k_redraw,USM_50518,15,0.064476038972869,0.1021243726028555,0.05650834694384818,0.6593370985128005
diffusion_20k_redraw,USM_50524,15,0.11468427233972,0.11508185553680012,0.11946524699377936,1.3998361455995956
diffusion_20k_redraw,USM_50531,15,0.11632330115942902,0.3603112077379538,0.11636648986136384,0.7158594667593197
diffusion_20k_redraw,Yale_50565,16,0.12316230259825887,0.4114324351631901,0.1189819637365925,0.5199337341770294
diffusion_20k_redraw,Yale_50601,16,0.10305466179624015,0.39210356070052593,0.09651765234237183,0.38916634084935736
diffusion_20k_redraw,Yale_50611,16,0.18821678130851247,0.9443017100016442,0.18284418325658533,1.0188880164208654
diffusion_20k_redraw,Yale_50615,16,0.1077335914998429,0.38667809735979264,0.10230975096257448,0.5176964471159154
diffusion_20k_redraw,Yale_50624,16,0.11177608205245666,0.39084890681635026,0.10909590774248176,0.5092484583556333
