subject_id,site,split,scan_label,voxel_mm,matrix,min_voxel_mm,max_voxel_mm
CMU_50642,CMU,train,anat,1 x 1 x 1,170 x 217 x 151,1.0,1.0
CMU_50643,CMU,train,anat,1 x 1 x 1,176 x 256 x 256,1.0,1.0
CMU_50644,CMU,train,anat,1 x 1 x 1,176 x 256 x 256,1.0,1.0
CMU_50645,CMU,train,anat,1 x 1 x 1,171 x 218 x 147,1.0,1.0
CMU_50646,CMU,train,anat,1 x 1 x 1,173 x 228 x 200,1.0,1.0
CMU_50647,CMU,train,anat,1 x 1 x 1,169 x 215 x 200,1.0,1.0
CMU_50648,CMU,test,anat,1 x 1 x 1,161 x 200 x 200,1.0,1.0
CMU_50649,CMU,val,anat,1 x 1 x 1,173 x 218 x 200,1.0,1.0
CMU_50650,CMU,train,anat,1 x 1 x 1,164 x 204 x 126,1.0,1.0
CMU_50651,CMU,train,anat,1 x 1 x 1,176 x 256 x 256,1.0,1.0
CMU_50652,CMU,val,anat,1 x 1 x 1,176 x 256 x 256,1.0,1.0
CMU_50653,CMU,train,anat,1 x 1 x 1,176 x 256 x 256,1.0,1.0
CMU_50654,CMU,train,anat,1 x 1 x 1,168 x 213 x 200,1.0,1.0
CMU_50655,CMU,train,anat,1 x 1 x 1,176 x 256 x 256,1.0,1.0
CMU_50656,CMU,val,anat,1 x 1 x 1,176 x 256 x 256,1.0,1.0
CMU_50657,CMU,train,anat,1 x 1 x 1,176 x 256 x 256,1.0,1.0
CMU_50658,CMU,train,anat,1 x 1 x 1,176 x 256 x 256,1.0,1.0
CMU_50659,CMU,train,anat,1 x 1 x 1,176 x 256 x 256,1.0,1.0
CMU_50660,CMU,train,anat,1 x 1 x 1,176 x 256 x 256,1.0,1.0
CMU_50661,CMU,test,anat,1 x 1 x 1,169 x 194 x 155,1.0,1.0
CMU_50663,CMU,train,anat,1 x 1 x 1,176 x 256 x 256,1.0,1.0
CMU_50664,CMU,train,anat,1 x 1 x 1,168 x 218 x 200,1.0,1.0
CMU_50665,CMU,train,anat,1 x 1 x 1,171 x 209 x 200,1.0,1.0
CMU_50666,CMU,train,anat,1 x 1 x 1,176 x 256 x 256,1.0,1.0
CMU_50667,CMU,train,anat,1 x 1 x 1,176 x 256 x 256,1.0,1.0
CMU_50668,CMU,train,anat,1 x 1 x 1,168 x 215 x 200,1.0,1.0
CMU_50669,CMU,train,anat,1 x 1 x 1,176 x 256 x 256,1.0,1.0
Caltech_51456,Caltech,train,anat,1 x 1 x 1,176 x 256 x 256,1.0,1.0
Caltech_51457,Caltech,train,anat,1 x 1 x 1,176 x 256 x 256,1.0,1.0
Caltech_51458,Caltech,train,anat,1 x 1 x 1,176 x 256 x 256,1.0,1.0
Caltech_51459,Caltech,train,anat,1 x 1 x 1,176 x 256 x 256,1.0,1.0
Caltech_51460,Caltech,train,anat,1 x 1 x 1,176 x 256 x 256,1.0,1.0
Caltech_51461,Caltech,train,anat,1 x 0.973 x 0.973,176 x 240 x 256,0.973,1.0
Caltech_51462,Caltech,train,anat,1 x 1 x 1,176 x 256 x 256,1.0,1.0
Caltech_51463,Caltech,test,anat,1 x 1 x 1,176 x 256 x 256,1.0,1.0
Caltech_51464,Caltech,train,anat,1 x 1 x 1,176 x 256 x 256,1.0,1.0
Caltech_51465,Caltech,train,anat,1 x 1 x 0.9,256 x 224 x 176,0.9,1.0
Caltech_51466,Caltech,val,anat,1 x 1 x 1,176 x 256 x 256,1.0,1.0
Caltech_51467,Caltech,train,anat,1 x 1 x 1,176 x 256 x 256,1.0,1.0
Caltech_51468,Caltech,train,anat,1 x 1 x 1,176 x 256 x 256,1.0,1.0
Caltech_51469,Caltech,train,anat,1 x 1 x 1,176 x 256 x 256,1.0,1.0
Caltech_51470,Caltech,test,anat,1 x 1 x 1,176 x 256 x 256,1.0,1.0
Caltech_51471,Caltech,train,anat,1 x 1 x 1,176 x 256 x 256,1.0,1.0
Caltech_51472,Caltech,train,anat,1 x 1 x 1,176 x 256 x 256,1.0,1.0
Caltech_51473,Caltech,train,anat,1 x 1 x 1,176 x 256 x 256,1.0,1.0
Caltech_51474,Caltech,val,anat,1 x 1 x 1,176 x 256 x 256,1.0,1.0
Caltech_51475,Caltech,train,anat,1 x 1 x 1,176 x 256 x 256,1.0,1.0
Caltech_51476,Caltech,test,anat,1 x 1 x 1,176 x 256 x 256,1.0,1.0
Caltech_51477,Caltech,train,anat,1 x 1 x 1,176 x 256 x 256,1.0,1.0
Caltech_51478,Caltech,val,anat,1 x 1 x 1,176 x 256 x 256,1.0,1.0
Caltech_51479,Caltech,train,anat,1 x 1 x 1,176 x 256 x 256,1.0,1.0
Caltech_51480,Caltech,train,anat,1 x 1 x 1,176 x 256 x 256,1.0,1.0
Caltech_51481,Caltech,train,anat,1 x 1 x 1,176 x 256 x 256,1.0,1.0
Caltech_51482,Caltech,train,anat,1 x 1 x 1,176 x 256 x 256,1.0,1.0
Caltech_51483,Caltech,train,anat,1 x 1 x 1,176 x 256 x 256,1.0,1.0
Caltech_51484,Caltech,test,anat,1 x 1 x 1,176 x 256 x 256,1.0,1.0
Caltech_51485,Caltech,train,anat,1 x 1 x 1,176 x 256 x 256,1.0,1.0
Caltech_51486,Caltech,train,anat,1 x 1 x 1,176 x 256 x 256,1.0,1.0
Caltech_51487,Caltech,val,anat,1 x 1 x 1,176 x 256 x 256,1.0,1.0
Caltech_51488,Caltech,train,anat,1 x 1 x 1,176 x 256 x 256,1.0,1.0
Caltech_51489,Caltech,train,anat,1 x 1 x 1,176 x 256 x 256,1.0,1.0
Caltech_51490,Caltech,train,anat,1 x 1 x 1,176 x 256 x 256,1.0,1.0
Caltech_51491,Caltech,train,anat,1 x 1 x 1,176 x 256 x 256,1.0,1.0
Caltech_51492,Caltech,train,anat,1 x 1 x 1,176 x 256 x 256,1.0,1.0
Caltech_51493,Caltech,train,anat,1 x 1 x 1,176 x 256 x 256,1.0,1.0
KKI_50772,KKI,train,anat,1 x 1 x 1,256 x 200 x 256,1.0,1.0
KKI_50773,KKI,train,anat,1 x 1 x 1,256 x 200 x 256,1.0,1.0
KKI_50774,KKI,train,anat,1 x 1 x 1,256 x 200 x 256,1.0,1.0
KKI_50775,KKI,train,anat,1 x 1 x 1,256 x 200 x 256,1.0,1.0
KKI_50776,KKI,train,anat,1 x 1 x 1,256 x 200 x 256,1.0,1.0
KKI_50777,KKI,train,anat,1 x 1 x 1,256 x 200 x 256,1.0,1.0
KKI_50778,KKI,train,anat,1 x 1 x 1,256 x 180 x 256,1.0,1.0
KKI_50779,KKI,val,anat,1 x 1 x 1,256 x 200 x 256,1.0,1.0
KKI_50780,KKI,train,anat,1 x 1 x 1,256 x 200 x 256,1.0,1.0
KKI_50781,KKI,train,anat,1 x 1 x 1,256 x 180 x 256,1.0,1.0
KKI_50782,KKI,val,anat,1 x 1 x 1,256 x 200 x 256,1.0,1.0
KKI_50783,KKI,train,anat,1 x 1 x 1,256 x 190 x 256,1.0,1.0
KKI_50784,KKI,train,anat,1 x 1 x 1,256 x 200 x 256,1.0,1.0
KKI_50785,KKI,train,anat,1 x 1 x 1,256 x 180 x 256,1.0,1.0
KKI_50786,KKI,test,anat,1 x 1 x 1,256 x 200 x 256,1.0,1.0
KKI_50787,KKI,train,anat,1 x 1 x 1,256 x 200 x 256,1.0,1.0
KKI_50788,KKI,train,anat,1 x 1 x 1,256 x 200 x 256,1.0,1.0
KKI_50789,KKI,train,anat,1 x 1 x 1,256 x 200 x 256,1.0,1.0
KKI_50790,KKI,val,anat,1 x 1 x 1,256 x 200 x 256,1.0,1.0
KKI_50791,KKI,train,anat,1 x 1 x 1,256 x 200 x 256,1.0,1.0
KKI_50792,KKI,val,anat,1 x 1 x 1,256 x 200 x 256,1.0,1.0
KKI_50793,KKI,train,anat,1 x 1 x 1,256 x 200 x 256,1.0,1.0
KKI_50794,KKI,val,anat,1 x 1 x 1,256 x 200 x 256,1.0,1.0
KKI_50795,KKI,train,anat,1 x 1 x 1,256 x 200 x 256,1.0,1.0
KKI_50796,KKI,train,anat,1 x 1 x 1,256 x 200 x 256,1.0,1.0
KKI_50797,KKI,train,anat,1 x 1 x 1,256 x 200 x 256,1.0,1.0
KKI_50798,KKI,train,anat,1 x 1 x 1,256 x 200 x 256,1.0,1.0
KKI_50799,KKI,train,anat,1 x 1 x 1,256 x 180 x 256,1.0,1.0
KKI_50800,KKI,test,anat,1 x 1 x 1,256 x 200 x 256,1.0,1.0
KKI_50801,KKI,train,anat,1 x 1 x 1,256 x 200 x 256,1.0,1.0
KKI_50802,KKI,train,anat,1 x 1 x 1,256 x 180 x 256,1.0,1.0
KKI_50803,KKI,train,anat,1 x 1 x 1,256 x 200 x 256,1.0,1.0
KKI_50804,KKI,train,anat,1 x 1 x 1,256 x 200 x 256,1.0,1.0
KKI_50805,KKI,train,anat,1 x 1 x 1,256 x 190 x 256,1.0,1.0
KKI_50806,KKI,train,anat,1 x 1 x 1,256 x 170 x 256,1.0,1.0
KKI_50807,KKI,train,anat,1 x 1 x 1,256 x 200 x 256,1.0,1.0
KKI_50808,KKI,train,anat,1 x 1 x 1,256 x 190 x 256,1.0,1.0
KKI_50809,KKI,train,anat,1 x 1 x 1,256 x 200 x 256,1.0,1.0
KKI_50810,KKI,test,anat,1 x 1 x 1,256 x 200 x 256,1.0,1.0
KKI_50811,KKI,train,anat,1 x 1 x 1,256 x 200 x 256,1.0,1.0
KKI_50812,KKI,train,anat,1 x 1 x 1,256 x 200 x 256,1.0,1.0
KKI_50813,KKI,train,anat,1 x 1 x 1,256 x 180 x 256,1.0,1.0
KKI_50814,KKI,test,anat,1 x 1 x 1,256 x 200 x 256,1.0,1.0
KKI_50815,KKI,train,anat,1 x 1 x 1,256 x 200 x 256,1.0,1.0
KKI_50816,KKI,train,anat,1 x 1 x 1,256 x 200 x 256,1.0,1.0
KKI_50817,KKI,train,anat,1 x 1 x 1,256 x 200 x 256,1.0,1.0
KKI_50818,KKI,train,anat,1 x 1 x 1,256 x 200 x 256,1.0,1.0
KKI_50819,KKI,train,anat,1 x 1 x 1,256 x 200 x 256,1.0,1.0
KKI_50820,KKI,train,anat,1 x 1 x 1,256 x 180 x 256,1.0,1.0
KKI_50821,KKI,train,anat,1 x 1 x 1,256 x 200 x 256,1.0,1.0
KKI_50822,KKI,train,anat,1 x 1 x 1,256 x 200 x 256,1.0,1.0
KKI_50823,KKI,test,anat,1 x 1 x 1,256 x 200 x 256,1.0,1.0
KKI_50824,KKI,train,anat,1 x 1 x 1,256 x 200 x 256,1.0,1.0
KKI_50825,KKI,train,anat,1 x 1 x 1,256 x 200 x 256,1.0,1.0
KKI_50826,KKI,val,anat,1 x 1 x 1,256 x 200 x 256,1.0,1.0
Leuven_50682,Leuven,train,anat,0.977 x 1.2 x 0.977,256 x 182 x 256,0.977,1.2
Leuven_50683,Leuven,train,anat,0.977 x 1.2 x 0.977,256 x 182 x 256,0.977,1.2
Leuven_50685,Leuven,train,anat,0.977 x 1.2 x 0.977,256 x 182 x 256,0.977,1.2
Leuven_50686,Leuven,train,anat,0.977 x 1.2 x 0.977,256 x 182 x 256,0.977,1.2
Leuven_50687,Leuven,train,anat,0.977 x 1.2 x 0.977,256 x 182 x 256,0.977,1.2
Leuven_50688,Leuven,train,anat,0.977 x 1.2 x 0.977,256 x 182 x 256,0.977,1.2
Leuven_50689,Leuven,train,anat,0.977 x 1.2 x 0.977,256 x 182 x 256,0.977,1.2
Leuven_50690,Leuven,test,anat,0.977 x 1.2 x 0.977,256 x 182 x 256,0.977,1.2
Leuven_50691,Leuven,train,anat,0.977 x 1.2 x 0.977,256 x 182 x 256,0.977,1.2
Leuven_50692,Leuven,train,anat,0.977 x 1.2 x 0.977,256 x 182 x 256,0.977,1.2
Leuven_50693,Leuven,val,anat,0.977 x 1.2 x 0.977,256 x 182 x 256,0.977,1.2
Leuven_50694,Leuven,train,anat,0.977 x 1.2 x 0.977,256 x 182 x 256,0.977,1.2
Leuven_50695,Leuven,train,anat,0.977 x 1.2 x 0.977,256 x 182 x 256,0.977,1.2
Leuven_50696,Leuven,train,anat,0.977 x 1.2 x 0.977,256 x 182 x 256,0.977,1.2
Leuven_50697,Leuven,test,anat,0.977 x 1.2 x 0.977,256 x 182 x 256,0.977,1.2
Leuven_50698,Leuven,train,anat,0.977 x 1.2 x 0.977,256 x 182 x 256,0.977,1.2
Leuven_50699,Leuven,train,anat,0.977 x 1.2 x 0.977,256 x 182 x 256,0.977,1.2
Leuven_50700,Leuven,train,anat,0.977 x 1.2 x 0.977,256 x 182 x 256,0.977,1.2
Leuven_50701,Leuven,val,anat,0.977 x 1.2 x 0.977,256 x 182 x 256,0.977,1.2
Leuven_50702,Leuven,train,anat,0.977 x 1.2 x 0.977,256 x 182 x 256,0.977,1.2
Leuven_50703,Leuven,test,anat,0.977 x 1.2 x 0.977,256 x 182 x 256,0.977,1.2
Leuven_50704,Leuven,train,anat,0.977 x 1.2 x 0.977,256 x 182 x 256,0.977,1.2
Leuven_50705,Leuven,val,anat,0.977 x 1.2 x 0.977,256 x 182 x 256,0.977,1.2
Leuven_50706,Leuven,val,anat,0.977 x 1.2 x 0.977,256 x 182 x 256,0.977,1.2
Leuven_50707,Leuven,train,anat,0.977 x 1.2 x 0.977,256 x 182 x 256,0.977,1.2
Leuven_50708,Leuven,train,anat,0.977 x 1.2 x 0.977,256 x 182 x 256,0.977,1.2
Leuven_50709,Leuven,train,anat,0.977 x 1.2 x 0.977,256 x 182 x 256,0.977,1.2
Leuven_50710,Leuven,train,anat,0.977 x 1.2 x 0.977,256 x 182 x 256,0.977,1.2
Leuven_50711,Leuven,test,anat,0.977 x 1.2 x 0.977,256 x 182 x 256,0.977,1.2
Leuven_50722,Leuven,train,anat,0.977 x 1.2 x 0.977,256 x 182 x 256,0.977,1.2
Leuven_50723,Leuven,train,anat,0.977 x 1.2 x 0.977,256 x 182 x 256,0.977,1.2
Leuven_50724,Leuven,train,anat,0.977 x 1.2 x 0.977,256 x 182 x 256,0.977,1.2
Leuven_50725,Leuven,train,anat,0.977 x 1.2 x 0.977,256 x 182 x 256,0.977,1.2
Leuven_50726,Leuven,train,anat,0.977 x 1.2 x 0.977,256 x 182 x 256,0.977,1.2
Leuven_50727,Leuven,train,anat,0.977 x 1.2 x 0.977,256 x 182 x 256,0.977,1.2
Leuven_50728,Leuven,train,anat,0.977 x 1.2 x 0.977,256 x 182 x 256,0.977,1.2
Leuven_50730,Leuven,train,anat,0.977 x 1.2 x 0.977,256 x 182 x 256,0.977,1.2
Leuven_50731,Leuven,train,anat,0.977 x 1.2 x 0.977,256 x 182 x 256,0.977,1.2
Leuven_50732,Leuven,test,anat,0.977 x 1.2 x 0.977,256 x 182 x 256,0.977,1.2
Leuven_50733,Leuven,train,anat,0.977 x 1.2 x 0.977,256 x 182 x 256,0.977,1.2
Leuven_50734,Leuven,train,anat,0.977 x 1.2 x 0.977,256 x 182 x 256,0.977,1.2
Leuven_50735,Leuven,train,anat,0.977 x 1.2 x 0.977,256 x 182 x 256,0.977,1.2
Leuven_50736,Leuven,test,anat,0.977 x 1.2 x 0.977,256 x 182 x 256,0.977,1.2
Leuven_50737,Leuven,train,anat,0.977 x 1.2 x 0.977,256 x 182 x 256,0.977,1.2
Leuven_50738,Leuven,train,anat,0.977 x 1.2 x 0.977,256 x 182 x 256,0.977,1.2
Leuven_50739,Leuven,train,anat,0.977 x 1.2 x 0.977,256 x 182 x 256,0.977,1.2
Leuven_50740,Leuven,train,anat,0.977 x 1.2 x 0.977,256 x 182 x 256,0.977,1.2
Leuven_50741,Leuven,train,anat,0.977 x 1.2 x 0.977,256 x 182 x 256,0.977,1.2
Leuven_50742,Leuven,train,anat,0.977 x 1.2 x 0.977,256 x 182 x 256,0.977,1.2
Leuven_50743,Leuven,train,anat,0.977 x 1.2 x 0.977,256 x 182 x 256,0.977,1.2
Leuven_50744,Leuven,train,anat,0.977 x 1.2 x 0.977,256 x 182 x 256,0.977,1.2
Leuven_50745,Leuven,test,anat,0.977 x 1.2 x 0.977,256 x 182 x 256,0.977,1.2
Leuven_50746,Leuven,train,anat,0.977 x 1.2 x 0.977,256 x 182 x 256,0.977,1.2
Leuven_50747,Leuven,val,anat,0.977 x 1.2 x 0.977,256 x 182 x 256,0.977,1.2
Leuven_50748,Leuven,train,anat,0.977 x 1.2 x 0.977,256 x 182 x 256,0.977,1.2
Leuven_50749,Leuven,train,anat,0.977 x 1.2 x 0.977,256 x 182 x 256,0.977,1.2
Leuven_50750,Leuven,train,anat,0.977 x 1.2 x 0.977,256 x 182 x 256,0.977,1.2
Leuven_50751,Leuven,train,anat,0.977 x 1.2 x 0.977,256 x 182 x 256,0.977,1.2
Leuven_50752,Leuven,train,anat,0.977 x 1.2 x 0.977,256 x 182 x 256,0.977,1.2
Leuven_50753,Leuven,train,anat,0.977 x 1.2 x 0.977,256 x 182 x 256,0.977,1.2
Leuven_50754,Leuven,train,anat,0.977 x 1.2 x 0.977,256 x 182 x 256,0.977,1.2
Leuven_50755,Leuven,train,anat,0.977 x 1.2 x 0.977,256 x 182 x 256,0.977,1.2
Leuven_50756,Leuven,train,anat,0.977 x 1.2 x 0.977,256 x 182 x 256,0.977,1.2
Leuven_50757,Leuven,val,anat,0.977 x 1.2 x 0.977,256 x 182 x 256,0.977,1.2
MaxMun_51318,MaxMun,train,anat,1 x 1 x 1,160 x 240 x 256,1.0,1.0
MaxMun_51319,MaxMun,train,anat,1 x 1 x 1,160 x 240 x 256,1.0,1.0
MaxMun_51320,MaxMun,train,anat,1 x 1 x 1,160 x 240 x 256,1.0,1.0
MaxMun_51321,MaxMun,train,anat,1 x 1 x 1,160 x 240 x 256,1.0,1.0
MaxMun_51322,MaxMun,train,anat,1 x 1 x 1,160 x 240 x 256,1.0,1.0
MaxMun_51323,MaxMun,train,anat,1 x 1 x 1,160 x 240 x 256,1.0,1.0
MaxMun_51324,MaxMun,train,anat,1 x 1 x 1,160 x 239 x 155,1.0,1.0
MaxMun_51325,MaxMun,val,anat,1 x 1 x 1,160 x 240 x 256,1.0,1.0
MaxMun_51326,MaxMun,train,anat,1 x 1 x 1,160 x 240 x 256,1.0,1.0
MaxMun_51327,MaxMun,train,anat,1 x 1 x 1,160 x 240 x 256,1.0,1.0
MaxMun_51328,MaxMun,val,anat,1 x 1 x 1,160 x 240 x 256,1.0,1.0
MaxMun_51329,MaxMun,train,anat,1 x 1 x 1,160 x 240 x 256,1.0,1.0
MaxMun_51330,MaxMun,train,anat,1 x 1 x 1,160 x 240 x 256,1.0,1.0
MaxMun_51331,MaxMun,train,anat,1 x 1 x 1,160 x 240 x 256,1.0,1.0
MaxMun_51332,MaxMun,test,anat,1 x 0.977 x 0.977,160 x 256 x 256,0.977,1.0
MaxMun_51333,MaxMun,train,anat,1 x 0.977 x 0.977,160 x 256 x 256,0.977,1.0
MaxMun_51334,MaxMun,train,anat,1 x 0.977 x 0.977,160 x 256 x 256,0.977,1.0
MaxMun_51335,MaxMun,train,anat,1 x 0.977 x 0.977,160 x 256 x 256,0.977,1.0
MaxMun_51336,MaxMun,val,anat,1 x 0.977 x 0.977,160 x 256 x 256,0.977,1.0
MaxMun_51338,MaxMun,train,anat,1 x 1 x 1,160 x 240 x 256,1.0,1.0
MaxMun_51339,MaxMun,val,anat,1 x 1 x 1,160 x 240 x 256,1.0,1.0
MaxMun_51340,MaxMun,train,anat,1 x 1 x 1,160 x 240 x 256,1.0,1.0
MaxMun_51341,MaxMun,val,anat,1 x 1 x 1,160 x 240 x 256,1.0,1.0
MaxMun_51342,MaxMun,train,anat,1 x 1 x 1,160 x 240 x 256,1.0,1.0
MaxMun_51343,MaxMun,train,anat,1 x 1 x 1,160 x 240 x 256,1.0,1.0
MaxMun_51344,MaxMun,train,anat,1 x 1 x 1,160 x 240 x 256,1.0,1.0
MaxMun_51345,MaxMun,train,anat,1 x 1 x 1,144 x 240 x 256,1.0,1.0
MaxMun_51346,MaxMun,train,anat,1 x 1 x 1,160 x 240 x 256,1.0,1.0
MaxMun_51347,MaxMun,test,anat,1 x 1 x 1,160 x 240 x 256,1.0,1.0
MaxMun_51348,MaxMun,train,anat,1 x 1 x 1,144 x 240 x 256,1.0,1.0
MaxMun_51349,MaxMun,train,anat,1 x 1 x 1,160 x 240 x 256,1.0,1.0
MaxMun_51350,MaxMun,train,anat,1 x 1 x 1,160 x 240 x 256,1.0,1.0
MaxMun_51351,MaxMun,train,anat,1 x 1 x 1,160 x 240 x 256,1.0,1.0
MaxMun_51352,MaxMun,train,anat,1 x 1 x 1,160 x 240 x 256,1.0,1.0
MaxMun_51353,MaxMun,train,anat,1 x 1 x 1,144 x 240 x 256,1.0,1.0
MaxMun_51354,MaxMun,train,anat,1 x 1 x 1,144 x 240 x 256,1.0,1.0
MaxMun_51355,MaxMun,train,anat,1 x 1 x 1,160 x 240 x 256,1.0,1.0
MaxMun_51356,MaxMun,train,anat,1 x 1 x 1,144 x 240 x 256,1.0,1.0
MaxMun_51357,MaxMun,test,anat,1 x 1 x 1,144 x 240 x 256,1.0,1.0
MaxMun_51358,MaxMun,train,anat,1 x 1 x 1,144 x 240 x 256,1.0,1.0
MaxMun_51359,MaxMun,train,anat,1 x 1 x 1,144 x 240 x 256,1.0,1.0
MaxMun_51360,MaxMun,train,anat,1 x 1 x 1,160 x 240 x 256,1.0,1.0
MaxMun_51361,MaxMun,test,anat,1 x 1 x 1,160 x 240 x 256,1.0,1.0
MaxMun_51362,MaxMun,train,anat,1 x 1 x 1,160 x 240 x 256,1.0,1.0
MaxMun_51363,MaxMun,train,anat,1 x 1 x 1,160 x 240 x 256,1.0,1.0
MaxMun_51364,MaxMun,train,anat,1 x 1 x 1,160 x 240 x 256,1.0,1.0
MaxMun_51365,MaxMun,train,anat,1 x 1 x 1,160 x 240 x 256,1.0,1.0
MaxMun_51366,MaxMun,train,anat,1 x 1 x 1,160 x 240 x 256,1.0,1.0
MaxMun_51367,MaxMun,train,anat,1 x 1 x 1,160 x 240 x 256,1.0,1.0
MaxMun_51368,MaxMun,train,anat,1 x 1 x 1,160 x 240 x 256,1.0,1.0
MaxMun_51369,MaxMun,train,anat,1 x 1 x 1,160 x 240 x 256,1.0,1.0
MaxMun_51370,MaxMun,test,anat,1 x 1 x 1,160 x 240 x 256,1.0,1.0
MaxMun_51371,MaxMun,train,anat,1 x 1 x 1,160 x 240 x 256,1.0,1.0
MaxMun_51372,MaxMun,train,anat,1 x 1 x 1,160 x 240 x 256,1.0,1.0
MaxMun_51373,MaxMun,train,anat,1 x 1 x 1,160 x 240 x 256,1.0,1.0
MaxMun_51606,MaxMun,train,anat,1 x 1 x 1,160 x 240 x 256,1.0,1.0
MaxMun_51607,MaxMun,val,anat,1 x 1 x 1,160 x 240 x 256,1.0,1.0
NYU_50952,NYU,train,anat,1.33 x 1 x 1,128 x 256 x 256,1.0,1.33
NYU_50953,NYU,test,anat,1.33 x 1 x 1,128 x 256 x 256,1.0,1.33
NYU_50954,NYU,train,anat,1.33 x 1 x 1,128 x 256 x 256,1.0,1.33
NYU_50955,NYU,train,anat,1.33 x 1 x 1,128 x 256 x 256,1.0,1.33
NYU_50956,NYU,train,anat,1.33 x 1 x 1,128 x 256 x 256,1.0,1.33
NYU_50957,NYU,train,anat,1.33 x 1 x 1,128 x 256 x 256,1.0,1.33
NYU_50958,NYU,train,anat,1.33 x 1 x 1,128 x 256 x 256,1.0,1.33
NYU_50959,NYU,train,anat,1.33 x 1 x 1,128 x 256 x 256,1.0,1.33
NYU_50960,NYU,train,anat,1.33 x 1 x 1,128 x 256 x 256,1.0,1.33
NYU_50961,NYU,train,anat,1.33 x 1 x 1,128 x 256 x 256,1.0,1.33
NYU_50962,NYU,train,anat,1.33 x 1 x 1,128 x 256 x 256,1.0,1.33
NYU_50964,NYU,train,anat,1.33 x 1 x 1,128 x 256 x 256,1.0,1.33
NYU_50965,NYU,train,anat,1.33 x 1 x 1,128 x 256 x 256,1.0,1.33
NYU_50966,NYU,train,anat,1.33 x 1 x 1,128 x 256 x 256,1.0,1.33
NYU_50967,NYU,test,anat,1.33 x 1 x 1,128 x 256 x 256,1.0,1.33
NYU_50968,NYU,train,anat,1.33 x 1 x 1,128 x 256 x 256,1.0,1.33
NYU_50969,NYU,train,anat,1.33 x 1 x 1,128 x 256 x 256,1.0,1.33
NYU_50970,NYU,train,anat,1.33 x 1 x 1,128 x 256 x 256,1.0,1.33
NYU_50971,NYU,train,anat,1.33 x 1 x 1,128 x 256 x 256,1.0,1.33
NYU_50972,NYU,train,anat,1.33 x 1 x 1,128 x 256 x 256,1.0,1.33
NYU_50973,NYU,test,anat,1.33 x 1 x 1,128 x 256 x 256,1.0,1.33
NYU_50974,NYU,val,anat,1.33 x 1 x 1,128 x 256 x 256,1.0,1.33
NYU_50975,NYU,train,anat,1.33 x 1 x 1,128 x 256 x 256,1.0,1.33
NYU_50976,NYU,train,anat,1.33 x 1 x 1,128 x 256 x 256,1.0,1.33
NYU_50977,NYU,train,anat,1.33 x 1 x 1,128 x 256 x 256,1.0,1.33
NYU_50978,NYU,train,anat,1.33 x 1 x 1,128 x 256 x 256,1.0,1.33
NYU_50979,NYU,train,anat,1.33 x 1 x 1,128 x 256 x 256,1.0,1.33
NYU_50980,NYU,train,anat,1.33 x 1 x 1,128 x 256 x 256,1.0,1.33
NYU_50981,NYU,train,anat,1.33 x 1 x 1,128 x 256 x 256,1.0,1.33
NYU_50982,NYU,train,anat,1.33 x 1 x 1,128 x 256 x 256,1.0,1.33
NYU_50983,NYU,train,anat,1.33 x 1 x 1,128 x 256 x 256,1.0,1.33
NYU_50984,NYU,train,anat,1.33 x 1 x 1,128 x 256 x 256,1.0,1.33
NYU_50985,NYU,train,anat,1.33 x 1 x 1,128 x 256 x 256,1.0,1.33
NYU_50986,NYU,train,anat,1.33 x 1 x 1,128 x 256 x 256,1.0,1.33
NYU_50987,NYU,train,anat,1.33 x 1 x 1,128 x 256 x 256,1.0,1.33
NYU_50988,NYU,train,anat,1.33 x 1 x 1,128 x 256 x 256,1.0,1.33
NYU_50989,NYU,train,anat,1.33 x 1 x 1,128 x 256 x 256,1.0,1.33
NYU_50990,NYU,val,anat,1.33 x 1 x 1,128 x 256 x 256,1.0,1.33
NYU_50991,NYU,train,anat,1.33 x 1 x 1,128 x 256 x 256,1.0,1.33
NYU_50992,NYU,train,anat,1.33 x 1 x 1,128 x 256 x 256,1.0,1.33
NYU_50993,NYU,train,anat,1.33 x 1 x 1,128 x 256 x 256,1.0,1.33
NYU_50994,NYU,train,anat,1.33 x 1 x 1,128 x 256 x 256,1.0,1.33
NYU_50995,NYU,train,anat,1.33 x 1 x 1,128 x 256 x 256,1.0,1.33
NYU_50996,NYU,train,anat,1.33 x 1 x 1,128 x 256 x 256,1.0,1.33
NYU_50997,NYU,train,anat,1.33 x 1 x 1,128 x 256 x 256,1.0,1.33
NYU_50998,NYU,train,anat,1.33 x 1 x 1,128 x 256 x 256,1.0,1.33
NYU_50999,NYU,train,anat,1.33 x 1 x 1,128 x 256 x 256,1.0,1.33
NYU_51000,NYU,train,anat,1.33 x 1 x 1,128 x 256 x 256,1.0,1.33
NYU_51001,NYU,val,anat,1.33 x 1 x 1,128 x 256 x 256,1.0,1.33
NYU_51002,NYU,train,anat,1.33 x 1 x 1,128 x 256 x 256,1.0,1.33
NYU_51003,NYU,val,anat,1.33 x 1 x 1,128 x 256 x 256,1.0,1.33
NYU_51006,NYU,train,anat,1.33 x 1 x 1,128 x 256 x 256,1.0,1.33
NYU_51007,NYU,test,anat,1.33 x 1 x 1,128 x 256 x 256,1.0,1.33
NYU_51008,NYU,train,anat,1.33 x 1 x 1,128 x 256 x 256,1.0,1.33
NYU_51009,NYU,val,anat,1.33 x 1 x 1,128 x 256 x 256,1.0,1.33
NYU_51010,NYU,train,anat,1.33 x 1 x 1,128 x 256 x 256,1.0,1.33
NYU_51011,NYU,train,anat,1.33 x 1 x 1,128 x 256 x 256,1.0,1.33
NYU_51012,NYU,val,anat,1.33 x 1 x 1,128 x 256 x 256,1.0,1.33
NYU_51013,NYU,val,anat,1.33 x 1 x 1,128 x 256 x 256,1.0,1.33
NYU_51014,NYU,train,anat,1.33 x 1 x 1,128 x 256 x 256,1.0,1.33
NYU_51015,NYU,train,anat,1.33 x 1 x 1,128 x 256 x 256,1.0,1.33
NYU_51016,NYU,train,anat,1.33 x 1 x 1,128 x 256 x 256,1.0,1.33
NYU_51017,NYU,train,anat,1.33 x 1 x 1,128 x 256 x 256,1.0,1.33
NYU_51018,NYU,val,anat,1.33 x 1 x 1,128 x 256 x 256,1.0,1.33
NYU_51019,NYU,train,anat,1.33 x 1 x 1,128 x 256 x 256,1.0,1.33
NYU_51020,NYU,train,anat,1.33 x 1 x 1,128 x 256 x 256,1.0,1.33
NYU_51021,NYU,train,anat,1.33 x 1 x 1,128 x 256 x 256,1.0,1.33
NYU_51023,NYU,train,anat,1.33 x 1 x 1,128 x 256 x 256,1.0,1.33
NYU_51024,NYU,train,anat,1.33 x 1 x 1,128 x 256 x 256,1.0,1.33
NYU_51025,NYU,train,anat,1.33 x 1 x 1,128 x 256 x 256,1.0,1.33
NYU_51026,NYU,train,anat,1.33 x 1 x 1,128 x 256 x 256,1.0,1.33
NYU_51027,NYU,test,anat,1.33 x 1 x 1,128 x 256 x 256,1.0,1.33
NYU_51028,NYU,train,anat,1.33 x 1 x 1,128 x 256 x 256,1.0,1.33
NYU_51029,NYU,train,anat,1.33 x 1 x 1,128 x 256 x 256,1.0,1.33
NYU_51030,NYU,test,anat,1.33 x 1 x 1,128 x 256 x 256,1.0,1.33
NYU_51032,NYU,train,anat,1.33 x 1 x 1,128 x 256 x 256,1.0,1.33
NYU_51033,NYU,train,anat,1.33 x 1 x 1,128 x 256 x 256,1.0,1.33
NYU_51034,NYU,train,anat,1.33 x 1 x 1,128 x 256 x 256,1.0,1.33
NYU_51035,NYU,train,anat,1.33 x 1 x 1,128 x 256 x 256,1.0,1.33
NYU_51036,NYU,train,anat,1.33 x 1 x 1,128 x 256 x 256,1.0,1.33
NYU_51038,NYU,train,anat,1.33 x 1 x 1,128 x 256 x 256,1.0,1.33
NYU_51039,NYU,train,anat,1.33 x 1 x 1,128 x 256 x 256,1.0,1.33
NYU_51040,NYU,train,anat,1.33 x 1 x 1,128 x 256 x 256,1.0,1.33
NYU_51041,NYU,train,anat,1.33 x 1 x 1,128 x 256 x 256,1.0,1.33
NYU_51042,NYU,train,anat,1.33 x 1 x 1,128 x 256 x 256,1.0,1.33
NYU_51044,NYU,train,anat,1.33 x 1 x 1,128 x 256 x 256,1.0,1.33
NYU_51045,NYU,train,anat,1.33 x 1 x 1,128 x 256 x 256,1.0,1.33
NYU_51046,NYU,test,anat,1.33 x 1 x 1,128 x 256 x 256,1.0,1.33
NYU_51047,NYU,val,anat,1.33 x 1 x 1,128 x 256 x 256,1.0,1.33
NYU_51048,NYU,train,anat,1.33 x 1 x 1,128 x 256 x 256,1.0,1.33
NYU_51049,NYU,train,anat,1.33 x 1 x 1,128 x 256 x 256,1.0,1.33
NYU_51050,NYU,train,anat,1.33 x 1 x 1,128 x 256 x 256,1.0,1.33
NYU_51051,NYU,test,anat,1.33 x 1 x 1,128 x 256 x 256,1.0,1.33
NYU_51052,NYU,train,anat,1.33 x 1 x 1,128 x 256 x 256,1.0,1.33
NYU_51053,NYU,train,anat,1.33 x 1 x 1,128 x 256 x 256,1.0,1.33
NYU_51054,NYU,train,anat,1.33 x 1 x 1,128 x 256 x 256,1.0,1.33
NYU_51055,NYU,train,anat,1.33 x 1 x 1,128 x 256 x 256,1.0,1.33
NYU_51056,NYU,train,anat,1.33 x 1 x 1,128 x 256 x 256,1.0,1.33
NYU_51057,NYU,train,anat,1.33 x 1 x 1,128 x 256 x 256,1.0,1.33
NYU_51058,NYU,test,anat,1.33 x 1 x 1,128 x 256 x 256,1.0,1.33
NYU_51059,NYU,train,anat,1.33 x 1 x 1,128 x 256 x 256,1.0,1.33
NYU_51060,NYU,train,anat,1.33 x 1 x 1,128 x 256 x 256,1.0,1.33
NYU_51061,NYU,test,anat,1.33 x 1 x 1,128 x 256 x 256,1.0,1.33
NYU_51062,NYU,test,anat,1.33 x 1 x 1,128 x 256 x 256,1.0,1.33
NYU_51063,NYU,train,anat,1.33 x 1 x 1,128 x 256 x 256,1.0,1.33
NYU_51064,NYU,train,anat,1.33 x 1 x 1,128 x 256 x 256,1.0,1.33
NYU_51065,NYU,test,anat,1.33 x 1 x 1,128 x 256 x 256,1.0,1.33
NYU_51066,NYU,val,anat,1.33 x 1 x 1,128 x 256 x 256,1.0,1.33
NYU_51067,NYU,train,anat,1.33 x 1 x 1,128 x 256 x 256,1.0,1.33
NYU_51068,NYU,train,anat,1.33 x 1 x 1,128 x 256 x 256,1.0,1.33
NYU_51069,NYU,train,anat,1.33 x 1 x 1,128 x 256 x 256,1.0,1.33
NYU_51070,NYU,train,anat,1.33 x 1 x 1,128 x 256 x 256,1.0,1.33
NYU_51071,NYU,train,anat,1.33 x 1 x 1,128 x 256 x 256,1.0,1.33
NYU_51072,NYU,train,anat,1.33 x 1 x 1,128 x 256 x 256,1.0,1.33
NYU_51073,NYU,train,anat,1.33 x 1 x 1,128 x 256 x 256,1.0,1.33
NYU_51074,NYU,train,anat,1.33 x 1 x 1,128 x 256 x 256,1.0,1.33
NYU_51075,NYU,test,anat,1.33 x 1 x 1,128 x 256 x 256,1.0,1.33
NYU_51076,NYU,train,anat,1.33 x 1 x 1,128 x 256 x 256,1.0,1.33
NYU_51077,NYU,train,anat,1.33 x 1 x 1,128 x 256 x 256,1.0,1.33
NYU_51078,NYU,train,anat,1.33 x 1 x 1,128 x 256 x 256,1.0,1.33
NYU_51079,NYU,train,anat,1.33 x 1 x 1,128 x 256 x 256,1.0,1.33
NYU_51080,NYU,test,anat,1.33 x 1 x 1,128 x 256 x 256,1.0,1.33
NYU_51081,NYU,train,anat,1.33 x 1 x 1,128 x 256 x 256,1.0,1.33
NYU_51082,NYU,train,anat,1.33 x 1 x 1,128 x 256 x 256,1.0,1.33
NYU_51083,NYU,train,anat,1.33 x 1 x 1,128 x 256 x 256,1.0,1.33
NYU_51084,NYU,train,anat,1.33 x 1 x 1,128 x 256 x 256,1.0,1.33
NYU_51085,NYU,train,anat,1.33 x 1 x 1,128 x 256 x 256,1.0,1.33
NYU_51086,NYU,train,anat,1.33 x 1 x 1,128 x 256 x 256,1.0,1.33
NYU_51087,NYU,train,anat,1.33 x 1 x 1,128 x 256 x 256,1.0,1.33
NYU_51088,NYU,val,anat,1.33 x 1 x 1,128 x 256 x 256,1.0,1.33
NYU_51089,NYU,test,anat,1.33 x 1 x 1,128 x 256 x 256,1.0,1.33
NYU_51090,NYU,train,anat,1.33 x 1 x 1,128 x 256 x 256,1.0,1.33
NYU_51091,NYU,train,anat,1.33 x 1 x 1,128 x 256 x 256,1.0,1.33
NYU_51093,NYU,train,anat,1.33 x 1 x 1,128 x 256 x 256,1.0,1.33
NYU_51094,NYU,val,anat,1.33 x 1 x 1,128 x 256 x 256,1.0,1.33
NYU_51095,NYU,train,anat,1.33 x 1 x 1,128 x 256 x 256,1.0,1.33
NYU_51096,NYU,train,anat,1.33 x 1 x 1,128 x 256 x 256,1.0,1.33
NYU_51097,NYU,train,anat,1.33 x 1 x 1,128 x 256 x 256,1.0,1.33
NYU_51098,NYU,train,anat,1.33 x 1 x 1,128 x 256 x 256,1.0,1.33
NYU_51099,NYU,train,anat,1.33 x 1 x 1,128 x 256 x 256,1.0,1.33
NYU_51100,NYU,train,anat,1.33 x 1 x 1,128 x 256 x 256,1.0,1.33
NYU_51101,NYU,train,anat,1.33 x 1 x 1,128 x 256 x 256,1.0,1.33
NYU_51102,NYU,train,anat,1.33 x 1 x 1,128 x 256 x 256,1.0,1.33
NYU_51103,NYU,train,anat,1.33 x 1 x 1,128 x 256 x 256,1.0,1.33
NYU_51104,NYU,train,anat,1.33 x 1 x 1,128 x 256 x 256,1.0,1.33
NYU_51105,NYU,train,anat,1.33 x 1 x 1,128 x 256 x 256,1.0,1.33
NYU_51106,NYU,train,anat,1.33 x 1 x 1,128 x 256 x 256,1.0,1.33
NYU_51107,NYU,train,anat,1.33 x 1 x 1,128 x 256 x 256,1.0,1.33
NYU_51108,NYU,train,anat,1.33 x 1 x 1,128 x 256 x 256,1.0,1.33
NYU_51109,NYU,test,anat,1.33 x 1 x 1,128 x 256 x 256,1.0,1.33
NYU_51110,NYU,train,anat,1.33 x 1 x 1,128 x 256 x 256,1.0,1.33
NYU_51111,NYU,test,anat,1.33 x 1 x 1,128 x 256 x 256,1.0,1.33
NYU_51112,NYU,train,anat,1.33 x 1 x 1,128 x 256 x 256,1.0,1.33
NYU_51113,NYU,val,anat,1.33 x 1 x 1,128 x 256 x 256,1.0,1.33
NYU_51114,NYU,train,anat,1.33 x 1 x 1,128 x 256 x 256,1.0,1.33
NYU_51115,NYU,train,anat,1.33 x 1 x 1,128 x 256 x 256,1.0,1.33
NYU_51116,NYU,train,anat,1.33 x 1 x 1,128 x 256 x 256,1.0,1.33
NYU_51117,NYU,val,anat,1.33 x 1 x 1,128 x 256 x 256,1.0,1.33
NYU_51118,NYU,train,anat,1.33 x 1 x 1,128 x 256 x 256,1.0,1.33
NYU_51119,NYU,train,anat,1.33 x 1 x 1,128 x 256 x 256,1.0,1.33
NYU_51120,NYU,train,anat,1.33 x 1 x 1,128 x 256 x 256,1.0,1.33
NYU_51121,NYU,train,anat,1.33 x 1 x 1,128 x 256 x 256,1.0,1.33
NYU_51122,NYU,train,anat,1.33 x 1 x 1,128 x 256 x 256,1.0,1.33
NYU_51123,NYU,train,anat,1.33 x 1 x 1,128 x 256 x 256,1.0,1.33
NYU_51124,NYU,train,anat,1.33 x 1 x 1,128 x 256 x 256,1.0,1.33
NYU_51125,NYU,train,anat,1.33 x 1 x 1,128 x 256 x 256,1.0,1.33
NYU_51126,NYU,train,anat,1.33 x 1 x 1,128 x 256 x 256,1.0,1.33
NYU_51127,NYU,train,anat,1.33 x 1 x 1,128 x 256 x 256,1.0,1.33
NYU_51128,NYU,val,anat,1.33 x 1 x 1,128 x 256 x 256,1.0,1.33
NYU_51129,NYU,train,anat,1.33 x 1 x 1,128 x 256 x 256,1.0,1.33
NYU_51130,NYU,train,anat,1.33 x 1 x 1,128 x 256 x 256,1.0,1.33
NYU_51131,NYU,train,anat,1.33 x 1 x 1,128 x 256 x 256,1.0,1.33
NYU_51146,NYU,train,anat,1.33 x 1 x 1,128 x 256 x 256,1.0,1.33
NYU_51147,NYU,val,anat,1.33 x 1 x 1,128 x 256 x 256,1.0,1.33
NYU_51148,NYU,train,anat,1.33 x 1 x 1,128 x 256 x 256,1.0,1.33
NYU_51149,NYU,train,anat,1.33 x 1 x 1,128 x 256 x 256,1.0,1.33
NYU_51150,NYU,train,anat,1.33 x 1 x 1,128 x 256 x 256,1.0,1.33
NYU_51151,NYU,val,anat,1.33 x 1 x 1,128 x 256 x 256,1.0,1.33
NYU_51152,NYU,train,anat,1.33 x 1 x 1,128 x 256 x 256,1.0,1.33
NYU_51153,NYU,test,anat,1.33 x 1 x 1,128 x 256 x 256,1.0,1.33
NYU_51154,NYU,val,anat,1.33 x 1 x 1,128 x 256 x 256,1.0,1.33
NYU_51155,NYU,train,anat,1.33 x 1 x 1,128 x 256 x 256,1.0,1.33
NYU_51156,NYU,train,anat,1.33 x 1 x 1,128 x 256 x 256,1.0,1.33
NYU_51159,NYU,test,anat,1.33 x 1 x 1,128 x 256 x 256,1.0,1.33
OHSU_50142,OHSU,train,anat,1.1 x 1 x 1,160 x 239 x 200,1.0,1.1
OHSU_50143,OHSU,train,anat,1.1 x 1 x 1,160 x 239 x 200,1.0,1.1
OHSU_50144,OHSU,train,anat,1.1 x 1 x 1,160 x 239 x 200,1.0,1.1
OHSU_50145,OHSU,train,anat,1.1 x 1 x 1,160 x 239 x 200,1.0,1.1
OHSU_50146,OHSU,train,anat,1.1 x 1 x 1,160 x 239 x 200,1.0,1.1
OHSU_50147,OHSU,train,anat,1.1 x 1 x 1,160 x 239 x 200,1.0,1.1
OHSU_50148,OHSU,test,anat,1.1 x 1 x 1,160 x 239 x 200,1.0,1.1
OHSU_50149,OHSU,val,anat,1.1 x 1 x 1,160 x 239 x 200,1.0,1.1
OHSU_50150,OHSU,train,anat,1.1 x 1 x 1,160 x 238 x 200,1.0,1.1
OHSU_50152,OHSU,train,anat,1.1 x 1 x 1,160 x 239 x 200,1.0,1.1
OHSU_50153,OHSU,val,anat,1.1 x 1 x 1,160 x 239 x 200,1.0,1.1
OHSU_50155,OHSU,train,anat,1.1 x 1 x 1,160 x 239 x 189,1.0,1.1
OHSU_50156,OHSU,train,anat,1.1 x 1 x 1,160 x 239 x 200,1.0,1.1
OHSU_50157,OHSU,train,anat,1.1 x 1 x 1,160 x 239 x 200,1.0,1.1
OHSU_50158,OHSU,test,anat,1.1 x 1 x 1,160 x 239 x 200,1.0,1.1
OHSU_50159,OHSU,train,anat,1.1 x 1 x 1,160 x 239 x 200,1.0,1.1
OHSU_50160,OHSU,train,anat,1.1 x 1 x 1,160 x 239 x 200,1.0,1.1
OHSU_50161,OHSU,train,anat,1.1 x 1 x 1,160 x 239 x 200,1.0,1.1
OHSU_50162,OHSU,train,anat,1.1 x 1 x 1,160 x 239 x 200,1.0,1.1
OHSU_50163,OHSU,test,anat,1.1 x 1 x 1,160 x 239 x 200,1.0,1.1
OHSU_50164,OHSU,val,anat,1.1 x 1 x 1,160 x 239 x 200,1.0,1.1
OHSU_50165,OHSU,train,anat,1.1 x 1 x 1,160 x 239 x 200,1.0,1.1
OHSU_50166,OHSU,train,anat,1.1 x 1 x 1,160 x 239 x 200,1.0,1.1
OHSU_50167,OHSU,train,anat,1.1 x 1 x 1,160 x 239 x 200,1.0,1.1
OHSU_50168,OHSU,train,anat,1.1 x 1 x 1,160 x 239 x 200,1.0,1.1
OHSU_50169,OHSU,train,anat,1.1 x 1 x 1,160 x 239 x 200,1.0,1.1
OHSU_50170,OHSU,train,anat,1.1 x 1 x 1,160 x 239 x 200,1.0,1.1
OHSU_50171,OHSU,train,anat,1.1 x 1 x 1,160 x 239 x 200,1.0,1.1
Olin_50102,Olin,train,anat,1 x 1 x 1,208 x 256 x 176,1.0,1.0
Olin_50103,Olin,train,anat,1 x 1 x 1,208 x 256 x 176,1.0,1.0
Olin_50104,Olin,train,anat,1 x 1 x 1,208 x 256 x 176,1.0,1.0
Olin_50105,Olin,train,anat,1 x 1 x 1,208 x 256 x 176,1.0,1.0
Olin_50106,Olin,train,anat,1 x 1 x 1,208 x 256 x 176,1.0,1.0
Olin_50107,Olin,train,anat,1 x 1 x 1,208 x 256 x 176,1.0,1.0
Olin_50108,Olin,val,anat,1 x 1 x 1,208 x 256 x 176,1.0,1.0
Olin_50109,Olin,test,anat,1 x 1 x 1,208 x 256 x 176,1.0,1.0
Olin_50110,Olin,train,anat,1 x 1 x 1,208 x 256 x 176,1.0,1.0
Olin_50111,Olin,train,anat,1 x 1 x 1,208 x 256 x 176,1.0,1.0
Olin_50112,Olin,train,anat,1 x 1 x 1,208 x 256 x 176,1.0,1.0
Olin_50113,Olin,train,anat,1 x 1 x 1,208 x 256 x 176,1.0,1.0
Olin_50114,Olin,train,anat,1 x 1 x 1,208 x 256 x 176,1.0,1.0
Olin_50115,Olin,train,anat,1 x 1 x 1,208 x 256 x 176,1.0,1.0
Olin_50116,Olin,test,anat,1 x 1 x 1,208 x 256 x 176,1.0,1.0
Olin_50117,Olin,train,anat,1 x 1 x 1,208 x 256 x 176,1.0,1.0
Olin_50118,Olin,train,anat,1 x 1 x 1,208 x 256 x 176,1.0,1.0
Olin_50119,Olin,train,anat,1 x 1 x 1,208 x 256 x 176,1.0,1.0
Olin_50120,Olin,val,anat,1 x 1 x 1,208 x 256 x 176,1.0,1.0
Olin_50121,Olin,train,anat,1 x 1 x 1,208 x 256 x 176,1.0,1.0
Olin_50122,Olin,val,anat,1 x 1 x 1,176 x 256 x 176,1.0,1.0
Olin_50123,Olin,train,anat,1 x 1 x 1,208 x 256 x 176,1.0,1.0
Olin_50124,Olin,train,anat,1 x 1 x 1,208 x 256 x 176,1.0,1.0
Olin_50125,Olin,train,anat,1 x 1 x 1,208 x 256 x 176,1.0,1.0
Olin_50126,Olin,train,anat,1 x 1 x 1,208 x 256 x 176,1.0,1.0
Olin_50127,Olin,val,anat,1 x 1 x 1,208 x 256 x 176,1.0,1.0
Olin_50128,Olin,train,anat,1 x 1 x 1,208 x 256 x 176,1.0,1.0
Olin_50129,Olin,train,anat,1 x 1 x 1,208 x 256 x 176,1.0,1.0
Olin_50130,Olin,test,anat,1 x 1 x 1,208 x 256 x 176,1.0,1.0
Olin_50131,Olin,train,anat,1 x 1 x 1,208 x 256 x 176,1.0,1.0
Olin_50132,Olin,train,anat,1 x 1 x 1,208 x 256 x 176,1.0,1.0
Olin_50133,Olin,train,anat,1 x 1 x 1,208 x 256 x 176,1.0,1.0
Olin_50134,Olin,train,anat,1 x 1 x 1,208 x 256 x 176,1.0,1.0
Olin_50135,Olin,train,anat,1 x 1 x 1,208 x 256 x 176,1.0,1.0
Olin_50136,Olin,train,anat,1 x 1 x 1,208 x 256 x 176,1.0,1.0
Olin_50137,Olin,train,anat,1 x 1 x 1,208 x 256 x 176,1.0,1.0
Pitt_50002,Pitt,train,anat,1.05 x 1.051 x 1.051,176 x 256 x 256,1.05,1.051
Pitt_50003,Pitt,train,anat,1.05 x 1.051 x 1.051,176 x 256 x 256,1.05,1.051
Pitt_50004,Pitt,train,anat,1.05 x 1.051 x 1.051,176 x 256 x 256,1.05,1.051
Pitt_50005,Pitt,train,anat,1.05 x 1.051 x 1.051,176 x 256 x 256,1.05,1.051
Pitt_50006,Pitt,train,anat,1.05 x 1.051 x 1.051,176 x 256 x 256,1.05,1.051
Pitt_50007,Pitt,train,anat,1.05 x 1.051 x 1.051,176 x 256 x 256,1.05,1.051
Pitt_50008,Pitt,train,anat,1.05 x 1.051 x 1.051,176 x 256 x 256,1.05,1.051
Pitt_50009,Pitt,val,anat,1.05 x 1.051 x 1.051,176 x 256 x 256,1.05,1.051
Pitt_50010,Pitt,train,anat,1.05 x 1.051 x 1.051,176 x 256 x 256,1.05,1.051
Pitt_50011,Pitt,train,anat,1.05 x 1.051 x 1.051,176 x 256 x 256,1.05,1.051
Pitt_50012,Pitt,val,anat,1.05 x 1.051 x 1.051,176 x 256 x 256,1.05,1.051
Pitt_50013,Pitt,train,anat,1.05 x 1.051 x 1.051,176 x 256 x 256,1.05,1.051
Pitt_50014,Pitt,train,anat,1.05 x 1.051 x 1.051,176 x 256 x 256,1.05,1.051
Pitt_50015,Pitt,train,anat,1.05 x 1.051 x 1.051,176 x 256 x 256,1.05,1.051
Pitt_50016,Pitt,test,anat,1.05 x 1.051 x 1.051,176 x 256 x 256,1.05,1.051
Pitt_50017,Pitt,train,anat,1.05 x 1.051 x 1.051,176 x 256 x 256,1.05,1.051
Pitt_50019,Pitt,train,anat,1.05 x 1.051 x 1.051,176 x 256 x 256,1.05,1.051
Pitt_50020,Pitt,train,anat,1.05 x 1.051 x 1.051,176 x 256 x 256,1.05,1.051
Pitt_50022,Pitt,val,anat,1.05 x 1.051 x 1.051,176 x 256 x 256,1.05,1.051
Pitt_50023,Pitt,train,anat,1.05 x 1.051 x 1.051,176 x 256 x 256,1.05,1.051
Pitt_50024,Pitt,val,anat,1.05 x 1.051 x 1.051,176 x 256 x 256,1.05,1.051
Pitt_50025,Pitt,train,anat,1.05 x 1.051 x 1.051,176 x 256 x 256,1.05,1.051
Pitt_50026,Pitt,val,anat,1.05 x 1.051 x 1.051,176 x 256 x 256,1.05,1.051
Pitt_50027,Pitt,train,anat,1.05 x 1.051 x 1.051,176 x 256 x 256,1.05,1.051
Pitt_50028,Pitt,train,anat,1.05 x 1.051 x 1.051,176 x 256 x 256,1.05,1.051
Pitt_50029,Pitt,train,anat,1.05 x 1.051 x 1.051,176 x 256 x 256,1.05,1.051
Pitt_50030,Pitt,train,anat,1.05 x 1.051 x 1.051,176 x 256 x 256,1.05,1.051
Pitt_50031,Pitt,train,anat,1.05 x 1.051 x 1.051,176 x 256 x 256,1.05,1.051
Pitt_50032,Pitt,test,anat,1.05 x 1.051 x 1.051,176 x 256 x 256,1.05,1.051
Pitt_50033,Pitt,train,anat,1.05 x 1.051 x 1.051,176 x 256 x 256,1.05,1.051
Pitt_50034,Pitt,train,anat,1.05 x 1.051 x 1.051,176 x 256 x 256,1.05,1.051
Pitt_50035,Pitt,train,anat,1.05 x 1.051 x 1.051,176 x 256 x 256,1.05,1.051
Pitt_50036,Pitt,train,anat,1.05 x 1.051 x 1.051,176 x 256 x 256,1.05,1.051
Pitt_50037,Pitt,train,anat,1.05 x 1.051 x 1.051,176 x 256 x 256,1.05,1.051
Pitt_50038,Pitt,train,anat,1.05 x 1.051 x 1.051,176 x 256 x 256,1.05,1.051
Pitt_50039,Pitt,train,anat,1.05 x 1.051 x 1.051,176 x 256 x 256,1.05,1.051
Pitt_50040,Pitt,train,anat,1.05 x 1.051 x 1.051,176 x 256 x 256,1.05,1.051
Pitt_50041,Pitt,train,anat,1.05 x 1.051 x 1.051,176 x 256 x 256,1.05,1.051
Pitt_50042,Pitt,test,anat,1.05 x 1.051 x 1.051,176 x 256 x 256,1.05,1.051
Pitt_50043,Pitt,train,anat,1.05 x 1.051 x 1.051,176 x 256 x 256,1.05,1.051
Pitt_50044,Pitt,train,anat,1.05 x 1.051 x 1.051,176 x 256 x 256,1.05,1.051
Pitt_50045,Pitt,train,anat,1.05 x 1.051 x 1.051,176 x 256 x 256,1.05,1.051
Pitt_50046,Pitt,test,anat,1.05 x 1.051 x 1.051,176 x 256 x 256,1.05,1.051
Pitt_50047,Pitt,train,anat,1.05 x 1.051 x 1.051,176 x 256 x 256,1.05,1.051
Pitt_50048,Pitt,train,anat,1.05 x 1.051 x 1.051,176 x 256 x 256,1.05,1.051
Pitt_50049,Pitt,train,anat,1.05 x 1.051 x 1.051,176 x 256 x 256,1.05,1.051
Pitt_50050,Pitt,train,anat,1.05 x 1.051 x 1.051,176 x 256 x 256,1.05,1.051
Pitt_50051,Pitt,train,anat,1.05 x 1.051 x 1.051,176 x 256 x 256,1.05,1.051
Pitt_50052,Pitt,train,anat,1.05 x 1.051 x 1.051,176 x 256 x 256,1.05,1.051
Pitt_50053,Pitt,train,anat,1.05 x 1.051 x 1.051,176 x 256 x 256,1.05,1.051
Pitt_50054,Pitt,train,anat,1.05 x 1.051 x 1.051,176 x 256 x 256,1.05,1.051
Pitt_50055,Pitt,test,anat,1.05 x 1.051 x 1.051,176 x 256 x 256,1.05,1.051
Pitt_50056,Pitt,train,anat,1.05 x 1.051 x 1.051,176 x 256 x 256,1.05,1.051
Pitt_50057,Pitt,train,anat,1.05 x 1.051 x 1.051,176 x 256 x 256,1.05,1.051
Pitt_50058,Pitt,train,anat,1.05 x 1.051 x 1.051,176 x 256 x 256,1.05,1.051
Pitt_50059,Pitt,train,anat,1.05 x 1.051 x 1.051,176 x 256 x 256,1.05,1.051
Pitt_50060,Pitt,val,anat,1.05 x 1.051 x 1.051,176 x 256 x 256,1.05,1.051
SBL_51556,SBL,train,anat,1 x 1 x 1,256 x 256 x 170,1.0,1.0
SBL_51557,SBL,train,anat,1 x 1 x 1,256 x 256 x 170,1.0,1.0
SBL_51558,SBL,train,anat,1 x 1 x 1,256 x 256 x 170,1.0,1.0
SBL_51559,SBL,train,anat,1 x 1 x 1,256 x 256 x 170,1.0,1.0
SBL_51560,SBL,train,anat,1 x 1 x 1,256 x 256 x 170,1.0,1.0
SBL_51561,SBL,train,anat,1 x 1 x 1,256 x 256 x 170,1.0,1.0
SBL_51562,SBL,test,anat,1 x 1 x 1,256 x 256 x 170,1.0,1.0
SBL_51563,SBL,val,anat,1 x 1 x 1,256 x 256 x 170,1.0,1.0
SBL_51564,SBL,train,anat,1 x 1 x 1,256 x 256 x 170,1.0,1.0
SBL_51565,SBL,train,anat,1 x 1 x 1,256 x 256 x 170,1.0,1.0
SBL_51566,SBL,val,anat,1 x 1 x 1,256 x 256 x 170,1.0,1.0
SBL_51567,SBL,train,anat,1 x 1 x 1,256 x 256 x 170,1.0,1.0
SBL_51568,SBL,train,anat,1 x 1 x 1,256 x 256 x 170,1.0,1.0
SBL_51569,SBL,train,anat,1 x 1 x 1,256 x 256 x 170,1.0,1.0
SBL_51570,SBL,test,anat,1 x 1 x 1,256 x 256 x 170,1.0,1.0
SBL_51571,SBL,train,anat,1 x 1 x 1,256 x 256 x 170,1.0,1.0
SBL_51572,SBL,train,anat,1 x 1 x 1,256 x 256 x 170,1.0,1.0
SBL_51573,SBL,train,anat,1 x 1 x 1,256 x 256 x 170,1.0,1.0
SBL_51574,SBL,train,anat,1 x 1 x 1,256 x 256 x 170,1.0,1.0
SBL_51575,SBL,test,anat,1 x 1 x 1,256 x 256 x 170,1.0,1.0
SBL_51576,SBL,val,anat,1 x 1 x 1,256 x 256 x 170,1.0,1.0
SBL_51577,SBL,train,anat,1 x 1 x 1,256 x 256 x 170,1.0,1.0
SBL_51578,SBL,train,anat,1 x 1 x 1,256 x 256 x 170,1.0,1.0
SBL_51579,SBL,train,anat,1 x 1 x 1,256 x 256 x 170,1.0,1.0
SBL_51580,SBL,train,anat,1 x 1 x 1,256 x 256 x 170,1.0,1.0
SBL_51581,SBL,train,anat,1 x 1 x 1,256 x 256 x 170,1.0,1.0
SBL_51582,SBL,train,anat,1 x 1 x 1,256 x 256 x 170,1.0,1.0
SBL_51583,SBL,train,anat,1 x 1 x 1,256 x 256 x 170,1.0,1.0
SBL_51584,SBL,train,anat,1 x 1 x 1,256 x 256 x 170,1.0,1.0
SBL_51585,SBL,train,anat,1 x 1 x 1,256 x 256 x 170,1.0,1.0
SDSU_50182,SDSU,train,anat,1 x 1 x 1,172 x 256 x 256,1.0,1.0
SDSU_50183,SDSU,train,anat,1 x 1 x 1,172 x 256 x 256,1.0,1.0
SDSU_50184,SDSU,train,anat,1 x 1 x 1,172 x 256 x 256,1.0,1.0
SDSU_50185,SDSU,train,anat,1 x 1 x 1,172 x 256 x 256,1.0,1.0
SDSU_50186,SDSU,train,anat,1 x 1 x 1,172 x 256 x 256,1.0,1.0
SDSU_50187,SDSU,train,anat,1 x 1 x 1,172 x 256 x 256,1.0,1.0
SDSU_50188,SDSU,val,anat,1 x 1 x 1,172 x 256 x 256,1.0,1.0
SDSU_50189,SDSU,test,anat,1 x 1 x 1,172 x 256 x 256,1.0,1.0
SDSU_50190,SDSU,train,anat,1 x 1 x 1,172 x 256 x 256,1.0,1.0
SDSU_50191,SDSU,train,anat,1 x 1 x 1,172 x 256 x 256,1.0,1.0
SDSU_50192,SDSU,train,anat,1 x 1 x 1,172 x 256 x 256,1.0,1.0
SDSU_50193,SDSU,train,anat,1 x 1 x 1,172 x 256 x 256,1.0,1.0
SDSU_50194,SDSU,train,anat,1 x 1 x 1,172 x 256 x 256,1.0,1.0
SDSU_50195,SDSU,train,anat,1 x 1 x 1,172 x 256 x 256,1.0,1.0
SDSU_50196,SDSU,test,anat,1 x 1 x 1,172 x 256 x 256,1.0,1.0
SDSU_50197,SDSU,train,anat,1 x 1 x 1,172 x 256 x 256,1.0,1.0
SDSU_50198,SDSU,train,anat,1 x 1 x 1,172 x 256 x 256,1.0,1.0
SDSU_50199,SDSU,train,anat,1 x 1 x 1,172 x 256 x 256,1.0,1.0
SDSU_50200,SDSU,val,anat,1 x 1 x 1,172 x 256 x 256,1.0,1.0
SDSU_50201,SDSU,train,anat,1 x 1 x 1,172 x 256 x 256,1.0,1.0
SDSU_50202,SDSU,val,anat,1 x 1 x 1,172 x 256 x 256,1.0,1.0
SDSU_50203,SDSU,train,anat,1 x 1 x 1,172 x 256 x 256,1.0,1.0
SDSU_50204,SDSU,train,anat,1 x 1 x 1,172 x 256 x 256,1.0,1.0
SDSU_50205,SDSU,train,anat,1 x 1 x 1,172 x 256 x 256,1.0,1.0
SDSU_50206,SDSU,train,anat,1 x 1 x 1,172 x 256 x 256,1.0,1.0
SDSU_50207,SDSU,val,anat,1 x 1 x 1,172 x 256 x 256,1.0,1.0
SDSU_50208,SDSU,train,anat,1 x 1 x 1,172 x 256 x 256,1.0,1.0
SDSU_50209,SDSU,train,anat,1 x 1 x 1,172 x 256 x 256,1.0,1.0
SDSU_50210,SDSU,test,anat,1 x 1 x 1,172 x 256 x 256,1.0,1.0
SDSU_50211,SDSU,train,anat,1 x 1 x 1,172 x 256 x 256,1.0,1.0
SDSU_50212,SDSU,train,anat,1 x 1 x 1,172 x 256 x 256,1.0,1.0
SDSU_50213,SDSU,train,anat,1 x 1 x 1,172 x 256 x 256,1.0,1.0
SDSU_50214,SDSU,train,anat,1 x 1 x 1,172 x 256 x 256,1.0,1.0
SDSU_50215,SDSU,train,anat,1 x 1 x 1,172 x 256 x 256,1.0,1.0
SDSU_50216,SDSU,train,anat,1 x 1 x 1,172 x 256 x 256,1.0,1.0
SDSU_50217,SDSU,train,anat,1 x 1 x 1,172 x 256 x 256,1.0,1.0
Stanford_51160,Stanford,train,anat,0.859 x 1.5 x 0.859,256 x 132 x 256,0.859,1.5
Stanford_51161,Stanford,train,anat,0.859 x 1.5 x 0.859,256 x 132 x 256,0.859,1.5
Stanford_51162,Stanford,train,anat,0.859 x 1.5 x 0.859,256 x 132 x 256,0.859,1.5
Stanford_51163,Stanford,train,anat,0.859 x 1.5 x 0.859,256 x 132 x 256,0.859,1.5
Stanford_51164,Stanford,train,anat,0.859 x 1.5 x 0.859,256 x 132 x 256,0.859,1.5
Stanford_51165,Stanford,train,anat,0.859 x 1.5 x 0.859,256 x 132 x 256,0.859,1.5
Stanford_51166,Stanford,train,anat,0.859 x 1.5 x 0.859,256 x 132 x 256,0.859,1.5
Stanford_51167,Stanford,test,anat,0.859 x 1.5 x 0.859,256 x 132 x 256,0.859,1.5
Stanford_51168,Stanford,train,anat,0.859 x 1.5 x 0.859,256 x 132 x 256,0.859,1.5
Stanford_51169,Stanford,train,anat,0.859 x 1.5 x 0.859,256 x 132 x 256,0.859,1.5
Stanford_51170,Stanford,val,anat,0.859 x 1.5 x 0.859,256 x 132 x 256,0.859,1.5
Stanford_51171,Stanford,train,anat,0.859 x 1.5 x 0.859,256 x 132 x 256,0.859,1.5
Stanford_51172,Stanford,train,anat,0.859 x 1.5 x 0.859,256 x 132 x 256,0.859,1.5
Stanford_51173,Stanford,train,anat,0.859 x 1.5 x 0.859,256 x 132 x 256,0.859,1.5
Stanford_51174,Stanford,test,anat,0.859 x 1.5 x 0.859,256 x 132 x 256,0.859,1.5
Stanford_51175,Stanford,train,anat,0.859 x 1.5 x 0.859,256 x 132 x 256,0.859,1.5
Stanford_51176,Stanford,train,anat,0.859 x 1.5 x 0.859,256 x 132 x 256,0.859,1.5
Stanford_51177,Stanford,train,anat,0.859 x 1.5 x 0.859,256 x 132 x 256,0.859,1.5
Stanford_51178,Stanford,val,anat,0.859 x 1.5 x 0.859,256 x 132 x 256,0.859,1.5
Stanford_51179,Stanford,train,anat,0.859 x 1.5 x 0.859,256 x 132 x 256,0.859,1.5
Stanford_51180,Stanford,val,anat,0.859 x 1.5 x 0.859,256 x 132 x 256,0.859,1.5
Stanford_51181,Stanford,train,anat,0.859 x 1.5 x 0.859,256 x 132 x 256,0.859,1.5
Stanford_51182,Stanford,val,anat,0.859 x 1.5 x 0.859,256 x 132 x 256,0.859,1.5
Stanford_51183,Stanford,train,anat,0.859 x 1.5 x 0.859,256 x 132 x 256,0.859,1.5
Stanford_51184,Stanford,train,anat,0.859 x 1.5 x 0.859,256 x 132 x 256,0.859,1.5
Stanford_51185,Stanford,train,anat,0.859 x 1.5 x 0.859,256 x 132 x 256,0.859,1.5
Stanford_51186,Stanford,train,anat,0.859 x 1.5 x 0.859,256 x 132 x 256,0.859,1.5
Stanford_51187,Stanford,train,anat,0.859 x 1.5 x 0.859,256 x 132 x 256,0.859,1.5
Stanford_51188,Stanford,test,anat,0.859 x 1.5 x 0.859,256 x 132 x 256,0.859,1.5
Stanford_51189,Stanford,train,anat,0.859 x 1.5 x 0.859,256 x 132 x 256,0.859,1.5
Stanford_51190,Stanford,train,anat,0.859 x 1.5 x 0.859,256 x 132 x 256,0.859,1.5
Stanford_51191,Stanford,train,anat,0.859 x 1.5 x 0.859,256 x 132 x 256,0.859,1.5
Stanford_51192,Stanford,train,anat,0.859 x 1.5 x 0.859,256 x 132 x 256,0.859,1.5
Stanford_51193,Stanford,train,anat,0.859 x 1.5 x 0.859,256 x 132 x 256,0.859,1.5
Stanford_51194,Stanford,train,anat,0.859 x 1.5 x 0.859,256 x 132 x 256,0.859,1.5
Stanford_51195,Stanford,train,anat,0.859 x 1.5 x 0.859,256 x 132 x 256,0.859,1.5
Stanford_51196,Stanford,train,anat,0.859 x 1.5 x 0.859,256 x 132 x 256,0.859,1.5
Stanford_51197,Stanford,train,anat,0.859 x 1.5 x 0.859,256 x 132 x 256,0.859,1.5
Stanford_51198,Stanford,test,anat,0.859 x 1.5 x 0.859,256 x 132 x 256,0.859,1.5
Stanford_51199,Stanford,train,anat,0.859 x 1.5 x 0.859,256 x 132 x 256,0.859,1.5
Trinity_50232,Trinity,train,anat,1 x 1 x 1,160 x 256 x 256,1.0,1.0
Trinity_50233,Trinity,train,anat,1 x 1 x 1,160 x 256 x 256,1.0,1.0
Trinity_50234,Trinity,train,anat,1 x 1 x 1,160 x 256 x 256,1.0,1.0
Trinity_50235,Trinity,train,anat,1 x 1 x 1,160 x 256 x 256,1.0,1.0
Trinity_50236,Trinity,train,anat,1 x 1 x 1,160 x 256 x 256,1.0,1.0
Trinity_50237,Trinity,train,anat,1 x 0.931 x 0.931,160 x 288 x 288,0.931,1.0
Trinity_50238,Trinity,train,anat,1 x 1 x 1,160 x 256 x 256,1.0,1.0
Trinity_50239,Trinity,test,anat,1 x 1 x 1,160 x 256 x 256,1.0,1.0
Trinity_50240,Trinity,train,anat,1 x 1 x 1,160 x 256 x 256,1.0,1.0
Trinity_50241,Trinity,train,anat,1 x 1 x 1,160 x 256 x 256,1.0,1.0
Trinity_50242,Trinity,val,anat,1 x 1 x 1,160 x 256 x 256,1.0,1.0
Trinity_50243,Trinity,train,anat,1 x 1 x 1,160 x 256 x 256,1.0,1.0
Trinity_50244,Trinity,train,anat,1 x 1 x 1,160 x 256 x 256,1.0,1.0
Trinity_50245,Trinity,train,anat,1 x 1 x 1,160 x 256 x 256,1.0,1.0
Trinity_50246,Trinity,test,anat,1 x 1 x 1,160 x 256 x 256,1.0,1.0
Trinity_50247,Trinity,train,anat,1 x 1 x 1,160 x 256 x 256,1.0,1.0
Trinity_50248,Trinity,train,anat,1 x 1 x 1,160 x 256 x 256,1.0,1.0
Trinity_50249,Trinity,train,anat,1 x 1 x 1,160 x 256 x 256,1.0,1.0
Trinity_50250,Trinity,val,anat,1 x 1 x 1,160 x 256 x 256,1.0,1.0
Trinity_50251,Trinity,train,anat,1 x 1 x 1,160 x 256 x 256,1.0,1.0
Trinity_50252,Trinity,val,anat,1 x 1 x 1,160 x 256 x 256,1.0,1.0
Trinity_50253,Trinity,train,anat,1 x 1 x 1,160 x 256 x 256,1.0,1.0
Trinity_50254,Trinity,val,anat,1 x 1 x 1,160 x 256 x 256,1.0,1.0
Trinity_50255,Trinity,train,anat,1 x 1 x 1,160 x 256 x 256,1.0,1.0
Trinity_50257,Trinity,train,anat,1 x 1 x 1,160 x 256 x 256,1.0,1.0
Trinity_50259,Trinity,train,anat,1 x 1 x 1,160 x 256 x 256,1.0,1.0
Trinity_50260,Trinity,train,anat,1 x 1 x 1,160 x 256 x 256,1.0,1.0
Trinity_50261,Trinity,train,anat,1 x 1 x 1,160 x 256 x 256,1.0,1.0
Trinity_50262,Trinity,test,anat,1 x 1 x 1,160 x 256 x 256,1.0,1.0
Trinity_50263,Trinity,train,anat,1 x 1 x 1,160 x 256 x 256,1.0,1.0
Trinity_50264,Trinity,train,anat,1 x 1 x 1,160 x 256 x 256,1.0,1.0
Trinity_50265,Trinity,train,anat,1 x 1 x 1,160 x 256 x 256,1.0,1.0
Trinity_50266,Trinity,train,anat,1 x 1 x 1,160 x 256 x 256,1.0,1.0
Trinity_50267,Trinity,train,anat,1 x 1 x 1,160 x 256 x 256,1.0,1.0
Trinity_50268,Trinity,train,anat,1 x 1 x 1,160 x 256 x 256,1.0,1.0
Trinity_50269,Trinity,train,anat,1 x 1 x 1,160 x 256 x 256,1.0,1.0
Trinity_50270,Trinity,train,anat,1 x 1 x 1,160 x 256 x 256,1.0,1.0
Trinity_50271,Trinity,train,anat,1 x 1 x 1,160 x 256 x 256,1.0,1.0
Trinity_51132,Trinity,test,anat,1 x 1 x 1,160 x 256 x 256,1.0,1.0
Trinity_51133,Trinity,train,anat,1 x 1 x 1,160 x 256 x 256,1.0,1.0
Trinity_51134,Trinity,train,anat,1 x 1 x 1,160 x 256 x 256,1.0,1.0
Trinity_51135,Trinity,train,anat,1 x 1 x 1,160 x 256 x 256,1.0,1.0
Trinity_51136,Trinity,test,anat,1 x 1 x 1,160 x 256 x 256,1.0,1.0
Trinity_51137,Trinity,train,anat,1 x 1 x 1,160 x 256 x 256,1.0,1.0
Trinity_51138,Trinity,train,anat,1 x 1 x 1,160 x 256 x 256,1.0,1.0
Trinity_51139,Trinity,train,anat,1 x 1 x 1,160 x 256 x 256,1.0,1.0
Trinity_51140,Trinity,train,anat,1 x 1 x 1,160 x 256 x 256,1.0,1.0
Trinity_51141,Trinity,train,anat,1 x 1 x 1,160 x 256 x 256,1.0,1.0
Trinity_51142,Trinity,val,anat,1 x 1 x 1,160 x 256 x 256,1.0,1.0
UCLA_51201,UCLA,train,anat,1.2 x 1 x 1,160 x 240 x 256,1.0,1.2
UCLA_51202,UCLA,val,anat,1.2 x 1 x 1,160 x 240 x 256,1.0,1.2
UCLA_51203,UCLA,val,anat,1.2 x 1 x 1,160 x 240 x 256,1.0,1.2
UCLA_51204,UCLA,train,anat,1.2 x 1 x 1,160 x 240 x 256,1.0,1.2
UCLA_51205,UCLA,train,anat,1.2 x 1 x 1,160 x 240 x 256,1.0,1.2
UCLA_51206,UCLA,train,anat,1.2 x 1 x 1,160 x 240 x 256,1.0,1.2
UCLA_51207,UCLA,train,anat,1.2 x 1 x 1,160 x 240 x 256,1.0,1.2
UCLA_51208,UCLA,train,anat,1.2 x 1 x 1,160 x 240 x 256,1.0,1.2
UCLA_51209,UCLA,train,anat,1.2 x 1 x 1,160 x 240 x 256,1.0,1.2
UCLA_51210,UCLA,train,anat,1.2 x 1 x 1,160 x 240 x 256,1.0,1.2
UCLA_51211,UCLA,train,anat,1.2 x 1 x 1,160 x 240 x 256,1.0,1.2
UCLA_51212,UCLA,train,anat,1.2 x 1 x 1,160 x 240 x 256,1.0,1.2
UCLA_51213,UCLA,train,anat,1.2 x 1 x 1,160 x 240 x 256,1.0,1.2
UCLA_51214,UCLA,train,anat,1.2 x 1 x 1,160 x 240 x 256,1.0,1.2
UCLA_51215,UCLA,test,anat,1.2 x 1 x 1,160 x 240 x 256,1.0,1.2
UCLA_51216,UCLA,train,anat,1.2 x 1 x 1,160 x 240 x 256,1.0,1.2
UCLA_51217,UCLA,train,anat,1.2 x 1 x 1,160 x 240 x 256,1.0,1.2
UCLA_51218,UCLA,train,anat,1.2 x 1 x 1,160 x 240 x 256,1.0,1.2
UCLA_51219,UCLA,train,anat,1.2 x 1 x 1,160 x 240 x 256,1.0,1.2
UCLA_51220,UCLA,train,anat,1.2 x 1 x 1,160 x 240 x 256,1.0,1.2
UCLA_51221,UCLA,test,anat,1.2 x 1 x 1,160 x 240 x 256,1.0,1.2
UCLA_51222,UCLA,val,anat,1.2 x 1 x 1,160 x 240 x 256,1.0,1.2
UCLA_51223,UCLA,train,anat,1.2 x 1 x 1,160 x 240 x 256,1.0,1.2
UCLA_51224,UCLA,val,anat,1.2 x 1 x 1,160 x 240 x 256,1.0,1.2
UCLA_51225,UCLA,train,anat,1.2 x 1 x 1,160 x 240 x 256,1.0,1.2
UCLA_51226,UCLA,train,anat,1.2 x 1 x 1,160 x 240 x 256,1.0,1.2
UCLA_51227,UCLA,train,anat,1.2 x 1 x 1,160 x 240 x 256,1.0,1.2
UCLA_51228,UCLA,train,anat,1.2 x 1 x 1,160 x 240 x 256,1.0,1.2
UCLA_51229,UCLA,train,anat,1.2 x 1 x 1,160 x 240 x 256,1.0,1.2
UCLA_51230,UCLA,val,anat,1.2 x 1 x 1,160 x 240 x 256,1.0,1.2
UCLA_51231,UCLA,train,anat,1.2 x 1 x 1,160 x 240 x 256,1.0,1.2
UCLA_51232,UCLA,train,hires-unknown,1.5 x 1.5 x 4,128 x 128 x 34,1.5,4.0
UCLA_51233,UCLA,train,hires-unknown,1.5 x 1.5 x 4,128 x 128 x 34,1.5,4.0
UCLA_51234,UCLA,train,anat,1.2 x 1 x 1,160 x 240 x 256,1.0,1.2
UCLA_51235,UCLA,train,anat,1.2 x 1 x 1,160 x 240 x 256,1.0,1.2
UCLA_51236,UCLA,train,anat,1.2 x 1 x 1,160 x 240 x 256,1.0,1.2
UCLA_51237,UCLA,train,anat,1.2 x 1 x 1,160 x 240 x 256,1.0,1.2
UCLA_51238,UCLA,val,anat,1.2 x 1 x 1,160 x 240 x 256,1.0,1.2
UCLA_51239,UCLA,train,anat,1.2 x 1 x 1,160 x 240 x 256,1.0,1.2
UCLA_51240,UCLA,train,anat,1.2 x 1 x 1,160 x 240 x 256,1.0,1.2
UCLA_51241,UCLA,train,anat,1.2 x 1 x 1,160 x 240 x 256,1.0,1.2
UCLA_51242,UCLA,train,hires-unknown,1.5 x 1.5 x 4,128 x 128 x 34,1.5,4.0
UCLA_51243,UCLA,train,hires-unknown,1.5 x 1.5 x 4,128 x 128 x 34,1.5,4.0
UCLA_51244,UCLA,train,hires-unknown,1.5 x 1.5 x 4,128 x 128 x 34,1.5,4.0
UCLA_51245,UCLA,train,hires-unknown,1.5 x 1.5 x 4,128 x 128 x 34,1.5,4.0
UCLA_51246,UCLA,train,hires-unknown,1.5 x 1.5 x 4,128 x 128 x 34,1.5,4.0
UCLA_51247,UCLA,train,hires-unknown,1.5 x 1.5 x 4,128 x 128 x 34,1.5,4.0
UCLA_51248,UCLA,train,anat,1.2 x 1 x 1,160 x 240 x 256,1.0,1.2
UCLA_51249,UCLA,train,anat,1.2 x 1 x 1,160 x 240 x 256,1.0,1.2
UCLA_51250,UCLA,train,anat,1.2 x 1 x 1,160 x 240 x 256,1.0,1.2
UCLA_51251,UCLA,train,anat,1.2 x 1 x 1,160 x 240 x 256,1.0,1.2
UCLA_51252,UCLA,test,anat,1.2 x 1 x 1,160 x 240 x 256,1.0,1.2
UCLA_51253,UCLA,val,anat,1.2 x 1 x 1,160 x 240 x 256,1.0,1.2
UCLA_51254,UCLA,train,anat,1.2 x 1 x 1,160 x 240 x 256,1.0,1.2
UCLA_51255,UCLA,train,anat,1.2 x 1 x 1,160 x 240 x 256,1.0,1.2
UCLA_51256,UCLA,train,anat,1.2 x 1 x 1,160 x 240 x 256,1.0,1.2
UCLA_51257,UCLA,train,anat,1.2 x 1 x 1,160 x 240 x 256,1.0,1.2
UCLA_51258,UCLA,train,anat,1.2 x 1 x 1,160 x 240 x 256,1.0,1.2
UCLA_51259,UCLA,train,anat,1.2 x 1 x 1,160 x 240 x 256,1.0,1.2
UCLA_51260,UCLA,train,anat,1.2 x 1 x 1,160 x 240 x 256,1.0,1.2
UCLA_51261,UCLA,test,anat,1.2 x 1 x 1,160 x 240 x 256,1.0,1.2
UCLA_51262,UCLA,train,anat,1.2 x 1 x 1,160 x 240 x 256,1.0,1.2
UCLA_51263,UCLA,train,anat,1 x 0.977 x 0.977,176 x 214 x 205,0.977,1.0
UCLA_51264,UCLA,val,anat,1.2 x 1 x 1,160 x 240 x 256,1.0,1.2
UCLA_51265,UCLA,train,anat,1.2 x 1 x 1,160 x 240 x 256,1.0,1.2
UCLA_51266,UCLA,train,anat,1.2 x 1 x 1,160 x 240 x 256,1.0,1.2
UCLA_51267,UCLA,train,anat,1.2 x 1 x 1,160 x 240 x 256,1.0,1.2
UCLA_51268,UCLA,train,anat,1.2 x 1 x 1,160 x 240 x 256,1.0,1.2
UCLA_51269,UCLA,train,anat,1.2 x 1 x 1,160 x 240 x 256,1.0,1.2
UCLA_51270,UCLA,train,hires-unknown,1.5 x 1.5 x 4,128 x 128 x 34,1.5,4.0
UCLA_51271,UCLA,train,anat,1.2 x 1 x 1,160 x 240 x 256,1.0,1.2
UCLA_51272,UCLA,test,anat,1.2 x 1 x 1,160 x 240 x 256,1.0,1.2
UCLA_51273,UCLA,train,anat,1.2 x 1 x 1,160 x 240 x 256,1.0,1.2
UCLA_51274,UCLA,train,anat,1.2 x 1 x 1,160 x 240 x 256,1.0,1.2
UCLA_51275,UCLA,test,anat,1.2 x 1 x 1,160 x 240 x 256,1.0,1.2
UCLA_51276,UCLA,train,anat,1.2 x 1 x 1,160 x 240 x 256,1.0,1.2
UCLA_51277,UCLA,train,anat,1.2 x 1 x 1,160 x 240 x 256,1.0,1.2
UCLA_51278,UCLA,train,anat,1.2 x 1 x 1,160 x 240 x 256,1.0,1.2
UCLA_51279,UCLA,train,anat,1.2 x 1 x 1,160 x 240 x 256,1.0,1.2
UCLA_51280,UCLA,train,anat,1.2 x 1 x 1,160 x 240 x 256,1.0,1.2
UCLA_51281,UCLA,train,anat,1.2 x 1 x 1,160 x 240 x 256,1.0,1.2
UCLA_51282,UCLA,train,anat,1.2 x 1 x 1,160 x 240 x 256,1.0,1.2
UCLA_51291,UCLA,test,anat,1.2 x 1 x 1,160 x 240 x 256,1.0,1.2
UCLA_51292,UCLA,train,anat,1.2 x 0.961 x 0.961,160 x 240 x 256,0.961,1.2
UCLA_51293,UCLA,train,anat,1.2 x 1 x 1,160 x 240 x 256,1.0,1.2
UCLA_51294,UCLA,train,anat,1.2 x 1 x 1,160 x 240 x 256,1.0,1.2
UCLA_51295,UCLA,test,anat,1.2 x 1 x 1,160 x 240 x 256,1.0,1.2
UCLA_51296,UCLA,val,anat,1.2 x 1 x 1,160 x 240 x 256,1.0,1.2
UCLA_51297,UCLA,train,anat,1.2 x 1 x 1,160 x 240 x 256,1.0,1.2
UCLA_51298,UCLA,train,anat,1.2 x 1 x 1,160 x 240 x 256,1.0,1.2
UCLA_51299,UCLA,train,anat,1.2 x 1 x 1,160 x 240 x 256,1.0,1.2
UCLA_51300,UCLA,train,anat,1.2 x 1 x 1,160 x 240 x 256,1.0,1.2
UCLA_51301,UCLA,test,anat,1.2 x 1 x 1,160 x 240 x 256,1.0,1.2
UCLA_51302,UCLA,train,anat,1.2 x 1 x 1,160 x 240 x 256,1.0,1.2
UCLA_51303,UCLA,train,anat,1.2 x 1 x 1,160 x 240 x 256,1.0,1.2
UCLA_51304,UCLA,train,anat,1.2 x 1 x 1,160 x 240 x 256,1.0,1.2
UCLA_51305,UCLA,train,anat,1 x 0.977 x 0.977,176 x 256 x 256,0.977,1.0
UCLA_51306,UCLA,val,anat,1.2 x 1 x 1,160 x 240 x 256,1.0,1.2
UCLA_51307,UCLA,train,anat,1.2 x 1 x 1,160 x 240 x 256,1.0,1.2
UCLA_51308,UCLA,test,anat,1.2 x 1 x 1,160 x 240 x 256,1.0,1.2
UCLA_51309,UCLA,train,anat,1.2 x 1 x 1,160 x 240 x 256,1.0,1.2
UCLA_51310,UCLA,train,hires-unknown,1.5 x 1.5 x 4,128 x 128 x 34,1.5,4.0
UCLA_51311,UCLA,test,anat,1.2 x 1 x 1,160 x 240 x 256,1.0,1.2
UCLA_51312,UCLA,train,anat,1.2 x 1 x 1,160 x 240 x 256,1.0,1.2
UCLA_51313,UCLA,train,anat,1.2 x 1 x 1,160 x 240 x 256,1.0,1.2
UCLA_51314,UCLA,train,anat,1.2 x 1 x 1,160 x 240 x 256,1.0,1.2
UCLA_51315,UCLA,val,anat,1.2 x 1 x 1,160 x 240 x 256,1.0,1.2
UCLA_51316,UCLA,train,anat,1.2 x 1 x 1,160 x 240 x 256,1.0,1.2
UCLA_51317,UCLA,train,anat,1.2 x 1 x 1,160 x 240 x 256,1.0,1.2
UM_50272,UM,train,anat,1 x 1 x 1.2,256 x 256 x 116,1.0,1.2
UM_50273,UM,val,anat,1 x 1 x 1.4,256 x 256 x 120,1.0,1.4
UM_50274,UM,train,anat,1 x 1 x 1.4,256 x 256 x 115,1.0,1.4
UM_50275,UM,train,anat,1.016 x 1.016 x 1.4,256 x 256 x 102,1.016,1.4
UM_50276,UM,train,anat,1 x 1 x 1.4,256 x 256 x 118,1.0,1.4
UM_50277,UM,train,anat,1 x 1 x 1.4,256 x 256 x 106,1.0,1.4
UM_50278,UM,train,anat,1 x 1 x 1.4,256 x 256 x 112,1.0,1.4
UM_50279,UM,train,anat,1.016 x 1.016 x 1.2,256 x 256 x 124,1.016,1.2
UM_50280,UM,train,anat,1 x 1 x 1.2,256 x 256 x 124,1.0,1.2
UM_50281,UM,train,anat,1 x 1 x 1.4,256 x 256 x 102,1.0,1.4
UM_50282,UM,train,anat,1.016 x 1.016 x 1.2,256 x 256 x 124,1.016,1.2
UM_50283,UM,train,anat,1 x 1 x 1.4,256 x 256 x 106,1.0,1.4
UM_50284,UM,train,anat,1 x 1 x 1.4,256 x 256 x 102,1.0,1.4
UM_50285,UM,train,anat,1 x 1 x 1.4,256 x 256 x 102,1.0,1.4
UM_50286,UM,test,anat,1.016 x 1.016 x 1.2,256 x 256 x 124,1.016,1.2
UM_50287,UM,train,anat,1 x 1 x 1.4,256 x 256 x 106,1.0,1.4
UM_50288,UM,train,anat,1 x 1 x 1.4,256 x 256 x 106,1.0,1.4
UM_50289,UM,train,anat,1 x 1 x 1.4,256 x 256 x 102,1.0,1.4
UM_50290,UM,train,anat,1 x 1 x 1.4,256 x 256 x 102,1.0,1.4
UM_50291,UM,train,anat,1.016 x 1.016 x 1.4,256 x 256 x 102,1.016,1.4
UM_50292,UM,test,anat,1.016 x 1.016 x 1.4,256 x 256 x 102,1.016,1.4
UM_50293,UM,val,anat,1.016 x 1.016 x 1.4,256 x 256 x 102,1.016,1.4
UM_50294,UM,train,anat,1.016 x 1.016 x 1.4,256 x 256 x 102,1.016,1.4
UM_50295,UM,train,anat,1.016 x 1.016 x 1.4,256 x 256 x 102,1.016,1.4
UM_50296,UM,train,anat,1.016 x 1.016 x 1.2,256 x 256 x 124,1.016,1.2
UM_50297,UM,train,anat,1.016 x 1.016 x 1.4,256 x 256 x 102,1.016,1.4
UM_50298,UM,train,anat,1.016 x 1.016 x 1.4,256 x 256 x 102,1.016,1.4
UM_50299,UM,train,anat,1.016 x 1.016 x 1.4,256 x 256 x 102,1.016,1.4
UM_50300,UM,train,anat,1.016 x 1.016 x 1.4,256 x 256 x 102,1.016,1.4
UM_50301,UM,val,anat,1.016 x 1.016 x 1.4,256 x 256 x 102,1.016,1.4
UM_50302,UM,train,anat,1.016 x 1.016 x 1.4,256 x 256 x 102,1.016,1.4
UM_50303,UM,train,anat,1.016 x 1.016 x 1.2,256 x 256 x 124,1.016,1.2
UM_50304,UM,val,anat,1.016 x 1.016 x 1.2,256 x 256 x 124,1.016,1.2
UM_50305,UM,train,anat,1.016 x 1.016 x 1.2,256 x 256 x 124,1.016,1.2
UM_50306,UM,train,anat,1.016 x 1.016 x 1.2,256 x 256 x 124,1.016,1.2
UM_50307,UM,train,anat,1.016 x 1.016 x 1.2,256 x 256 x 124,1.016,1.2
UM_50308,UM,train,anat,1.016 x 1.016 x 1.2,256 x 256 x 124,1.016,1.2
UM_50309,UM,val,anat,1.016 x 1.016 x 1.2,256 x 256 x 116,1.016,1.2
UM_50310,UM,train,anat,1.016 x 1.016 x 1.2,256 x 256 x 124,1.016,1.2
UM_50311,UM,train,anat,1.016 x 1.016 x 1.2,256 x 256 x 124,1.016,1.2
UM_50312,UM,train,anat,1.016 x 1.016 x 1.2,256 x 256 x 124,1.016,1.2
UM_50313,UM,train,anat,1.016 x 1.016 x 1.2,256 x 256 x 124,1.016,1.2
UM_50314,UM,train,anat,1.016 x 1.016 x 1.2,256 x 256 x 124,1.016,1.2
UM_50315,UM,train,anat,1.016 x 1.016 x 1.2,256 x 256 x 124,1.016,1.2
UM_50316,UM,train,anat,1.016 x 1.016 x 1.2,256 x 256 x 124,1.016,1.2
UM_50317,UM,train,anat,1.016 x 1.016 x 1.4,256 x 256 x 116,1.016,1.4
UM_50318,UM,train,anat,1.016 x 1.016 x 1.2,256 x 256 x 124,1.016,1.2
UM_50319,UM,train,anat,1.016 x 1.016 x 1.2,256 x 256 x 124,1.016,1.2
UM_50320,UM,train,anat,1.016 x 1.016 x 1.2,256 x 256 x 124,1.016,1.2
UM_50321,UM,train,anat,1.016 x 1.016 x 1.2,256 x 256 x 124,1.016,1.2
UM_50322,UM,train,anat,1.016 x 1.016 x 1.2,256 x 256 x 124,1.016,1.2
UM_50323,UM,train,anat,1.016 x 1.016 x 1.2,256 x 256 x 124,1.016,1.2
UM_50324,UM,test,anat,1.016 x 1.016 x 1.2,256 x 256 x 124,1.016,1.2
UM_50325,UM,train,anat,1.016 x 1.016 x 1.2,256 x 256 x 124,1.016,1.2
UM_50326,UM,train,anat,1.016 x 1.016 x 1.2,256 x 256 x 116,1.016,1.2
UM_50327,UM,train,anat,1 x 1 x 1.4,256 x 256 x 106,1.0,1.4
UM_50328,UM,train,anat,1 x 1 x 1.4,256 x 256 x 112,1.0,1.4
UM_50329,UM,val,anat,1.016 x 1.016 x 1.2,256 x 256 x 124,1.016,1.2
UM_50330,UM,train,anat,1 x 1 x 1.4,256 x 256 x 102,1.0,1.4
UM_50331,UM,val,anat,1.016 x 1.016 x 1.4,256 x 256 x 102,1.016,1.4
UM_50332,UM,train,anat,1 x 1 x 1.2,256 x 256 x 124,1.0,1.2
UM_50333,UM,train,anat,1 x 1 x 1.4,256 x 256 x 102,1.0,1.4
UM_50334,UM,train,anat,1.016 x 1.016 x 1.4,256 x 256 x 102,1.016,1.4
UM_50335,UM,val,anat,1.016 x 1.016 x 1.4,256 x 256 x 102,1.016,1.4
UM_50336,UM,train,anat,1.016 x 1.016 x 1.4,256 x 256 x 102,1.016,1.4
UM_50337,UM,train,anat,1.016 x 1.016 x 1.2,256 x 256 x 124,1.016,1.2
UM_50338,UM,train,anat,1.016 x 1.016 x 1.4,256 x 256 x 102,1.016,1.4
UM_50339,UM,train,anat,1.016 x 1.016 x 1.4,256 x 256 x 102,1.016,1.4
UM_50340,UM,train,anat,1.016 x 1.016 x 1.4,256 x 256 x 102,1.016,1.4
UM_50341,UM,train,anat,1.016 x 1.016 x 1.4,256 x 256 x 102,1.016,1.4
UM_50342,UM,train,anat,1.016 x 1.016 x 1.4,256 x 256 x 102,1.016,1.4
UM_50343,UM,test,anat,1.016 x 1.016 x 1.4,256 x 256 x 102,1.016,1.4
UM_50344,UM,train,anat,1.016 x 1.016 x 1.4,256 x 256 x 102,1.016,1.4
UM_50345,UM,train,anat,1.016 x 1.016 x 1.4,256 x 256 x 102,1.016,1.4
UM_50346,UM,test,anat,1.016 x 1.016 x 1.4,256 x 256 x 102,1.016,1.4
UM_50347,UM,val,anat,1.016 x 1.016 x 1.4,256 x 256 x 102,1.016,1.4
UM_50348,UM,train,anat,1 x 1 x 1.4,256 x 256 x 102,1.0,1.4
UM_50349,UM,train,anat,1.016 x 1.016 x 1.4,256 x 256 x 102,1.016,1.4
UM_50350,UM,train,anat,1.016 x 1.016 x 1.4,256 x 256 x 102,1.016,1.4
UM_50351,UM,train,anat,1 x 1 x 1.4,256 x 256 x 102,1.0,1.4
UM_50352,UM,train,anat,1.016 x 1.016 x 1.4,256 x 256 x 102,1.016,1.4
UM_50353,UM,train,anat,1.016 x 1.016 x 1.4,256 x 256 x 102,1.016,1.4
UM_50354,UM,train,anat,1.016 x 1.016 x 1.4,256 x 256 x 112,1.016,1.4
UM_50355,UM,train,anat,1.016 x 1.016 x 1.4,256 x 256 x 102,1.016,1.4
UM_50356,UM,train,anat,1.016 x 1.016 x 1.2,256 x 256 x 124,1.016,1.2
UM_50357,UM,train,anat,1.016 x 1.016 x 1.2,256 x 256 x 124,1.016,1.2
UM_50358,UM,train,anat,1.016 x 1.016 x 1.4,256 x 256 x 102,1.016,1.4
UM_50359,UM,test,anat,1.016 x 1.016 x 1.2,256 x 256 x 124,1.016,1.2
UM_50360,UM,train,anat,1.016 x 1.016 x 1.4,256 x 256 x 102,1.016,1.4
UM_50361,UM,train,anat,1.016 x 1.016 x 1.2,256 x 256 x 124,1.016,1.2
UM_50362,UM,train,anat,1.016 x 1.016 x 1.2,256 x 256 x 124,1.016,1.2
UM_50363,UM,train,anat,1.016 x 1.016 x 1.2,256 x 256 x 124,1.016,1.2
UM_50364,UM,test,anat,1.016 x 1.016 x 1.2,256 x 256 x 124,1.016,1.2
UM_50365,UM,train,anat,1.016 x 1.016 x 1.2,256 x 256 x 124,1.016,1.2
UM_50366,UM,train,anat,1.016 x 1.016 x 1.2,256 x 256 x 124,1.016,1.2
UM_50367,UM,train,anat,1.016 x 1.016 x 1.2,256 x 256 x 124,1.016,1.2
UM_50368,UM,train,anat,1.016 x 1.016 x 1.2,256 x 256 x 124,1.016,1.2
UM_50369,UM,train,anat,1.016 x 1.016 x 1.2,256 x 256 x 124,1.016,1.2
UM_50370,UM,train,anat,1.016 x 1.016 x 1.2,256 x 256 x 124,1.016,1.2
UM_50371,UM,test,anat,1.016 x 1.016 x 1.2,256 x 256 x 124,1.016,1.2
UM_50372,UM,train,anat,1.016 x 1.016 x 1.2,256 x 256 x 124,1.016,1.2
UM_50373,UM,train,anat,1.016 x 1.016 x 1.2,256 x 256 x 124,1.016,1.2
UM_50374,UM,test,anat,1.016 x 1.016 x 1.2,256 x 256 x 124,1.016,1.2
UM_50375,UM,test,anat,1.016 x 1.016 x 1.2,256 x 256 x 124,1.016,1.2
UM_50376,UM,train,anat,1.016 x 1.016 x 1.2,256 x 256 x 124,1.016,1.2
UM_50377,UM,train,anat,1.016 x 1.016 x 1.2,256 x 256 x 124,1.016,1.2
UM_50378,UM,test,anat,1.016 x 1.016 x 1.2,256 x 256 x 124,1.016,1.2
UM_50379,UM,val,anat,1.016 x 1.016 x 1.2,256 x 256 x 124,1.016,1.2
UM_50380,UM,train,anat,1.016 x 1.016 x 1.2,256 x 256 x 124,1.016,1.2
UM_50381,UM,train,anat,1.016 x 1.016 x 1.2,256 x 256 x 124,1.016,1.2
UM_50382,UM,train,anat,1.016 x 1.016 x 1.2,256 x 256 x 124,1.016,1.2
UM_50383,UM,train,anat,1.016 x 1.016 x 1.2,256 x 256 x 124,1.016,1.2
UM_50385,UM,train,anat,1.016 x 1.016 x 1.2,256 x 256 x 124,1.016,1.2
UM_50386,UM,train,anat,1.016 x 1.016 x 1.2,256 x 256 x 124,1.016,1.2
UM_50387,UM,train,anat,1.016 x 1.016 x 1.2,256 x 256 x 124,1.016,1.2
UM_50388,UM,train,anat,1.016 x 1.016 x 1.2,256 x 256 x 124,1.016,1.2
UM_50390,UM,test,anat,1.016 x 1.016 x 1.2,256 x 256 x 124,1.016,1.2
UM_50391,UM,train,anat,1.016 x 1.016 x 1.2,256 x 256 x 124,1.016,1.2
UM_50397,UM,train,anat,1.016 x 1.016 x 1.2,256 x 256 x 124,1.016,1.2
UM_50399,UM,train,anat,1.016 x 1.016 x 1.2,256 x 256 x 124,1.016,1.2
UM_50402,UM,train,anat,1.4 x 1 x 1,106 x 256 x 256,1.0,1.4
UM_50403,UM,test,anat,1.4 x 1 x 1,106 x 256 x 256,1.0,1.4
UM_50404,UM,train,anat,1.4 x 0.86 x 0.86,106 x 256 x 256,0.86,1.4
UM_50405,UM,train,anat,1.4 x 1 x 1,106 x 256 x 256,1.0,1.4
UM_50406,UM,train,anat,1.4 x 1 x 1,102 x 256 x 256,1.0,1.4
UM_50407,UM,train,anat,1.4 x 1 x 1,105 x 256 x 256,1.0,1.4
UM_50408,UM,train,anat,1.4 x 1 x 1,106 x 256 x 256,1.0,1.4
UM_50410,UM,val,anat,1.4 x 1 x 1,106 x 256 x 256,1.0,1.4
UM_50411,UM,train,anat,1.4 x 1 x 1,120 x 256 x 256,1.0,1.4
UM_50412,UM,val,anat,1.4 x 1 x 1,106 x 256 x 256,1.0,1.4
UM_50413,UM,test,anat,1.4 x 1 x 1,116 x 256 x 256,1.0,1.4
UM_50414,UM,train,anat,1.4 x 1 x 1,106 x 256 x 256,1.0,1.4
UM_50415,UM,train,anat,1.4 x 1 x 1,106 x 256 x 256,1.0,1.4
UM_50416,UM,train,anat,1.4 x 1 x 1,106 x 256 x 256,1.0,1.4
UM_50417,UM,train,anat,1.4 x 1 x 1,106 x 256 x 256,1.0,1.4
UM_50418,UM,val,anat,1.4 x 1 x 1,106 x 256 x 256,1.0,1.4
UM_50419,UM,train,anat,1.4 x 1 x 1,120 x 256 x 256,1.0,1.4
UM_50421,UM,train,anat,1.4 x 1 x 1,106 x 256 x 256,1.0,1.4
UM_50422,UM,train,anat,1.4 x 1 x 1,106 x 256 x 256,1.0,1.4
UM_50423,UM,val,anat,1.4 x 1 x 1,112 x 256 x 256,1.0,1.4
UM_50424,UM,train,anat,1.4 x 1 x 1,106 x 256 x 256,1.0,1.4
UM_50425,UM,train,anat,1.4 x 1 x 1,106 x 256 x 256,1.0,1.4
UM_50426,UM,train,anat,1 x 1 x 1.2,256 x 256 x 124,1.0,1.2
UM_50427,UM,train,anat,1.4 x 1 x 1,110 x 256 x 256,1.0,1.4
UM_50428,UM,test,anat,1 x 1 x 1.4,256 x 256 x 106,1.0,1.4
USM_50432,USM,train,anat,1.2 x 0.5 x 0.5,160 x 480 x 512,0.5,1.2
USM_50433,USM,val,anat,1.2 x 0.5 x 0.5,160 x 480 x 512,0.5,1.2
USM_50434,USM,val,anat,1.2 x 0.5 x 0.5,160 x 480 x 512,0.5,1.2
USM_50435,USM,train,anat,1.2 x 0.5 x 0.5,160 x 480 x 512,0.5,1.2
USM_50436,USM,train,anat,1.2 x 0.5 x 0.5,160 x 480 x 512,0.5,1.2
USM_50437,USM,train,anat,1.2 x 0.5 x 0.5,160 x 480 x 512,0.5,1.2
USM_50438,USM,train,anat,1.2 x 0.5 x 0.5,160 x 480 x 512,0.5,1.2
USM_50439,USM,train,anat,1.2 x 0.5 x 0.5,160 x 480 x 512,0.5,1.2
USM_50440,USM,train,anat,1.2 x 0.5 x 0.5,160 x 480 x 512,0.5,1.2
USM_50441,USM,train,anat,1.2 x 0.5 x 0.5,160 x 480 x 512,0.5,1.2
USM_50442,USM,train,anat,1.2 x 0.5 x 0.5,160 x 480 x 512,0.5,1.2
USM_50443,USM,train,anat,1.2 x 0.5 x 0.5,160 x 480 x 512,0.5,1.2
USM_50444,USM,train,anat,1.2 x 0.5 x 0.5,153 x 441 x 400,0.5,1.2
USM_50445,USM,train,anat,1.2 x 0.5 x 0.5,160 x 480 x 512,0.5,1.2
USM_50446,USM,test,anat,1.2 x 0.5 x 0.5,160 x 480 x 512,0.5,1.2
USM_50447,USM,train,anat,1.2 x 0.5 x 0.5,160 x 480 x 512,0.5,1.2
USM_50448,USM,train,anat,1.2 x 0.5 x 0.5,160 x 480 x 512,0.5,1.2
USM_50449,USM,train,anat,1.2 x 0.5 x 0.5,160 x 480 x 512,0.5,1.2
USM_50450,USM,train,anat,1.2 x 0.5 x 0.5,160 x 480 x 512,0.5,1.2
USM_50451,USM,train,anat,1.2 x 0.5 x 0.5,160 x 480 x 512,0.5,1.2
USM_50452,USM,test,anat,1.2 x 0.5 x 0.5,160 x 480 x 512,0.5,1.2
USM_50453,USM,val,anat,1.2 x 0.5 x 0.5,160 x 480 x 512,0.5,1.2
USM_50454,USM,train,anat,1.2 x 0.5 x 0.5,160 x 480 x 512,0.5,1.2
USM_50455,USM,val,anat,1.2 x 0.5 x 0.5,160 x 480 x 512,0.5,1.2
USM_50456,USM,train,anat,1.2 x 0.5 x 0.5,160 x 480 x 512,0.5,1.2
USM_50457,USM,train,anat,1.2 x 0.5 x 0.5,160 x 480 x 512,0.5,1.2
USM_50458,USM,train,anat,1.2 x 0.5 x 0.5,160 x 480 x 512,0.5,1.2
USM_50459,USM,train,anat,1.2 x 0.5 x 0.5,160 x 480 x 512,0.5,1.2
USM_50460,USM,train,anat,1.2 x 0.5 x 0.5,160 x 480 x 512,0.5,1.2
USM_50461,USM,val,anat,1.2 x 0.5 x 0.5,160 x 480 x 512,0.5,1.2
USM_50462,USM,train,anat,1.2 x 0.5 x 0.5,160 x 480 x 512,0.5,1.2
USM_50463,USM,train,anat,1.2 x 0.5 x 0.5,160 x 480 x 512,0.5,1.2
USM_50464,USM,train,anat,1.2 x 0.5 x 0.5,160 x 480 x 512,0.5,1.2
USM_50465,USM,train,anat,1.2 x 0.5 x 0.5,160 x 480 x 512,0.5,1.2
USM_50466,USM,train,anat,1.2 x 0.5 x 0.5,160 x 480 x 512,0.5,1.2
USM_50467,USM,train,anat,1.2 x 0.5 x 0.5,160 x 480 x 512,0.5,1.2
USM_50468,USM,train,anat,1.2 x 0.5 x 0.5,160 x 480 x 512,0.5,1.2
USM_50469,USM,val,anat,1.2 x 0.5 x 0.5,160 x 480 x 512,0.5,1.2
USM_50470,USM,train,anat,1.2 x 0.5 x 0.5,160 x 480 x 512,0.5,1.2
USM_50471,USM,train,anat,1.2 x 0.5 x 0.5,160 x 480 x 512,0.5,1.2
USM_50472,USM,train,anat,1.2 x 0.5 x 0.5,160 x 480 x 512,0.5,1.2
USM_50473,USM,train,anat,1.2 x 0.5 x 0.5,160 x 480 x 512,0.5,1.2
USM_50474,USM,train,anat,1.2 x 0.5 x 0.5,160 x 480 x 512,0.5,1.2
USM_50475,USM,train,anat,1.2 x 0.5 x 0.5,160 x 480 x 512,0.5,1.2
USM_50476,USM,train,anat,1.2 x 0.5 x 0.5,160 x 480 x 512,0.5,1.2
USM_50477,USM,train,anat,1.2 x 0.5 x 0.5,160 x 480 x 512,0.5,1.2
USM_50478,USM,train,anat,1.2 x 0.5 x 0.5,160 x 480 x 512,0.5,1.2
USM_50479,USM,train,anat,1.2 x 0.5 x 0.5,160 x 480 x 512,0.5,1.2
USM_50480,USM,train,anat,1.2 x 0.5 x 0.5,160 x 480 x 512,0.5,1.2
USM_50481,USM,train,anat,1.2 x 0.5 x 0.5,160 x 480 x 512,0.5,1.2
USM_50482,USM,train,anat,1.2 x 0.5 x 0.5,160 x 480 x 512,0.5,1.2
USM_50483,USM,test,anat,1.2 x 0.5 x 0.5,160 x 480 x 512,0.5,1.2
USM_50484,USM,val,anat,1.2 x 0.5 x 0.5,160 x 480 x 512,0.5,1.2
USM_50485,USM,train,anat,1.2 x 0.5 x 0.5,160 x 480 x 512,0.5,1.2
USM_50486,USM,train,anat,1.2 x 0.5 x 0.5,160 x 480 x 512,0.5,1.2
USM_50487,USM,train,anat,1 x 1 x 1,256 x 256 x 160,1.0,1.0
USM_50488,USM,train,anat,1.2 x 0.5 x 0.5,160 x 480 x 512,0.5,1.2
USM_50489,USM,train,anat,1.2 x 0.5 x 0.5,160 x 480 x 512,0.5,1.2
USM_50490,USM,train,anat,1.2 x 0.5 x 0.5,160 x 480 x 512,0.5,1.2
USM_50491,USM,train,anat,1.2 x 0.5 x 0.5,160 x 480 x 512,0.5,1.2
USM_50492,USM,test,anat,1.2 x 0.5 x 0.5,160 x 480 x 512,0.5,1.2
USM_50493,USM,train,anat,1.2 x 0.5 x 0.5,160 x 480 x 512,0.5,1.2
USM_50494,USM,train,anat,1.2 x 0.5 x 0.5,160 x 480 x 512,0.5,1.2
USM_50495,USM,val,anat,1.2 x 0.5 x 0.5,160 x 480 x 512,0.5,1.2
USM_50496,USM,train,anat,1.2 x 0.5 x 0.5,160 x 480 x 512,0.5,1.2
USM_50497,USM,train,anat,1.2 x 0.5 x 0.5,160 x 480 x 512,0.5,1.2
USM_50498,USM,train,anat,1.2 x 0.5 x 0.5,160 x 480 x 512,0.5,1.2
USM_50499,USM,train,anat,1.2 x 0.5 x 0.5,160 x 480 x 512,0.5,1.2
USM_50500,USM,train,anat,1.2 x 0.5 x 0.5,160 x 480 x 512,0.5,1.2
USM_50501,USM,train,anat,1.2 x 0.5 x 0.5,160 x 480 x 512,0.5,1.2
USM_50502,USM,train,anat,1.2 x 0.5 x 0.5,160 x 480 x 512,0.5,1.2
USM_50503,USM,test,anat,1.2 x 0.5 x 0.5,160 x 480 x 512,0.5,1.2
USM_50504,USM,train,anat,1.2 x 0.5 x 0.5,160 x 480 x 512,0.5,1.2
USM_50505,USM,train,anat,1.2 x 0.5 x 0.5,160 x 480 x 512,0.5,1.2
USM_50506,USM,test,anat,1.2 x 0.5 x 0.5,160 x 480 x 512,0.5,1.2
USM_50507,USM,train,anat,1.2 x 0.5 x 0.5,160 x 480 x 512,0.5,1.2
USM_50508,USM,train,anat,1.2 x 0.5 x 0.5,160 x 480 x 512,0.5,1.2
USM_50509,USM,train,anat,1.2 x 0.5 x 0.5,160 x 480 x 512,0.5,1.2
USM_50510,USM,train,anat,1.2 x 0.5 x 0.5,160 x 480 x 512,0.5,1.2
USM_50511,USM,train,anat,1.2 x 0.5 x 0.5,160 x 480 x 512,0.5,1.2
USM_50512,USM,train,anat,1.2 x 0.5 x 0.5,160 x 480 x 512,0.5,1.2
USM_50513,USM,train,anat,1.2 x 0.5 x 0.5,160 x 480 x 512,0.5,1.2
USM_50514,USM,test,anat,1.2 x 0.5 x 0.5,160 x 480 x 512,0.5,1.2
USM_50515,USM,train,anat,1.2 x 0.5 x 0.5,160 x 480 x 512,0.5,1.2
USM_50516,USM,train,anat,1.2 x 0.5 x 0.5,160 x 480 x 512,0.5,1.2
USM_50517,USM,val,anat,1.2 x 0.5 x 0.5,160 x 480 x 512,0.5,1.2
USM_50518,USM,test,anat,1.2 x 0.5 x 0.5,160 x 480 x 512,0.5,1.2
USM_50519,USM,val,anat,1.2 x 0.5 x 0.5,160 x 463 x 347,0.5,1.2
USM_50520,USM,train,anat,1.2 x 0.5 x 0.5,160 x 480 x 512,0.5,1.2
USM_50521,USM,train,anat,1.2 x 0.5 x 0.5,160 x 480 x 512,0.5,1.2
USM_50522,USM,train,anat,1.2 x 0.5 x 0.5,160 x 480 x 512,0.5,1.2
USM_50523,USM,train,anat,1.2 x 0.5 x 0.5,160 x 480 x 512,0.5,1.2
USM_50524,USM,test,anat,1.2 x 0.5 x 0.5,160 x 480 x 512,0.5,1.2
USM_50525,USM,train,anat,1.2 x 0.5 x 0.5,160 x 480 x 512,0.5,1.2
USM_50526,USM,train,anat,1.2 x 0.5 x 0.5,160 x 480 x 512,0.5,1.2
USM_50527,USM,train,anat,1.2 x 0.5 x 0.5,160 x 480 x 512,0.5,1.2
USM_50528,USM,train,anat,1.2 x 0.5 x 0.5,160 x 480 x 512,0.5,1.2
USM_50529,USM,train,anat,1.2 x 0.5 x 0.5,160 x 480 x 512,0.5,1.2
USM_50530,USM,train,anat,1.2 x 0.5 x 0.5,160 x 480 x 512,0.5,1.2
USM_50531,USM,test,anat,1.2 x 0.5 x 0.5,160 x 480 x 512,0.5,1.2
USM_50532,USM,train,anat,1.2 x 0.5 x 0.5,160 x 480 x 512,0.5,1.2
Yale_50551,Yale,train,anat,1 x 1 x 1,160 x 256 x 256,1.0,1.0
Yale_50552,Yale,train,anat,1 x 1 x 1,160 x 256 x 256,1.0,1.0
Yale_50553,Yale,train,anat,1 x 1 x 1,176 x 256 x 256,1.0,1.0
Yale_50554,Yale,train,anat,1 x 1 x 1,160 x 256 x 256,1.0,1.0
Yale_50555,Yale,train,anat,1 x 1 x 1,160 x 256 x 256,1.0,1.0
Yale_50556,Yale,train,anat,1 x 1 x 1,160 x 256 x 256,1.0,1.0
Yale_50557,Yale,train,anat,1 x 1 x 1,176 x 256 x 256,1.0,1.0
Yale_50558,Yale,val,anat,1 x 1 x 1,176 x 256 x 256,1.0,1.0
Yale_50559,Yale,train,anat,1 x 1 x 1,160 x 256 x 256,1.0,1.0
Yale_50560,Yale,train,anat,1 x 1 x 1,160 x 256 x 256,1.0,1.0
Yale_50561,Yale,val,anat,1 x 1 x 1,160 x 256 x 256,1.0,1.0
Yale_50562,Yale,train,anat,1 x 1 x 1,160 x 256 x 256,1.0,1.0
Yale_50563,Yale,train,anat,1 x 1 x 1,160 x 256 x 256,1.0,1.0
Yale_50564,Yale,train,anat,1 x 1 x 1,160 x 256 x 256,1.0,1.0
Yale_50565,Yale,test,anat,1 x 1 x 1,160 x 256 x 256,1.0,1.0
Yale_50566,Yale,train,anat,1 x 1 x 1,160 x 256 x 256,1.0,1.0
Yale_50567,Yale,train,anat,1 x 1 x 1,160 x 256 x 256,1.0,1.0
Yale_50568,Yale,train,anat,1 x 1 x 1,160 x 256 x 256,1.0,1.0
Yale_50569,Yale,val,anat,1 x 1 x 1,160 x 256 x 256,1.0,1.0
Yale_50570,Yale,train,anat,1 x 1 x 1,160 x 256 x 256,1.0,1.0
Yale_50571,Yale,val,anat,1 x 1 x 1,160 x 256 x 256,1.0,1.0
Yale_50572,Yale,train,anat,1 x 1 x 1,160 x 256 x 256,1.0,1.0
Yale_50573,Yale,val,anat,1 x 1 x 1,160 x 256 x 256,1.0,1.0
Yale_50574,Yale,train,anat,1 x 1 x 1,160 x 256 x 256,1.0,1.0
Yale_50575,Yale,train,anat,1 x 1 x 1,160 x 256 x 256,1.0,1.0
Yale_50576,Yale,train,anat,1 x 1 x 1,160 x 256 x 256,1.0,1.0
Yale_50577,Yale,train,anat,1 x 1 x 1,160 x 256 x 256,1.0,1.0
Yale_50578,Yale,train,anat,1 x 1 x 1,160 x 256 x 256,1.0,1.0
Yale_50601,Yale,test,anat,1 x 1 x 1,160 x 256 x 256,1.0,1.0
Yale_50602,Yale,train,anat,1 x 1 x 1,176 x 256 x 256,1.0,1.0
Yale_50603,Yale,train,anat,1 x 1 x 1,160 x 256 x 256,1.0,1.0
Yale_50604,Yale,train,anat,1 x 1 x 1,160 x 256 x 256,1.0,1.0
Yale_50605,Yale,train,anat,1 x 1 x 1,160 x 256 x 256,1.0,1.0
Yale_50606,Yale,train,anat,1 x 1 x 1,160 x 256 x 256,1.0,1.0
Yale_50607,Yale,train,anat,1 x 1 x 1,160 x 256 x 256,1.0,1.0
Yale_50608,Yale,train,anat,1 x 1 x 1,160 x 256 x 256,1.0,1.0
Yale_50609,Yale,train,anat,1 x 1 x 1,160 x 256 x 256,1.0,1.0
Yale_50610,Yale,train,anat,1 x 1 x 1,160 x 256 x 256,1.0,1.0
Yale_50611,Yale,test,anat,1 x 1 x 1,160 x 256 x 256,1.0,1.0
Yale_50612,Yale,train,anat,1 x 1 x 1,160 x 256 x 256,1.0,1.0
Yale_50613,Yale,train,anat,1 x 1 x 1,160 x 256 x 256,1.0,1.0
Yale_50614,Yale,train,anat,1 x 1 x 1,160 x 256 x 256,1.0,1.0
Yale_50615,Yale,test,anat,1 x 1 x 1,160 x 256 x 256,1.0,1.0
Yale_50616,Yale,train,anat,1 x 1 x 1,160 x 256 x 256,1.0,1.0
Yale_50617,Yale,train,anat,1 x 1 x 1,160 x 256 x 256,1.0,1.0
Yale_50618,Yale,train,anat,1 x 1 x 1,160 x 256 x 256,1.0,1.0
Yale_50619,Yale,train,anat,1 x 1 x 1,160 x 256 x 256,1.0,1.0
Yale_50620,Yale,train,anat,1 x 1 x 1,160 x 256 x 256,1.0,1.0
Yale_50621,Yale,train,anat,1 x 1 x 1,256 x 256 x 160,1.0,1.0
Yale_50622,Yale,train,anat,1 x 1 x 1,160 x 256 x 256,1.0,1.0
Yale_50623,Yale,train,anat,1 x 1 x 1,160 x 256 x 256,1.0,1.0
Yale_50624,Yale,test,anat,1 x 1 x 1,160 x 256 x 256,1.0,1.0
Yale_50625,Yale,train,anat,1 x 1 x 1,160 x 256 x 256,1.0,1.0
Yale_50626,Yale,train,anat,1 x 1 x 1,160 x 256 x 256,1.0,1.0
Yale_50627,Yale,train,anat,1 x 1 x 1,160 x 256 x 256,1.0,1.0
Yale_50628,Yale,val,anat,1 x 1 x 1,160 x 256 x 256,1.0,1.0
