subject_id,site,site_id,split,age,sex,dx,vol_brain
CMU_50642,CMU,0,train,33.0,1,1,1268716
CMU_50643,CMU,0,train,21.0,1,1,1236871
CMU_50644,CMU,0,train,19.0,2,1,1235321
CMU_50645,CMU,0,train,20.0,1,1,1291595
CMU_50646,CMU,0,train,21.0,1,1,1418427
CMU_50647,CMU,0,train,27.0,1,1,1126780
CMU_50648,CMU,0,test,31.0,2,1,1096873
CMU_50649,CMU,0,val,22.0,1,1,1310312
CMU_50650,CMU,0,train,31.0,2,1,965285
CMU_50651,CMU,0,train,39.0,1,1,1489136
CMU_50652,CMU,0,val,24.0,1,1,1357299
CMU_50653,CMU,0,train,30.0,1,1,1470181
CMU_50654,CMU,0,train,24.0,1,1,1312216
CMU_50655,CMU,0,train,27.0,1,1,1548029
CMU_50656,CMU,0,val,28.0,2,2,1108297
CMU_50657,CMU,0,train,21.0,1,2,1408873
CMU_50658,CMU,0,train,27.0,1,2,1426891
CMU_50659,CMU,0,train,27.0,1,2,1508154
CMU_50660,CMU,0,train,25.0,1,2,1296060
CMU_50661,CMU,0,test,20.0,2,2,1118326
CMU_50663,CMU,0,train,21.0,1,2,1361982
CMU_50664,CMU,0,train,21.0,1,2,1212031
CMU_50665,CMU,0,train,33.0,1,2,1174867
CMU_50666,CMU,0,train,31.0,1,2,1552594
CMU_50667,CMU,0,train,40.0,1,2,1292871
CMU_50668,CMU,0,train,25.0,1,2,1223310
CMU_50669,CMU,0,train,30.0,2,2,1273344
Caltech_51456,Caltech,1,train,55.4,1,1,1314997
Caltech_51457,Caltech,1,train,22.9,1,1,1537885
Caltech_51458,Caltech,1,train,39.2,1,1,1347061
Caltech_51459,Caltech,1,train,22.8,1,1,1382448
Caltech_51460,Caltech,1,train,34.6,2,1,1247214
Caltech_51461,Caltech,1,train,37.7,1,1,1339228
Caltech_51462,Caltech,1,train,20.2,2,1,1486345
Caltech_51463,Caltech,1,test,20.2,2,1,1407218
Caltech_51464,Caltech,1,train,20.9,1,1,1704900
Caltech_51465,Caltech,1,train,20.2,1,1,1251976
Caltech_51466,Caltech,1,val,27.6,1,1,1272427
Caltech_51467,Caltech,1,train,23.4,1,1,1437637
Caltech_51468,Caltech,1,train,20.1,1,1,1493805
Caltech_51469,Caltech,1,train,45.1,1,1,1353702
Caltech_51470,Caltech,1,test,29.1,1,1,1556626
Caltech_51471,Caltech,1,train,22.4,2,1,1066815
Caltech_51472,Caltech,1,train,17.5,1,1,1596523
Caltech_51473,Caltech,1,train,21.2,1,1,1338606
Caltech_51474,Caltech,1,val,20.9,1,1,1473827
Caltech_51475,Caltech,1,train,44.2,1,2,1413848
Caltech_51476,Caltech,1,test,39.3,1,2,1399527
Caltech_51477,Caltech,1,train,42.5,1,2,1165000
Caltech_51478,Caltech,1,val,19.7,1,2,1364581
Caltech_51479,Caltech,1,train,20.0,2,2,1122214
Caltech_51480,Caltech,1,train,20.8,2,2,1131225
Caltech_51481,Caltech,1,train,27.9,1,2,1312454
Caltech_51482,Caltech,1,train,21.1,2,2,1156465
Caltech_51483,Caltech,1,train,20.9,1,2,1320537
Caltech_51484,Caltech,1,test,23.6,1,2,1331623
Caltech_51485,Caltech,1,train,23.9,1,2,1378397
Caltech_51486,Caltech,1,train,22.0,1,2,1426945
Caltech_51487,Caltech,1,val,17.0,1,2,1214311
Caltech_51488,Caltech,1,train,23.3,1,2,1136943
Caltech_51489,Caltech,1,train,34.1,1,2,1293326
Caltech_51490,Caltech,1,train,44.1,1,2,1315909
Caltech_51491,Caltech,1,train,56.2,1,2,1208689
Caltech_51492,Caltech,1,train,18.7,1,2,1453834
Caltech_51493,Caltech,1,train,29.2,2,2,1235814
KKI_50772,KKI,2,train,12.77,1,2,1307264
KKI_50773,KKI,2,train,10.84,1,2,1359229
KKI_50774,KKI,2,train,10.64,1,2,1384776
KKI_50775,KKI,2,train,11.0,1,2,1399853
KKI_50776,KKI,2,train,9.3,1,2,1162458
KKI_50777,KKI,2,train,8.39,1,2,1442805
KKI_50778,KKI,2,train,9.73,2,2,1148955
KKI_50779,KKI,2,val,9.41,1,2,1036773
KKI_50780,KKI,2,train,9.82,2,2,1230777
KKI_50781,KKI,2,train,9.3,1,2,1261257
KKI_50782,KKI,2,val,10.18,1,2,1222990
KKI_50783,KKI,2,train,10.4,2,2,1159379
KKI_50784,KKI,2,train,8.07,2,2,1147637
KKI_50785,KKI,2,train,10.37,1,2,1103923
KKI_50786,KKI,2,test,8.75,1,2,1276388
KKI_50787,KKI,2,train,10.82,1,2,1237274
KKI_50788,KKI,2,train,10.25,2,2,1279917
KKI_50789,KKI,2,train,9.31,1,2,1323460
KKI_50790,KKI,2,val,8.83,2,2,1023361
KKI_50791,KKI,2,train,10.18,1,1,1451382
KKI_50792,KKI,2,val,8.2,2,1,1310563
KKI_50793,KKI,2,train,8.4,1,1,1181783
KKI_50794,KKI,2,val,9.66,1,1,1207406
KKI_50795,KKI,2,train,8.09,2,1,1273537
KKI_50796,KKI,2,train,11.99,2,1,1175314
KKI_50797,KKI,2,train,12.54,1,1,1283300
KKI_50798,KKI,2,train,10.17,2,1,1404473
KKI_50799,KKI,2,train,11.14,1,1,1216548
KKI_50800,KKI,2,test,11.76,1,1,1673008
KKI_50801,KKI,2,train,11.27,1,1,1250281
KKI_50802,KKI,2,train,8.2,1,1,1290053
KKI_50803,KKI,2,train,8.45,1,1,1312504
KKI_50804,KKI,2,train,8.33,1,1,1361320
KKI_50805,KKI,2,train,11.33,1,1,1366944
KKI_50806,KKI,2,train,8.48,1,1,1173147
KKI_50807,KKI,2,train,10.65,1,1,1265775
KKI_50808,KKI,2,train,11.09,1,2,1319180
KKI_50809,KKI,2,train,8.43,1,2,1349385
KKI_50810,KKI,2,test,11.85,2,2,1246614
KKI_50811,KKI,2,train,12.76,1,2,1405327
KKI_50812,KKI,2,train,9.97,2,2,1190969
KKI_50813,KKI,2,train,10.79,1,2,1128086
KKI_50814,KKI,2,test,8.46,1,2,1411548
KKI_50815,KKI,2,train,10.62,1,1,1014802
KKI_50816,KKI,2,train,9.73,1,2,1173497
KKI_50817,KKI,2,train,9.97,1,2,1303873
KKI_50818,KKI,2,train,11.79,1,2,1151453
KKI_50819,KKI,2,train,9.71,1,2,1242944
KKI_50820,KKI,2,train,8.87,2,2,1291287
KKI_50821,KKI,2,train,11.17,1,2,1166428
KKI_50822,KKI,2,train,12.43,1,2,1159054
KKI_50823,KKI,2,test,11.37,1,1,1248538
KKI_50824,KKI,2,train,10.29,1,1,1396563
KKI_50825,KKI,2,train,8.5,1,1,1375872
KKI_50826,KKI,2,val,10.57,1,1,1061890
Leuven_50682,Leuven,3,train,23.0,1,2,1171110
Leuven_50683,Leuven,3,train,24.0,1,2,1260510
Leuven_50685,Leuven,3,train,23.0,1,2,1339704
Leuven_50686,Leuven,3,train,19.0,1,1,1094803
Leuven_50687,Leuven,3,train,22.0,1,2,1419394
Leuven_50688,Leuven,3,train,21.0,1,2,1166018
Leuven_50689,Leuven,3,train,21.0,1,1,1346159
Leuven_50690,Leuven,3,test,22.0,1,1,1180495
Leuven_50691,Leuven,3,train,22.0,1,2,1347556
Leuven_50692,Leuven,3,train,22.0,1,2,1500912
Leuven_50693,Leuven,3,val,22.0,1,1,1188219
Leuven_50694,Leuven,3,train,19.0,1,1,1243860
Leuven_50695,Leuven,3,train,19.0,1,1,1304448
Leuven_50696,Leuven,3,train,20.0,1,1,1290355
Leuven_50697,Leuven,3,test,19.0,1,1,1117559
Leuven_50698,Leuven,3,train,28.0,1,2,1394940
Leuven_50699,Leuven,3,train,21.0,1,2,1318700
Leuven_50700,Leuven,3,train,23.0,1,1,1277860
Leuven_50701,Leuven,3,val,18.0,1,2,1203294
Leuven_50702,Leuven,3,train,18.0,1,1,1530682
Leuven_50703,Leuven,3,test,29.0,1,2,1248268
Leuven_50704,Leuven,3,train,29.0,1,1,1440760
Leuven_50705,Leuven,3,val,24.0,1,1,1199698
Leuven_50706,Leuven,3,val,22.0,1,2,1259817
Leuven_50707,Leuven,3,train,22.0,1,2,1166086
Leuven_50708,Leuven,3,train,32.0,1,1,1225786
Leuven_50709,Leuven,3,train,25.0,1,2,1329703
Leuven_50710,Leuven,3,train,27.0,1,2,1125500
Leuven_50711,Leuven,3,test,19.0,1,1,1238305
Leuven_50722,Leuven,3,train,13.8,2,2,1180104
Leuven_50723,Leuven,3,train,13.8,2,2,1140680
Leuven_50724,Leuven,3,train,15.1,1,2,1325485
Leuven_50725,Leuven,3,train,14.2,1,2,1325686
Leuven_50726,Leuven,3,train,16.6,1,2,1360800
Leuven_50727,Leuven,3,train,13.9,1,2,1234234
Leuven_50728,Leuven,3,train,15.6,1,2,1169732
Leuven_50730,Leuven,3,train,12.3,2,2,1163398
Leuven_50731,Leuven,3,train,16.2,1,2,1336465
Leuven_50732,Leuven,3,test,12.4,1,2,1403344
Leuven_50733,Leuven,3,train,14.7,1,2,1237769
Leuven_50734,Leuven,3,train,16.6,1,2,1207469
Leuven_50735,Leuven,3,train,14.3,2,2,1065953
Leuven_50736,Leuven,3,test,13.6,2,2,1105161
Leuven_50737,Leuven,3,train,12.2,1,2,1404612
Leuven_50738,Leuven,3,train,12.8,1,2,1324203
Leuven_50739,Leuven,3,train,15.2,1,2,1422316
Leuven_50740,Leuven,3,train,12.4,1,2,1304154
Leuven_50741,Leuven,3,train,14.2,1,2,1275683
Leuven_50742,Leuven,3,train,16.9,1,2,1338085
Leuven_50743,Leuven,3,train,14.2,2,1,1140294
Leuven_50744,Leuven,3,train,12.5,2,1,1058526
Leuven_50745,Leuven,3,test,13.0,1,1,1223695
Leuven_50746,Leuven,3,train,13.8,1,1,1171339
Leuven_50747,Leuven,3,val,14.2,1,1,1338391
Leuven_50748,Leuven,3,train,14.2,1,1,1204310
Leuven_50749,Leuven,3,train,15.3,2,1,1220786
Leuven_50750,Leuven,3,train,16.8,1,1,1317492
Leuven_50751,Leuven,3,train,12.1,1,1,1152971
Leuven_50752,Leuven,3,train,14.7,1,1,1249789
Leuven_50753,Leuven,3,train,14.3,1,1,1283288
Leuven_50754,Leuven,3,train,12.3,1,1,1352459
Leuven_50755,Leuven,3,train,12.2,1,1,1280848
Leuven_50756,Leuven,3,train,14.9,1,1,1350065
Leuven_50757,Leuven,3,val,14.3,1,1,1143810
MaxMun_51318,MaxMun,4,train,19.0,1,1,1318588
MaxMun_51319,MaxMun,4,train,33.0,1,1,1315415
MaxMun_51320,MaxMun,4,train,31.0,1,1,1298193
MaxMun_51321,MaxMun,4,train,45.0,2,1,1119690
MaxMun_51322,MaxMun,4,train,29.0,1,1,1168163
MaxMun_51323,MaxMun,4,train,30.0,1,1,1333948
MaxMun_51324,MaxMun,4,train,52.0,1,1,1129664
MaxMun_51325,MaxMun,4,val,32.0,2,1,1061351
MaxMun_51326,MaxMun,4,train,42.0,1,1,1291376
MaxMun_51327,MaxMun,4,train,58.0,1,1,1321840
MaxMun_51328,MaxMun,4,val,22.0,1,1,1437483
MaxMun_51329,MaxMun,4,train,18.0,1,1,1388081
MaxMun_51330,MaxMun,4,train,45.0,1,1,1312112
MaxMun_51331,MaxMun,4,train,35.0,1,1,1337083
MaxMun_51332,MaxMun,4,test,23.0,1,2,1548127
MaxMun_51333,MaxMun,4,train,24.0,1,2,1300491
MaxMun_51334,MaxMun,4,train,27.0,1,2,1462893
MaxMun_51335,MaxMun,4,train,23.0,1,2,1214104
MaxMun_51336,MaxMun,4,val,26.0,1,2,1319624
MaxMun_51338,MaxMun,4,train,30.0,1,2,1176591
MaxMun_51339,MaxMun,4,val,29.0,1,2,1371600
MaxMun_51340,MaxMun,4,train,29.0,1,2,1232299
MaxMun_51341,MaxMun,4,val,29.0,1,2,1226763
MaxMun_51342,MaxMun,4,train,23.0,1,2,1272034
MaxMun_51343,MaxMun,4,train,30.0,1,2,1309011
MaxMun_51344,MaxMun,4,train,22.0,1,2,1298951
MaxMun_51345,MaxMun,4,train,35.0,1,2,1143813
MaxMun_51346,MaxMun,4,train,25.0,1,2,1173158
MaxMun_51347,MaxMun,4,test,24.0,1,2,1329424
MaxMun_51348,MaxMun,4,train,8.0,1,1,1239378
MaxMun_51349,MaxMun,4,train,11.0,1,1,1239415
MaxMun_51350,MaxMun,4,train,11.0,1,1,1306812
MaxMun_51351,MaxMun,4,train,11.0,1,1,1257598
MaxMun_51352,MaxMun,4,train,9.0,1,1,1147139
MaxMun_51353,MaxMun,4,train,7.0,1,1,1090402
MaxMun_51354,MaxMun,4,train,12.0,1,1,1194140
MaxMun_51355,MaxMun,4,train,11.0,1,1,1156481
MaxMun_51356,MaxMun,4,train,10.0,1,2,1411020
MaxMun_51357,MaxMun,4,test,11.0,1,2,1285417
MaxMun_51358,MaxMun,4,train,10.0,1,2,1145919
MaxMun_51359,MaxMun,4,train,13.0,1,2,1373764
MaxMun_51360,MaxMun,4,train,7.0,1,2,1330605
MaxMun_51361,MaxMun,4,test,16.0,1,2,1331696
MaxMun_51362,MaxMun,4,train,33.0,1,2,1095477
MaxMun_51363,MaxMun,4,train,32.0,1,2,1065213
MaxMun_51364,MaxMun,4,train,26.0,1,2,1318615
MaxMun_51365,MaxMun,4,train,23.0,1,2,1125610
MaxMun_51366,MaxMun,4,train,32.0,2,2,1333359
MaxMun_51367,MaxMun,4,train,21.0,1,2,1229202
MaxMun_51368,MaxMun,4,train,28.0,2,2,1246956
MaxMun_51369,MaxMun,4,train,32.0,1,2,1320168
MaxMun_51370,MaxMun,4,test,32.0,2,2,1398430
MaxMun_51371,MaxMun,4,train,48.0,1,2,1193260
MaxMun_51372,MaxMun,4,train,46.0,2,2,1096608
MaxMun_51373,MaxMun,4,train,46.0,1,2,1532940
MaxMun_51606,MaxMun,4,train,29.0,2,1,1197773
MaxMun_51607,MaxMun,4,val,26.0,1,1,1332024
NYU_50952,NYU,5,train,8.74,2,1,1219034
NYU_50953,NYU,5,test,11.764,2,1,1169667
NYU_50954,NYU,5,train,14.75,2,1,994237
NYU_50955,NYU,5,train,12.64,2,1,992189
NYU_50956,NYU,5,train,14.06,2,1,1043928
NYU_50957,NYU,5,train,14.75,2,1,994483
NYU_50958,NYU,5,train,10.23,2,1,1026928
NYU_50959,NYU,5,train,22.81,2,1,1035445
NYU_50960,NYU,5,train,38.76,2,1,1132108
NYU_50961,NYU,5,train,25.02,2,1,994725
NYU_50962,NYU,5,train,24.41,2,1,924865
NYU_50964,NYU,5,train,12.75,1,1,1191173
NYU_50965,NYU,5,train,9.25,1,1,1295560
NYU_50966,NYU,5,train,15.14,1,1,1206403
NYU_50967,NYU,5,test,9.74,1,1,1065936
NYU_50968,NYU,5,train,9.95,1,1,1260414
NYU_50969,NYU,5,train,7.61,1,1,1013450
NYU_50970,NYU,5,train,8.9,1,1,1295118
NYU_50971,NYU,5,train,10.24,1,1,1220576
NYU_50972,NYU,5,train,13.95,1,1,1639886
NYU_50973,NYU,5,test,17.88,1,1,1203987
NYU_50974,NYU,5,val,11.56,1,1,1199535
NYU_50975,NYU,5,train,10.96,1,1,1153779
NYU_50976,NYU,5,train,14.65,1,1,1228185
NYU_50977,NYU,5,train,7.13,1,1,1374291
NYU_50978,NYU,5,train,9.58,1,1,1197903
NYU_50979,NYU,5,train,9.37,1,1,1330095
NYU_50980,NYU,5,train,8.52,1,1,1163565
NYU_50981,NYU,5,train,12.96,1,1,1211254
NYU_50982,NYU,5,train,9.46,1,1,1311754
NYU_50983,NYU,5,train,10.48,1,1,1336230
NYU_50984,NYU,5,train,13.2,1,1,1258136
NYU_50985,NYU,5,train,13.09,1,1,1373582
NYU_50986,NYU,5,train,8.53,1,1,1135974
NYU_50987,NYU,5,train,8.56,1,1,1107879
NYU_50988,NYU,5,train,14.21,1,1,1213879
NYU_50989,NYU,5,train,9.78,1,1,1253930
NYU_50990,NYU,5,val,13.71,1,1,1546305
NYU_50991,NYU,5,train,10.9,1,1,1060034
NYU_50992,NYU,5,train,10.66,1,1,1240621
NYU_50993,NYU,5,train,10.87,1,1,1251290
NYU_50994,NYU,5,train,15.66,1,1,1160957
NYU_50995,NYU,5,train,16.74,1,1,1288482
NYU_50996,NYU,5,train,15.81,1,1,1283079
NYU_50997,NYU,5,train,16.27,1,1,1567975
NYU_50998,NYU,5,train,13.04,1,1,1246888
NYU_50999,NYU,5,train,14.53,1,1,1145949
NYU_51000,NYU,5,train,13.33,1,1,1206897
NYU_51001,NYU,5,val,10.71,1,1,1176947
NYU_51002,NYU,5,train,7.228,1,1,1322559
NYU_51003,NYU,5,val,8.51,1,1,1278196
NYU_51006,NYU,5,train,11.11,1,1,1175404
NYU_51007,NYU,5,test,11.92,1,1,1104544
NYU_51008,NYU,5,train,12.37,1,1,1170084
NYU_51009,NYU,5,val,11.03,1,1,1382581
NYU_51010,NYU,5,train,8.53,1,1,1299428
NYU_51011,NYU,5,train,8.79,1,1,1329077
NYU_51012,NYU,5,val,9.79,1,1,1125084
NYU_51013,NYU,5,val,7.15,1,1,1027287
NYU_51014,NYU,5,train,11.005,1,1,1346142
NYU_51015,NYU,5,train,29.98,1,1,1235929
NYU_51016,NYU,5,train,22.99,1,1,1351629
NYU_51017,NYU,5,train,22.04,1,1,1367457
NYU_51018,NYU,5,val,20.25,1,1,1296266
NYU_51019,NYU,5,train,22.29,1,1,1319336
NYU_51020,NYU,5,train,28.58,1,1,1165137
NYU_51021,NYU,5,train,23.66,1,1,1137775
NYU_51023,NYU,5,train,20.62,1,1,1411612
NYU_51024,NYU,5,train,39.1,1,1,1253332
NYU_51025,NYU,5,train,19.64,1,1,1415202
NYU_51026,NYU,5,train,18.58,1,1,1358213
NYU_51027,NYU,5,test,22.98,1,1,1278066
NYU_51028,NYU,5,train,29.18,1,1,1222072
NYU_51029,NYU,5,train,26.516,1,1,1164153
NYU_51030,NYU,5,test,7.29,1,1,1228119
NYU_51032,NYU,5,train,7.15,1,1,1126494
NYU_51033,NYU,5,train,9.98,1,1,1056892
NYU_51034,NYU,5,train,10.65,1,1,1191557
NYU_51035,NYU,5,train,10.27,1,1,1233555
NYU_51036,NYU,5,train,8.04,2,2,1071519
NYU_51038,NYU,5,train,8.26,2,2,1269553
NYU_51039,NYU,5,train,8.5,2,2,1137787
NYU_51040,NYU,5,train,8.52,2,2,1152787
NYU_51041,NYU,5,train,8.9,2,2,1038602
NYU_51042,NYU,5,train,8.91,2,2,995508
NYU_51044,NYU,5,train,10.86,2,2,1266928
NYU_51045,NYU,5,train,11.56,2,2,1144484
NYU_51046,NYU,5,test,11.56,2,2,1129567
NYU_51047,NYU,5,val,12.1,2,2,1197530
NYU_51048,NYU,5,train,12.44,2,2,1295874
NYU_51049,NYU,5,train,13.22,2,2,1181307
NYU_51050,NYU,5,train,13.25,2,2,1092835
NYU_51051,NYU,5,test,14.06,2,2,1029740
NYU_51052,NYU,5,train,14.18,2,2,1101369
NYU_51053,NYU,5,train,14.38,2,2,1290265
NYU_51054,NYU,5,train,14.42,2,2,1265876
NYU_51055,NYU,5,train,15.95,2,2,1019724
NYU_51056,NYU,5,train,17.31,2,2,1172974
NYU_51057,NYU,5,train,21.58,2,2,1226217
NYU_51058,NYU,5,test,22.11,2,2,1107888
NYU_51059,NYU,5,train,22.76,2,2,980365
NYU_51060,NYU,5,train,22.74,2,2,1017303
NYU_51061,NYU,5,test,27.03,2,2,974755
NYU_51062,NYU,5,test,27.76,2,2,989540
NYU_51063,NYU,5,train,29.13,2,2,1198635
NYU_51064,NYU,5,train,7.26,1,2,1120869
NYU_51065,NYU,5,test,10.52,1,2,1156882
NYU_51066,NYU,5,val,18.59,1,2,1091035
NYU_51067,NYU,5,train,23.65,1,2,1379216
NYU_51068,NYU,5,train,31.78,1,2,1133916
NYU_51069,NYU,5,train,8.15,1,2,1327152
NYU_51070,NYU,5,train,7.29,1,2,1361240
NYU_51071,NYU,5,train,10.69,1,2,1118374
NYU_51072,NYU,5,train,11.91,1,2,1100948
NYU_51073,NYU,5,train,12.49,1,2,1045249
NYU_51074,NYU,5,train,12.81,1,2,1398898
NYU_51075,NYU,5,test,14.2,1,2,1309070
NYU_51076,NYU,5,train,16.93,1,2,1373448
NYU_51077,NYU,5,train,17.3,1,2,1140700
NYU_51078,NYU,5,train,6.47,1,2,1237342
NYU_51079,NYU,5,train,7.19,1,2,1197933
NYU_51080,NYU,5,test,8.01,1,2,1274301
NYU_51081,NYU,5,train,8.82,1,2,1158618
NYU_51082,NYU,5,train,8.88,1,2,1305610
NYU_51083,NYU,5,train,8.93,1,2,1277670
NYU_51084,NYU,5,train,9.23,1,2,1188282
NYU_51085,NYU,5,train,9.81,1,2,1282067
NYU_51086,NYU,5,train,10.46,1,2,1405341
NYU_51087,NYU,5,train,10.52,1,2,1338516
NYU_51088,NYU,5,val,10.73,1,2,1201200
NYU_51089,NYU,5,test,10.76,1,2,1155584
NYU_51090,NYU,5,train,11.03,1,2,1351207
NYU_51091,NYU,5,train,11.32,1,2,1395009
NYU_51093,NYU,5,train,11.69,1,2,1150483
NYU_51094,NYU,5,val,12.1,1,2,1273909
NYU_51095,NYU,5,train,12.23,1,2,1356595
NYU_51096,NYU,5,train,13.18,1,2,1386181
NYU_51097,NYU,5,train,13.583,1,2,1355087
NYU_51098,NYU,5,train,13.628,1,2,1345086
NYU_51099,NYU,5,train,13.72,1,2,1185788
NYU_51100,NYU,5,train,14.36,1,2,1185345
NYU_51101,NYU,5,train,14.425,1,2,1220985
NYU_51102,NYU,5,train,14.653,1,2,1338597
NYU_51103,NYU,5,train,14.66,1,2,1456977
NYU_51104,NYU,5,train,15.27,1,2,1317224
NYU_51105,NYU,5,train,15.284,1,2,1137879
NYU_51106,NYU,5,train,15.42,1,2,1375879
NYU_51107,NYU,5,train,15.53,1,2,1359172
NYU_51108,NYU,5,train,15.71,1,2,1163901
NYU_51109,NYU,5,test,16.13,1,2,1210128
NYU_51110,NYU,5,train,16.28,1,2,1461792
NYU_51111,NYU,5,test,16.55,1,2,1345080
NYU_51112,NYU,5,train,19.228,1,2,1206134
NYU_51113,NYU,5,val,22.38,1,2,1249959
NYU_51114,NYU,5,train,22.48,1,2,1378505
NYU_51115,NYU,5,train,22.76,1,2,1370610
NYU_51116,NYU,5,train,25.34,1,2,1257354
NYU_51117,NYU,5,val,28.203,1,2,1119284
NYU_51118,NYU,5,train,29.02,1,2,1114377
NYU_51119,NYU,5,train,30.724,1,2,1322370
NYU_51120,NYU,5,train,10.19,1,2,1276556
NYU_51121,NYU,5,train,10.74,1,2,1052187
NYU_51122,NYU,5,train,11.92,1,2,1276789
NYU_51123,NYU,5,train,12.07,1,2,1225498
NYU_51124,NYU,5,train,12.67,1,2,1504412
NYU_51125,NYU,5,train,14.79,1,2,1300876
NYU_51126,NYU,5,train,16.31,1,2,1124758
NYU_51127,NYU,5,train,16.55,1,2,1339936
NYU_51128,NYU,5,val,16.88,1,2,1424968
NYU_51129,NYU,5,train,17.7,1,2,1155651
NYU_51130,NYU,5,train,19.13,1,2,1131867
NYU_51131,NYU,5,train,19.73,1,2,1333767
NYU_51146,NYU,5,train,20.02,1,2,1306947
NYU_51147,NYU,5,val,20.04,1,2,1252810
NYU_51148,NYU,5,train,20.3,1,2,1110234
NYU_51149,NYU,5,train,20.56,1,2,1092003
NYU_51150,NYU,5,train,22.77,1,2,1243499
NYU_51151,NYU,5,val,23.08,1,2,1438462
NYU_51152,NYU,5,train,23.35,1,2,1252692
NYU_51153,NYU,5,test,26.17,1,2,1290556
NYU_51154,NYU,5,val,30.08,1,2,1163480
NYU_51155,NYU,5,train,30.78,1,2,1323416
NYU_51156,NYU,5,train,21.15,1,2,1302276
NYU_51159,NYU,5,test,12.81,1,2,1269094
OHSU_50142,OHSU,6,train,13.99,1,1,1369260
OHSU_50143,OHSU,6,train,13.79,1,1,1368250
OHSU_50144,OHSU,6,train,10.22,1,1,1501365
OHSU_50145,OHSU,6,train,10.75,1,1,1276752
OHSU_50146,OHSU,6,train,8.0,1,1,1421298
OHSU_50147,OHSU,6,train,11.35,1,1,1396437
OHSU_50148,OHSU,6,test,12.65,1,1,1428975
OHSU_50149,OHSU,6,val,12.32,1,1,1399040
OHSU_50150,OHSU,6,train,9.42,1,1,1272686
OHSU_50152,OHSU,6,train,9.73,1,1,1304859
OHSU_50153,OHSU,6,val,9.72,1,1,1189196
OHSU_50155,OHSU,6,train,14.42,1,1,1499204
OHSU_50156,OHSU,6,train,15.23,1,1,1359581
OHSU_50157,OHSU,6,train,10.5,1,2,1346535
OHSU_50158,OHSU,6,test,11.55,1,2,1128189
OHSU_50159,OHSU,6,train,10.29,1,2,1232468
OHSU_50160,OHSU,6,train,11.45,1,2,1319841
OHSU_50161,OHSU,6,train,9.15,1,2,1209468
OHSU_50162,OHSU,6,train,8.94,1,2,1168901
OHSU_50163,OHSU,6,test,9.4,1,2,1315253
OHSU_50164,OHSU,6,val,8.86,1,2,1123882
OHSU_50165,OHSU,6,train,9.69,1,2,1230223
OHSU_50166,OHSU,6,train,8.2,1,2,1227039
OHSU_50167,OHSU,6,train,10.08,1,2,1354593
OHSU_50168,OHSU,6,train,9.69,1,2,1263607
OHSU_50169,OHSU,6,train,11.99,1,2,1391852
OHSU_50170,OHSU,6,train,10.53,1,2,1429445
OHSU_50171,OHSU,6,train,10.64,1,2,1364993
Olin_50102,Olin,7,train,14.0,1,2,1269304
Olin_50103,Olin,7,train,14.0,1,2,1244867
Olin_50104,Olin,7,train,16.0,1,2,1505731
Olin_50105,Olin,7,train,17.0,1,2,1228387
Olin_50106,Olin,7,train,10.0,1,2,1218630
Olin_50107,Olin,7,train,21.0,1,2,1430183
Olin_50108,Olin,7,val,21.0,1,2,1263896
Olin_50109,Olin,7,test,20.0,1,2,1152748
Olin_50110,Olin,7,train,13.0,1,2,1178821
Olin_50111,Olin,7,train,14.0,1,2,1284304
Olin_50112,Olin,7,train,17.0,1,2,1213125
Olin_50113,Olin,7,train,15.0,2,2,1154531
Olin_50114,Olin,7,train,20.0,2,2,1227608
Olin_50115,Olin,7,train,23.0,1,2,1110688
Olin_50116,Olin,7,test,15.0,1,2,1347049
Olin_50117,Olin,7,train,21.0,1,2,1287036
Olin_50118,Olin,7,train,15.0,1,1,1413843
Olin_50119,Olin,7,train,19.0,2,1,1215091
Olin_50120,Olin,7,val,15.0,1,1,1157080
Olin_50121,Olin,7,train,20.0,1,1,1475711
Olin_50122,Olin,7,val,12.0,1,1,1174240
Olin_50123,Olin,7,train,17.0,1,1,1332597
Olin_50124,Olin,7,train,18.0,1,1,1181987
Olin_50125,Olin,7,train,24.0,2,1,1169727
Olin_50126,Olin,7,train,17.0,1,1,1140954
Olin_50127,Olin,7,val,14.0,2,1,1195060
Olin_50128,Olin,7,train,16.0,1,1,1268349
Olin_50129,Olin,7,train,12.0,1,1,1030833
Olin_50130,Olin,7,test,18.0,1,1,1280442
Olin_50131,Olin,7,train,21.0,1,1,1473664
Olin_50132,Olin,7,train,16.0,1,1,1625072
Olin_50133,Olin,7,train,11.0,1,1,1182405
Olin_50134,Olin,7,train,18.0,1,1,1224117
Olin_50135,Olin,7,train,12.0,1,1,1307139
Olin_50136,Olin,7,train,19.0,1,1,1323656
Olin_50137,Olin,7,train,20.0,1,1,1464125
Pitt_50002,Pitt,8,train,16.77,1,1,1363697
Pitt_50003,Pitt,8,train,24.45,1,1,1286024
Pitt_50004,Pitt,8,train,19.09,1,1,1339886
Pitt_50005,Pitt,8,train,13.73,2,1,1191645
Pitt_50006,Pitt,8,train,13.37,1,1,1307361
Pitt_50007,Pitt,8,train,17.78,1,1,1557795
Pitt_50008,Pitt,8,train,32.45,1,1,1246816
Pitt_50009,Pitt,8,val,33.86,1,1,1408467
Pitt_50010,Pitt,8,train,35.2,1,1,905349
Pitt_50011,Pitt,8,train,16.93,1,1,1441364
Pitt_50012,Pitt,8,val,21.48,1,1,1241024
Pitt_50013,Pitt,8,train,9.33,1,1,1201598
Pitt_50014,Pitt,8,train,14.2,1,1,1229736
Pitt_50015,Pitt,8,train,14.2,1,1,1251281
Pitt_50016,Pitt,8,test,21.82,1,1,1501376
Pitt_50017,Pitt,8,train,22.7,1,1,1307628
Pitt_50019,Pitt,8,train,27.81,1,1,1507597
Pitt_50020,Pitt,8,train,20.83,1,1,1239869
Pitt_50022,Pitt,8,val,16.99,1,1,1327919
Pitt_50023,Pitt,8,train,12.64,2,1,1353379
Pitt_50024,Pitt,8,val,22.64,1,1,1261861
Pitt_50025,Pitt,8,train,31.72,1,1,1056253
Pitt_50026,Pitt,8,val,16.28,1,1,1358350
Pitt_50027,Pitt,8,train,12.24,1,1,1066894
Pitt_50028,Pitt,8,train,12.74,1,1,1444471
Pitt_50029,Pitt,8,train,11.4,2,1,1424882
Pitt_50030,Pitt,8,train,25.12,1,2,1302600
Pitt_50031,Pitt,8,train,12.92,1,2,1329907
Pitt_50032,Pitt,8,test,19.8,1,2,1350373
Pitt_50033,Pitt,8,train,12.15,1,2,1265419
Pitt_50034,Pitt,8,train,14.77,1,2,1266907
Pitt_50035,Pitt,8,train,17.36,1,2,1273329
Pitt_50036,Pitt,8,train,13.28,2,2,1237811
Pitt_50037,Pitt,8,train,19.16,1,2,1310089
Pitt_50038,Pitt,8,train,13.95,2,2,1149084
Pitt_50039,Pitt,8,train,30.66,1,2,1251082
Pitt_50040,Pitt,8,train,24.6,1,2,1234459
Pitt_50041,Pitt,8,train,27.92,1,2,1370991
Pitt_50042,Pitt,8,test,33.17,1,2,1174691
Pitt_50043,Pitt,8,train,13.78,1,2,1250719
Pitt_50044,Pitt,8,train,17.13,1,2,1335792
Pitt_50045,Pitt,8,train,15.7,1,2,1511999
Pitt_50046,Pitt,8,test,20.65,1,2,1111220
Pitt_50047,Pitt,8,train,15.35,1,2,1405955
Pitt_50048,Pitt,8,train,11.81,1,2,1190945
Pitt_50049,Pitt,8,train,15.82,2,2,1103989
Pitt_50050,Pitt,8,train,14.37,1,2,1482616
Pitt_50051,Pitt,8,train,12.83,1,2,1412984
Pitt_50052,Pitt,8,train,33.24,1,2,1173211
Pitt_50053,Pitt,8,train,12.03,1,1,1096197
Pitt_50054,Pitt,8,train,9.44,1,2,1256881
Pitt_50055,Pitt,8,test,16.99,1,1,1149300
Pitt_50056,Pitt,8,train,13.59,1,1,1118621
Pitt_50057,Pitt,8,train,12.62,2,1,1084582
Pitt_50058,Pitt,8,train,23.1,1,2,1312344
Pitt_50059,Pitt,8,train,21.22,2,2,1301405
Pitt_50060,Pitt,8,val,20.34,1,2,1457230
SBL_51556,SBL,9,train,20.0,1,2,1305234
SBL_51557,SBL,9,train,26.0,1,2,1254158
SBL_51558,SBL,9,train,27.0,1,2,1238604
SBL_51559,SBL,9,train,27.0,1,2,1316236
SBL_51560,SBL,9,train,27.0,1,2,1269559
SBL_51561,SBL,9,train,36.0,1,2,1374943
SBL_51562,SBL,9,test,37.0,1,2,1171775
SBL_51563,SBL,9,val,38.0,1,2,1302435
SBL_51564,SBL,9,train,39.0,1,2,1255419
SBL_51565,SBL,9,train,39.0,1,2,1191514
SBL_51566,SBL,9,val,41.0,1,2,1304413
SBL_51567,SBL,9,train,34.0,1,2,1268569
SBL_51568,SBL,9,train,37.0,1,2,1217980
SBL_51569,SBL,9,train,36.0,1,2,1280165
SBL_51570,SBL,9,test,42.0,1,2,1211694
SBL_51571,SBL,9,train,22.0,1,1,1350922
SBL_51572,SBL,9,train,28.0,1,1,1250917
SBL_51573,SBL,9,train,30.0,1,1,1220234
SBL_51574,SBL,9,train,30.0,1,1,1163132
SBL_51575,SBL,9,test,31.0,1,1,1444576
SBL_51576,SBL,9,val,31.0,1,1,1304752
SBL_51577,SBL,9,train,31.0,1,1,1324575
SBL_51578,SBL,9,train,33.0,1,1,1342182
SBL_51579,SBL,9,train,41.0,1,1,1248015
SBL_51580,SBL,9,train,42.0,1,1,1325509
SBL_51581,SBL,9,train,64.0,1,1,1074751
SBL_51582,SBL,9,train,31.0,1,1,1281570
SBL_51583,SBL,9,train,35.0,1,1,1372520
SBL_51584,SBL,9,train,49.0,1,1,1303905
SBL_51585,SBL,9,train,27.0,1,1,1224450
SDSU_50182,SDSU,10,train,16.61,1,1,1310922
SDSU_50183,SDSU,10,train,14.14,1,1,1212068
SDSU_50184,SDSU,10,train,17.15,1,1,1467268
SDSU_50185,SDSU,10,train,12.44,2,1,938947
SDSU_50186,SDSU,10,train,12.13,1,1,1257256
SDSU_50187,SDSU,10,train,16.48,1,1,1390706
SDSU_50188,SDSU,10,val,15.4,1,1,1379298
SDSU_50189,SDSU,10,test,16.64,1,1,1318971
SDSU_50190,SDSU,10,train,13.99,1,1,1202012
SDSU_50191,SDSU,10,train,12.63,1,1,1246264
SDSU_50192,SDSU,10,train,12.99,1,1,1010053
SDSU_50193,SDSU,10,train,14.75,1,2,1244951
SDSU_50194,SDSU,10,train,13.35,1,2,1168806
SDSU_50195,SDSU,10,train,12.58,1,2,1144825
SDSU_50196,SDSU,10,test,12.91,1,2,1217571
SDSU_50197,SDSU,10,train,14.98,1,2,1246969
SDSU_50198,SDSU,10,train,15.28,1,2,1293794
SDSU_50199,SDSU,10,train,15.53,1,2,1169296
SDSU_50200,SDSU,10,val,13.88,1,2,1227765
SDSU_50201,SDSU,10,train,13.77,2,2,1359778
SDSU_50202,SDSU,10,val,12.08,1,2,1194106
SDSU_50203,SDSU,10,train,16.05,1,2,1313219
SDSU_50204,SDSU,10,train,14.86,1,2,1114880
SDSU_50205,SDSU,10,train,14.1,2,2,1181110
SDSU_50206,SDSU,10,train,8.67,2,2,1177795
SDSU_50207,SDSU,10,val,16.06,1,1,1367747
SDSU_50208,SDSU,10,train,13.78,2,2,1184974
SDSU_50209,SDSU,10,train,16.57,1,2,1360374
SDSU_50210,SDSU,10,test,16.6,1,2,1228135
SDSU_50211,SDSU,10,train,16.13,1,2,1176569
SDSU_50212,SDSU,10,train,13.81,1,1,1190121
SDSU_50213,SDSU,10,train,12.38,2,2,1237168
SDSU_50214,SDSU,10,train,14.76,1,2,1270981
SDSU_50215,SDSU,10,train,16.88,2,2,1187391
SDSU_50216,SDSU,10,train,15.6,1,1,1137974
SDSU_50217,SDSU,10,train,12.9,1,2,1176911
Stanford_51160,Stanford,11,train,7.9336,1,1,1044581
Stanford_51161,Stanford,11,train,9.0301,1,1,1296531
Stanford_51162,Stanford,11,train,8.9199,2,1,1037828
Stanford_51163,Stanford,11,train,9.0821,1,1,1387579
Stanford_51164,Stanford,11,train,8.4216,2,1,1046608
Stanford_51165,Stanford,11,train,11.8433,1,1,1135945
Stanford_51166,Stanford,11,train,8.3833,1,1,1095052
Stanford_51167,Stanford,11,test,11.8789,2,1,1271522
Stanford_51168,Stanford,11,train,11.2628,1,1,1302822
Stanford_51169,Stanford,11,train,9.7775,1,1,1090974
Stanford_51170,Stanford,11,val,10.8652,2,1,979096
Stanford_51171,Stanford,11,train,12.9363,1,1,1194019
Stanford_51172,Stanford,11,train,8.7912,1,1,1243782
Stanford_51173,Stanford,11,train,7.5284,1,1,1048306
Stanford_51174,Stanford,11,test,9.9473,1,1,965891
Stanford_51175,Stanford,11,train,8.5804,1,1,1093343
Stanford_51176,Stanford,11,train,9.271,1,1,916412
Stanford_51177,Stanford,11,train,11.6982,1,1,1240413
Stanford_51178,Stanford,11,val,11.4326,1,1,1227425
Stanford_51179,Stanford,11,train,11.6543,1,1,1089096
Stanford_51180,Stanford,11,val,7.7502,2,2,1161304
Stanford_51181,Stanford,11,train,9.3149,1,2,1222595
Stanford_51182,Stanford,11,val,10.6927,1,2,1007524
Stanford_51183,Stanford,11,train,8.2656,1,2,1074981
Stanford_51184,Stanford,11,train,9.1068,2,2,1098389
Stanford_51185,Stanford,11,train,8.2464,1,2,1153332
Stanford_51186,Stanford,11,train,8.3203,1,2,945346
Stanford_51187,Stanford,11,train,8.3313,1,2,1083690
Stanford_51188,Stanford,11,test,8.9747,2,2,1024979
Stanford_51189,Stanford,11,train,9.2081,1,2,1207081
Stanford_51190,Stanford,11,train,8.9363,1,2,1051517
Stanford_51191,Stanford,11,train,9.7201,1,2,983949
Stanford_51192,Stanford,11,train,10.2218,2,2,1064872
Stanford_51193,Stanford,11,train,9.5202,1,2,1140525
Stanford_51194,Stanford,11,train,12.3477,1,2,1308775
Stanford_51195,Stanford,11,train,11.178,1,2,995535
Stanford_51196,Stanford,11,train,11.8816,1,2,1133292
Stanford_51197,Stanford,11,train,12.4298,1,2,1058403
Stanford_51198,Stanford,11,test,12.2546,1,2,1112566
Stanford_51199,Stanford,11,train,12.3833,1,2,984559
Trinity_50232,Trinity,12,train,23.08,1,1,1427246
Trinity_50233,Trinity,12,train,20.75,1,1,1505078
Trinity_50234,Trinity,12,train,15.66,1,1,1513257
Trinity_50235,Trinity,12,train,15.33,1,1,1292591
Trinity_50236,Trinity,12,train,19.16,1,1,1206283
Trinity_50237,Trinity,12,train,21.42,1,1,1437465
Trinity_50238,Trinity,12,train,18.92,1,1,1281169
Trinity_50239,Trinity,12,test,17.03,1,1,1544264
Trinity_50240,Trinity,12,train,15.05,1,1,1274495
Trinity_50241,Trinity,12,train,17.17,1,1,1370806
Trinity_50242,Trinity,12,val,12.75,1,1,1343849
Trinity_50243,Trinity,12,train,13.75,1,1,1440113
Trinity_50244,Trinity,12,train,25.91,1,1,1653355
Trinity_50245,Trinity,12,train,21.58,1,1,1181030
Trinity_50246,Trinity,12,test,19.5,1,1,1530288
Trinity_50247,Trinity,12,train,12.0,1,1,1291389
Trinity_50248,Trinity,12,train,13.58,1,1,1283038
Trinity_50249,Trinity,12,train,13.83,1,1,1413412
Trinity_50250,Trinity,12,val,13.91,1,1,1258959
Trinity_50251,Trinity,12,train,17.25,1,1,1438022
Trinity_50252,Trinity,12,val,15.25,1,1,1366658
Trinity_50253,Trinity,12,train,18.01,1,1,1368570
Trinity_50254,Trinity,12,val,19.41,1,1,1204464
Trinity_50255,Trinity,12,train,14.41,1,1,1433041
Trinity_50257,Trinity,12,train,14.91,1,2,1353307
Trinity_50259,Trinity,12,train,19.83,1,2,1366779
Trinity_50260,Trinity,12,train,20.33,1,2,1281975
Trinity_50261,Trinity,12,train,20.08,1,2,1393772
Trinity_50262,Trinity,12,test,21.33,1,2,1366630
Trinity_50263,Trinity,12,train,19.08,1,2,1534923
Trinity_50264,Trinity,12,train,25.66,1,2,1415414
Trinity_50265,Trinity,12,train,12.25,1,2,1195509
Trinity_50266,Trinity,12,train,15.91,1,2,1229075
Trinity_50267,Trinity,12,train,17.5,1,2,1440255
Trinity_50268,Trinity,12,train,14.41,1,2,1330546
Trinity_50269,Trinity,12,train,14.66,1,2,1257217
Trinity_50270,Trinity,12,train,19.33,1,2,1362242
Trinity_50271,Trinity,12,train,19.66,1,2,1318731
Trinity_51132,Trinity,12,test,24.83,1,2,1452859
Trinity_51133,Trinity,12,train,12.04,1,2,1612442
Trinity_51134,Trinity,12,train,16.83,1,2,1205040
Trinity_51135,Trinity,12,train,13.75,1,2,1354979
Trinity_51136,Trinity,12,test,12.66,1,2,1408644
Trinity_51137,Trinity,12,train,13.25,1,2,1503912
Trinity_51138,Trinity,12,train,12.66,1,2,1355218
Trinity_51139,Trinity,12,train,19.5,1,2,1232412
Trinity_51140,Trinity,12,train,15.75,1,2,1422787
Trinity_51141,Trinity,12,train,15.91,1,2,1413850
Trinity_51142,Trinity,12,val,14.91,1,2,1446378
UCLA_51201,UCLA,13,train,13.52,1,1,1262552
UCLA_51202,UCLA,13,val,11.56,1,1,1317495
UCLA_51203,UCLA,13,val,13.37,1,1,1140248
UCLA_51204,UCLA,13,train,14.57,1,1,1019259
UCLA_51205,UCLA,13,train,17.94,1,1,1235550
UCLA_51206,UCLA,13,train,15.78,1,1,1443254
UCLA_51207,UCLA,13,train,14.11,2,1,1081913
UCLA_51208,UCLA,13,train,16.98,1,1,1014507
UCLA_51209,UCLA,13,train,9.99,1,1,1166838
UCLA_51210,UCLA,13,train,16.56,1,1,1233647
UCLA_51211,UCLA,13,train,11.27,1,1,1165936
UCLA_51212,UCLA,13,train,15.66,1,1,1284277
UCLA_51213,UCLA,13,train,9.11,1,1,742987
UCLA_51214,UCLA,13,train,10.41,1,1,1249625
UCLA_51215,UCLA,13,test,11.56,2,1,1228103
UCLA_51216,UCLA,13,train,10.54,1,1,1210264
UCLA_51217,UCLA,13,train,15.22,1,1,1205244
UCLA_51218,UCLA,13,train,16.87,1,1,1142919
UCLA_51219,UCLA,13,train,13.93,2,1,1223591
UCLA_51220,UCLA,13,train,14.74,1,1,1099991
UCLA_51221,UCLA,13,test,14.58,1,1,1311965
UCLA_51222,UCLA,13,val,11.81,1,1,1326027
UCLA_51223,UCLA,13,train,13.31,1,1,1174379
UCLA_51224,UCLA,13,val,12.99,1,1,1317493
UCLA_51225,UCLA,13,train,12.33,1,1,1126583
UCLA_51226,UCLA,13,train,9.26,2,1,1116734
UCLA_51227,UCLA,13,train,14.53,1,1,1294513
UCLA_51228,UCLA,13,train,8.36,2,1,1168129
UCLA_51229,UCLA,13,train,14.59,1,1,1267457
UCLA_51230,UCLA,13,val,17.53,2,1,1130087
UCLA_51231,UCLA,13,train,10.28,1,1,1282818
UCLA_51232,UCLA,13,train,15.79,1,1,285906
UCLA_51233,UCLA,13,train,12.75,1,1,187037
UCLA_51234,UCLA,13,train,10.91,1,1,1170634
UCLA_51235,UCLA,13,train,10.67,1,1,1368490
UCLA_51236,UCLA,13,train,12.42,1,1,1154513
UCLA_51237,UCLA,13,train,17.4,1,1,1232021
UCLA_51238,UCLA,13,val,10.85,1,1,1285085
UCLA_51239,UCLA,13,train,13.67,1,1,1333570
UCLA_51240,UCLA,13,train,14.96,1,1,1266018
UCLA_51241,UCLA,13,train,10.9,1,1,1166613
UCLA_51242,UCLA,13,train,14.14,2,1,285946
UCLA_51243,UCLA,13,train,11.69,1,1,199550
UCLA_51244,UCLA,13,train,13.09,1,1,209643
UCLA_51245,UCLA,13,train,14.98,1,1,166971
UCLA_51246,UCLA,13,train,13.1,1,1,156281
UCLA_51247,UCLA,13,train,11.97,1,1,178803
UCLA_51248,UCLA,13,train,13.5,1,1,1229778
UCLA_51249,UCLA,13,train,8.49,1,1,1381614
UCLA_51250,UCLA,13,train,14.88,1,2,1308718
UCLA_51251,UCLA,13,train,12.36,1,2,985040
UCLA_51252,UCLA,13,test,10.99,1,2,1327503
UCLA_51253,UCLA,13,val,11.8,1,2,1322443
UCLA_51254,UCLA,13,train,14.44,1,2,1300005
UCLA_51255,UCLA,13,train,14.8,1,2,1148632
UCLA_51256,UCLA,13,train,15.04,1,2,1273941
UCLA_51257,UCLA,13,train,13.38,1,2,1074746
UCLA_51258,UCLA,13,train,11.55,1,2,1146568
UCLA_51259,UCLA,13,train,11.07,1,2,1226407
UCLA_51260,UCLA,13,train,13.66,1,2,1170437
UCLA_51261,UCLA,13,test,17.79,1,2,1230217
UCLA_51262,UCLA,13,train,11.56,1,2,1231158
UCLA_51263,UCLA,13,train,16.03,1,2,1194887
UCLA_51264,UCLA,13,val,13.46,2,2,1099798
UCLA_51265,UCLA,13,train,15.92,1,2,1286150
UCLA_51266,UCLA,13,train,14.03,1,2,1218405
UCLA_51267,UCLA,13,train,11.25,2,2,1196570
UCLA_51268,UCLA,13,train,17.78,1,2,1249724
UCLA_51269,UCLA,13,train,14.29,1,2,1358276
UCLA_51270,UCLA,13,train,11.08,1,2,376239
UCLA_51271,UCLA,13,train,12.09,1,2,1359958
UCLA_51272,UCLA,13,test,13.41,1,2,1061342
UCLA_51273,UCLA,13,train,12.68,1,2,1283106
UCLA_51274,UCLA,13,train,10.96,1,2,1176758
UCLA_51275,UCLA,13,test,15.74,1,2,1116957
UCLA_51276,UCLA,13,train,13.85,1,2,1380070
UCLA_51277,UCLA,13,train,12.01,1,2,1313229
UCLA_51278,UCLA,13,train,9.21,1,2,1241181
UCLA_51279,UCLA,13,train,13.82,2,2,1252843
UCLA_51280,UCLA,13,train,9.5,1,2,1207061
UCLA_51281,UCLA,13,train,11.83,1,2,1205980
UCLA_51282,UCLA,13,train,12.73,2,2,1012728
UCLA_51291,UCLA,13,test,16.47,1,1,1346669
UCLA_51292,UCLA,13,train,12.24,1,1,1090215
UCLA_51293,UCLA,13,train,13.08,1,1,1117230
UCLA_51294,UCLA,13,train,11.7,1,1,1413261
UCLA_51295,UCLA,13,test,10.04,1,1,1249087
UCLA_51296,UCLA,13,val,11.16,1,1,532898
UCLA_51297,UCLA,13,train,14.27,1,1,1155584
UCLA_51298,UCLA,13,train,10.57,1,1,1443487
UCLA_51299,UCLA,13,train,14.77,1,1,1257621
UCLA_51300,UCLA,13,train,14.08,1,1,1281088
UCLA_51301,UCLA,13,test,13.28,1,1,1261854
UCLA_51302,UCLA,13,train,10.85,1,1,1361262
UCLA_51303,UCLA,13,train,13.0,2,2,1201552
UCLA_51304,UCLA,13,train,10.53,1,2,1390567
UCLA_51305,UCLA,13,train,12.64,2,2,1143542
UCLA_51306,UCLA,13,val,11.66,1,2,1308171
UCLA_51307,UCLA,13,train,12.15,1,2,1227179
UCLA_51308,UCLA,13,test,9.79,1,2,1512172
UCLA_51309,UCLA,13,train,11.9,1,2,1183550
UCLA_51310,UCLA,13,train,11.7,1,2,210178
UCLA_51311,UCLA,13,test,11.95,1,2,1167016
UCLA_51312,UCLA,13,train,12.9,1,2,1053626
UCLA_51313,UCLA,13,train,13.36,1,2,1280302
UCLA_51314,UCLA,13,train,13.12,1,2,1115100
UCLA_51315,UCLA,13,val,13.63,1,2,1312043
UCLA_51316,UCLA,13,train,12.66,1,2,1218365
UCLA_51317,UCLA,13,train,12.82,1,1,1291284
UM_50272,UM,14,train,14.2,1,1,374524
UM_50273,UM,14,val,16.8,1,1,618696
UM_50274,UM,14,train,14.2,1,1,541149
UM_50275,UM,14,train,11.5,1,1,1151391
UM_50276,UM,14,train,16.8,2,1,486456
UM_50277,UM,14,train,15.4,1,1,329185
UM_50278,UM,14,train,11.3,2,1,1480296
UM_50279,UM,14,train,12.2,1,1,1084036
UM_50280,UM,14,train,15.6,1,1,1216296
UM_50281,UM,14,train,10.7,1,1,1129465
UM_50282,UM,14,train,15.2,1,1,1226157
UM_50283,UM,14,train,11.2,1,1,57905
UM_50284,UM,14,train,11.2,2,1,1080915
UM_50285,UM,14,train,12.8,2,1,1196511
UM_50286,UM,14,test,11.2,1,1,1084036
UM_50287,UM,14,train,14.4,1,1,665895
UM_50288,UM,14,train,11.1,1,1,168245
UM_50289,UM,14,train,12.9,1,1,1068154
UM_50290,UM,14,train,14.0,1,1,1240831
UM_50291,UM,14,train,13.9,1,1,1058482
UM_50292,UM,14,test,12.6,1,1,1220420
UM_50293,UM,14,val,12.4,1,1,1349004
UM_50294,UM,14,train,12.6,1,1,1248954
UM_50295,UM,14,train,11.5,1,1,1308523
UM_50296,UM,14,train,15.1,1,1,1187629
UM_50297,UM,14,train,15.9,1,1,1279053
UM_50298,UM,14,train,12.8,1,1,1165069
UM_50299,UM,14,train,12.2,1,1,862118
UM_50300,UM,14,train,9.7,2,1,999916
UM_50301,UM,14,val,16.1,1,1,1330450
UM_50302,UM,14,train,10.4,2,1,1081154
UM_50303,UM,14,train,11.6,1,1,1010334
UM_50304,UM,14,val,11.0,1,1,1280707
UM_50305,UM,14,train,10.9,1,1,1171147
UM_50306,UM,14,train,8.5,1,1,1206411
UM_50307,UM,14,train,9.7,1,1,1017154
UM_50308,UM,14,train,8.9,1,1,1205881
UM_50309,UM,14,val,9.5,2,1,113011
UM_50310,UM,14,train,9.7,1,1,1315186
UM_50311,UM,14,train,9.8,1,1,1075139
UM_50312,UM,14,train,11.2,1,1,1239439
UM_50313,UM,14,train,13.4,1,1,953220
UM_50314,UM,14,train,16.1,1,1,1276998
UM_50315,UM,14,train,13.4,1,1,1289934
UM_50316,UM,14,train,11.8,1,1,1159435
UM_50317,UM,14,train,9.8,1,1,1203227
UM_50318,UM,14,train,9.2,1,1,1164438
UM_50319,UM,14,train,15.0,2,1,1158652
UM_50320,UM,14,train,18.6,1,1,1250011
UM_50321,UM,14,train,18.0,2,1,1286271
UM_50322,UM,14,train,12.4,1,1,1182638
UM_50323,UM,14,train,14.2,1,1,968912
UM_50324,UM,14,test,13.8,1,1,1329466
UM_50325,UM,14,train,13.1,1,1,1241337
UM_50326,UM,14,train,12.0,1,1,1189130
UM_50327,UM,14,train,15.3,1,2,446884
UM_50328,UM,14,train,17.4,1,2,614020
UM_50329,UM,14,val,17.1,1,2,1501125
UM_50330,UM,14,train,16.1,1,2,1219489
UM_50331,UM,14,val,17.2,1,2,1240976
UM_50332,UM,14,train,10.4,1,2,1130519
UM_50333,UM,14,train,10.2,1,2,1339958
UM_50334,UM,14,train,11.0,1,2,1241771
UM_50335,UM,14,val,17.8,1,2,1261599
UM_50336,UM,14,train,14.3,2,2,1058074
UM_50337,UM,14,train,11.8,1,2,1354409
UM_50338,UM,14,train,13.5,2,2,1053495
UM_50339,UM,14,train,18.0,1,2,1363612
UM_50340,UM,14,train,16.1,2,2,1092955
UM_50341,UM,14,train,18.2,2,2,1072304
UM_50342,UM,14,train,12.6,1,2,1200652
UM_50343,UM,14,test,13.8,2,2,946476
UM_50344,UM,14,train,18.2,1,2,1086837
UM_50345,UM,14,train,17.3,1,2,1118498
UM_50346,UM,14,test,18.9,1,2,1309086
UM_50347,UM,14,val,15.6,1,2,1240006
UM_50348,UM,14,train,19.2,2,2,1139948
UM_50349,UM,14,train,18.9,1,2,1357025
UM_50350,UM,14,train,12.4,1,2,1428344
UM_50351,UM,14,train,16.8,1,2,1289984
UM_50352,UM,14,train,15.5,1,2,1356737
UM_50353,UM,14,train,13.1,2,2,1160765
UM_50354,UM,14,train,14.0,2,2,1174604
UM_50355,UM,14,train,10.9,1,2,1186349
UM_50356,UM,14,train,17.2,2,2,1070088
UM_50357,UM,14,train,9.5,2,2,1216336
UM_50358,UM,14,train,9.8,1,2,1100631
UM_50359,UM,14,test,10.4,1,2,1016424
UM_50360,UM,14,train,13.9,1,2,1200630
UM_50361,UM,14,train,18.3,2,2,1158182
UM_50362,UM,14,train,11.2,1,2,1183701
UM_50363,UM,14,train,9.8,1,2,1488380
UM_50364,UM,14,test,10.8,1,2,1203660
UM_50365,UM,14,train,15.6,1,2,1043685
UM_50366,UM,14,train,8.2,1,2,1287737
UM_50367,UM,14,train,10.8,1,2,1241521
UM_50368,UM,14,train,17.9,1,2,1401827
UM_50369,UM,14,train,14.8,2,2,1091500
UM_50370,UM,14,train,12.8,1,2,1256108
UM_50371,UM,14,test,12.2,1,2,1391396
UM_50372,UM,14,train,10.2,1,2,1295509
UM_50373,UM,14,train,17.2,2,2,1179812
UM_50374,UM,14,test,9.7,2,2,1119317
UM_50375,UM,14,test,11.6,2,2,1047592
UM_50376,UM,14,train,9.2,1,2,1094797
UM_50377,UM,14,train,11.5,1,2,1433990
UM_50378,UM,14,test,11.6,1,2,1246887
UM_50379,UM,14,val,14.3,2,2,1153638
UM_50380,UM,14,train,17.4,2,2,1255550
UM_50381,UM,14,train,16.5,1,2,1329205
UM_50382,UM,14,train,28.8,1,2,1278495
UM_50383,UM,14,train,14.4,1,2,1298169
UM_50385,UM,14,train,17.8,1,2,1238785
UM_50386,UM,14,train,17.8,1,2,1381730
UM_50387,UM,14,train,14.0,1,2,1253743
UM_50388,UM,14,train,26.8,1,2,1305472
UM_50390,UM,14,test,14.5,1,2,1248069
UM_50391,UM,14,train,17.2,1,2,1354298
UM_50397,UM,14,train,14.7,1,1,1137611
UM_50399,UM,14,train,17.4,1,1,1129621
UM_50402,UM,14,train,13.1,1,1,1134224
UM_50403,UM,14,test,12.8,1,1,1381955
UM_50404,UM,14,train,15.8,1,1,793888
UM_50405,UM,14,train,16.6,1,1,1276325
UM_50406,UM,14,train,15.2,1,1,1307564
UM_50407,UM,14,train,16.6,2,1,1048487
UM_50408,UM,14,train,14.8,1,1,1297294
UM_50410,UM,14,val,16.1,1,1,1255441
UM_50411,UM,14,train,14.0,1,1,1470239
UM_50412,UM,14,val,13.2,1,1,1245694
UM_50413,UM,14,test,13.1,1,1,1281378
UM_50414,UM,14,train,13.8,2,2,1212051
UM_50415,UM,14,train,17.6,1,2,1165047
UM_50416,UM,14,train,14.8,1,2,1320292
UM_50417,UM,14,train,13.3,1,2,1167798
UM_50418,UM,14,val,14.9,1,2,1218289
UM_50419,UM,14,train,15.8,1,2,1046541
UM_50421,UM,14,train,15.4,1,2,1251833
UM_50422,UM,14,train,14.8,1,2,1202908
UM_50423,UM,14,val,14.1,1,2,1187655
UM_50424,UM,14,train,17.9,1,2,1245084
UM_50425,UM,14,train,16.6,1,2,1227919
UM_50426,UM,14,train,13.6,1,2,1175997
UM_50427,UM,14,train,15.8,1,2,1163889
UM_50428,UM,14,test,15.5,1,2,1056986
USM_50432,USM,15,train,18.2806,1,2,1787513
USM_50433,USM,15,val,18.7379,1,2,1335379
USM_50434,USM,15,val,18.2615,1,2,1116397
USM_50435,USM,15,train,16.104,1,2,1428712
USM_50436,USM,15,train,13.8097,1,2,1357414
USM_50437,USM,15,train,14.9432,1,2,1378613
USM_50438,USM,15,train,15.0253,1,2,1328669
USM_50439,USM,15,train,22.601,1,2,1411884
USM_50440,USM,15,train,23.948,1,2,1290927
USM_50441,USM,15,train,27.5975,1,2,1387263
USM_50442,USM,15,train,26.8528,1,2,1367820
USM_50443,USM,15,train,17.0705,1,2,1398526
USM_50444,USM,15,train,24.9884,1,2,1124191
USM_50445,USM,15,train,18.1383,1,2,1277434
USM_50446,USM,15,test,27.3238,1,2,1420122
USM_50447,USM,15,train,12.9391,1,2,1453824
USM_50448,USM,15,train,10.4668,1,2,1429961
USM_50449,USM,15,train,18.2177,1,2,1307626
USM_50450,USM,15,train,21.0979,1,2,1415598
USM_50451,USM,15,train,12.5257,1,2,1211437
USM_50452,USM,15,test,29.9685,1,2,1367382
USM_50453,USM,15,val,8.7721,1,2,1292125
USM_50454,USM,15,train,18.8008,1,2,1320259
USM_50455,USM,15,val,31.2827,1,2,1344217
USM_50456,USM,15,train,16.0986,1,2,1357530
USM_50457,USM,15,train,34.0534,1,2,1344954
USM_50458,USM,15,train,26.1465,1,2,1233617
USM_50459,USM,15,train,18.1547,1,2,1266145
USM_50460,USM,15,train,14.412,1,2,1492539
USM_50461,USM,15,val,16.3943,1,2,1298726
USM_50462,USM,15,train,24.6543,1,2,1333175
USM_50463,USM,15,train,28.3669,1,2,1286310
USM_50464,USM,15,train,9.9548,1,2,1328312
USM_50465,USM,15,train,34.0068,1,2,1213685
USM_50466,USM,15,train,39.2526,1,2,1161225
USM_50467,USM,15,train,19.7591,1,2,1219578
USM_50468,USM,15,train,39.3949,1,2,1343303
USM_50469,USM,15,val,28.5613,1,2,1314552
USM_50470,USM,15,train,9.9165,1,2,1333390
USM_50471,USM,15,train,25.0157,1,2,1356477
USM_50472,USM,15,train,22.1081,1,2,1208668
USM_50473,USM,15,train,22.4367,1,2,1412508
USM_50474,USM,15,train,22.0479,1,2,1294016
USM_50475,USM,15,train,21.6482,1,1,1341468
USM_50476,USM,15,train,20.1697,1,1,1182417
USM_50477,USM,15,train,20.1807,1,1,1239645
USM_50478,USM,15,train,20.178,1,1,1281798
USM_50479,USM,15,train,22.8802,1,1,1387885
USM_50480,USM,15,train,29.0897,1,1,1419031
USM_50481,USM,15,train,17.1663,1,1,1235028
USM_50482,USM,15,train,27.4114,1,1,1052201
USM_50483,USM,15,test,21.4346,1,1,1149883
USM_50484,USM,15,val,19.7043,1,1,1425791
USM_50485,USM,15,train,23.5948,1,1,1393733
USM_50486,USM,15,train,17.7878,1,1,1343211
USM_50487,USM,15,train,25.7972,1,1,1290096
USM_50488,USM,15,train,25.4511,1,1,1326842
USM_50489,USM,15,train,16.7584,1,1,1617564
USM_50490,USM,15,train,19.6277,1,1,1328654
USM_50491,USM,15,train,26.9487,1,1,1392993
USM_50492,USM,15,test,32.5503,1,1,1260840
USM_50493,USM,15,train,35.7098,1,1,1309635
USM_50494,USM,15,train,37.7769,1,1,1250242
USM_50495,USM,15,val,22.5599,1,1,1245044
USM_50496,USM,15,train,24.3231,1,1,1255278
USM_50497,USM,15,train,34.4613,1,1,1292662
USM_50498,USM,15,train,21.1307,1,1,1242625
USM_50499,USM,15,train,25.4346,1,1,1270478
USM_50500,USM,15,train,17.2375,1,1,1523554
USM_50501,USM,15,train,17.7057,1,1,1318145
USM_50502,USM,15,train,32.9582,1,1,1343212
USM_50503,USM,15,test,28.6708,1,1,1042450
USM_50504,USM,15,train,17.6454,1,1,1393715
USM_50505,USM,15,train,33.1828,1,1,1344583
USM_50506,USM,15,test,15.9343,1,1,1337294
USM_50507,USM,15,train,28.1095,1,1,1071014
USM_50508,USM,15,train,26.3792,1,1,1188484
USM_50509,USM,15,train,16.7337,1,1,1614129
USM_50510,USM,15,train,14.1437,1,1,1191541
USM_50511,USM,15,train,16.3833,1,1,1478501
USM_50512,USM,15,train,15.4908,1,1,1460501
USM_50513,USM,15,train,18.4668,1,1,1168300
USM_50514,USM,15,test,21.4018,1,1,1087155
USM_50515,USM,15,train,15.8522,1,1,1325756
USM_50516,USM,15,train,17.1143,1,1,1326446
USM_50517,USM,15,val,16.501,1,1,1433776
USM_50518,USM,15,test,18.6585,1,1,1297011
USM_50519,USM,15,val,16.3778,1,1,1295933
USM_50520,USM,15,train,17.6728,1,1,1297829
USM_50521,USM,15,train,18.4175,1,1,1172191
USM_50522,USM,15,train,14.7515,1,1,1149442
USM_50523,USM,15,train,17.3251,1,1,1431490
USM_50524,USM,15,test,12.334,1,1,1295904
USM_50525,USM,15,train,32.8487,1,1,1407932
USM_50526,USM,15,train,50.2231,1,1,1205778
USM_50527,USM,15,train,18.4148,1,1,1346334
USM_50528,USM,15,train,11.3539,1,1,1507823
USM_50529,USM,15,train,42.3354,1,1,1230553
USM_50530,USM,15,train,18.245,1,1,1296700
USM_50531,USM,15,test,28.0903,1,1,1103373
USM_50532,USM,15,train,16.9199,1,1,1097254
Yale_50551,Yale,16,train,15.92,1,2,1221542
Yale_50552,Yale,16,train,12.75,1,2,1304509
Yale_50553,Yale,16,train,9.75,1,2,1146027
Yale_50554,Yale,16,train,8.67,1,2,1129606
Yale_50555,Yale,16,train,14.42,2,2,1450405
Yale_50556,Yale,16,train,10.67,1,2,1185908
Yale_50557,Yale,16,train,14.25,2,2,1304306
Yale_50558,Yale,16,val,13.75,2,2,1019157
Yale_50559,Yale,16,train,12.25,1,2,1249933
Yale_50560,Yale,16,train,9.25,1,2,1233443
Yale_50561,Yale,16,val,13.33,1,2,1248735
Yale_50562,Yale,16,train,10.83,1,2,1338780
Yale_50563,Yale,16,train,13.92,2,2,1064716
Yale_50564,Yale,16,train,7.66,1,2,1096015
Yale_50565,Yale,16,test,11.0,2,2,1122252
Yale_50566,Yale,16,train,9.66,1,2,1191352
Yale_50567,Yale,16,train,17.83,1,2,1124517
Yale_50568,Yale,16,train,13.92,1,2,1125001
Yale_50569,Yale,16,val,16.66,2,2,1047023
Yale_50570,Yale,16,train,16.66,1,2,1326682
Yale_50571,Yale,16,val,11.0,1,2,1179035
Yale_50572,Yale,16,train,15.75,2,2,1181881
Yale_50573,Yale,16,val,14.17,1,2,1181752
Yale_50574,Yale,16,train,10.92,1,2,1319161
Yale_50575,Yale,16,train,14.0,1,2,1332304
Yale_50576,Yale,16,train,8.42,2,2,1075441
Yale_50577,Yale,16,train,15.25,1,2,1083731
Yale_50578,Yale,16,train,12.33,1,2,1248519
Yale_50601,Yale,16,test,14.33,1,1,1182376
Yale_50602,Yale,16,train,10.0,1,1,1260549
Yale_50603,Yale,16,train,13.25,1,1,1266564
Yale_50604,Yale,16,train,14.42,2,1,1091469
Yale_50605,Yale,16,train,16.0,1,1,1412070
Yale_50606,Yale,16,train,16.42,1,1,1317730
Yale_50607,Yale,16,train,17.17,1,1,1337816
Yale_50608,Yale,16,train,16.58,1,1,1401617
Yale_50609,Yale,16,train,8.92,1,1,1228923
Yale_50610,Yale,16,train,13.0,1,1,1219286
Yale_50611,Yale,16,test,11.92,1,1,1264272
Yale_50612,Yale,16,train,11.83,1,1,1278581
Yale_50613,Yale,16,train,12.5,1,1,1327932
Yale_50614,Yale,16,train,17.75,1,1,1125864
Yale_50615,Yale,16,test,8.58,2,1,999421
Yale_50616,Yale,16,train,11.83,1,1,1325095
Yale_50617,Yale,16,train,7.25,1,1,945259
Yale_50618,Yale,16,train,12.75,1,1,1056722
Yale_50619,Yale,16,train,16.5,2,1,1314525
Yale_50620,Yale,16,train,12.75,2,1,1054867
Yale_50621,Yale,16,train,16.58,2,1,1069036
Yale_50622,Yale,16,train,9.92,1,1,1208551
Yale_50623,Yale,16,train,13.66,2,1,1233303
Yale_50624,Yale,16,test,11.08,2,1,1015182
Yale_50625,Yale,16,train,7.0,1,1,1129746
Yale_50626,Yale,16,train,11.08,1,1,1382659
Yale_50627,Yale,16,train,9.5,2,1,1064533
Yale_50628,Yale,16,val,14.42,1,1,1152712
