run,family,source,seed,ckpt,method,group,n,exact_identities,metric,estimate,ci_low,ci_high,finite_only_mean
brainprobe_haca3_seed1_model_best,brain_slice_probe,haca3,1,best,haca3,all,109,0,psnr,19.757823406103455,19.412611803029932,20.148537198512937,19.757823406103455
brainprobe_haca3_seed1_model_best,brain_slice_probe,haca3,1,best,haca3,all,109,0,mse,0.014573677546952424,0.012746944037121753,0.01656708566403057,0.014573677546952424
brainprobe_haca3_seed1_model_best,brain_slice_probe,haca3,1,best,haca3,all,109,0,mae,0.07227673546868342,0.0682823182822465,0.07629944975715025,0.07227673546868342
brainprobe_haca3_seed1_model_best,brain_slice_probe,haca3,1,best,haca3,all,109,0,pixel_cosine_similarity,0.9779285027681638,0.9753468961894362,0.9802561329582561,0.9779285027681638
brainprobe_haca3_seed1_model_best,brain_slice_probe,haca3,1,best,haca3,all,109,0,cross_correlation,0.9581618885196345,0.9529587453235614,0.9626315762146676,0.9581618885196345
brainprobe_haca3_seed1_model_best,brain_slice_probe,haca3,1,best,haca3,all,109,0,subject_wasserstein_raw_harm,0.05514037639410434,0.05080343142228012,0.05918136131731276,0.05514037639410434
brainprobe_haca3_seed1_model_best,brain_slice_probe,haca3,1,best,haca3,all,109,0,subject_kl_raw_harm,0.35852153991451013,0.33585697029243605,0.3836486077287239,0.35852153991451013
brainprobe_haca3_seed1_model_best,brain_slice_probe,haca3,1,best,haca3,all,109,0,raw_site_ba,0.17708978328173375,0.15128998968008256,0.2068111455108359,
brainprobe_haca3_seed1_model_best,brain_slice_probe,haca3,1,best,haca3,all,109,0,harmonized_site_ba,0.47686060069960995,0.4233205339552088,0.5354490504335706,
brainprobe_haca3_seed1_model_best,brain_slice_probe,haca3,1,best,haca3,all,109,0,site_ba_drop,-0.2997708174178762,-0.35921870183480087,-0.24673166874405275,
brainprobe_haca3_seed1_model_best,brain_slice_probe,haca3,1,best,haca3,source_non_nyu,90,0,psnr,18.921265046256753,18.531426961437564,19.345431937044776,18.921265046256753
brainprobe_haca3_seed1_model_best,brain_slice_probe,haca3,1,best,haca3,source_non_nyu,90,0,mse,0.01665159724371001,0.014477228157195241,0.018953002616618503,0.01665159724371001
brainprobe_haca3_seed1_model_best,brain_slice_probe,haca3,1,best,haca3,source_non_nyu,90,0,mae,0.07813206387456499,0.07345677707458682,0.08272671370278299,0.07813206387456499
brainprobe_haca3_seed1_model_best,brain_slice_probe,haca3,1,best,haca3,source_non_nyu,90,0,pixel_cosine_similarity,0.975654699967271,0.9725123349434082,0.9784112241285364,0.975654699967271
brainprobe_haca3_seed1_model_best,brain_slice_probe,haca3,1,best,haca3,source_non_nyu,90,0,cross_correlation,0.9537281754805146,0.947552314279941,0.9592321440147746,0.9537281754805146
brainprobe_haca3_seed1_model_best,brain_slice_probe,haca3,1,best,haca3,source_non_nyu,90,0,subject_wasserstein_raw_harm,0.06209895291959284,0.05725379582418668,0.06676672926978844,0.06209895291959284
brainprobe_haca3_seed1_model_best,brain_slice_probe,haca3,1,best,haca3,source_non_nyu,90,0,subject_kl_raw_harm,0.3300843941813587,0.30504050741980515,0.35623450569037873,0.3300843941813587
brainprobe_haca3_seed1_model_best,brain_slice_probe,haca3,1,best,haca3,source_non_nyu,90,0,raw_site_ba,0.175,0.15,0.20416666666666666,
brainprobe_haca3_seed1_model_best,brain_slice_probe,haca3,1,best,haca3,source_non_nyu,90,0,harmonized_site_ba,0.4935064935064935,0.43722943722943725,0.5539502164502165,
brainprobe_haca3_seed1_model_best,brain_slice_probe,haca3,1,best,haca3,source_non_nyu,90,0,site_ba_drop,-0.3185064935064935,-0.3765151515151516,-0.26373106060606066,
brainprobe_haca3_seed1_model_best,brain_slice_probe,haca3,1,best,haca3,target_nyu,19,0,psnr,23.720468268535214,22.81995644440203,24.51444726898572,23.720468268535214
brainprobe_haca3_seed1_model_best,brain_slice_probe,haca3,1,best,haca3,target_nyu,19,0,mse,0.004730900035995459,0.0036906541328293975,0.005977310589954024,0.004730900035995459
brainprobe_haca3_seed1_model_best,brain_slice_probe,haca3,1,best,haca3,target_nyu,19,0,mae,0.044540969335560135,0.04042609521663122,0.049174475243775995,0.044540969335560135
brainprobe_haca3_seed1_model_best,brain_slice_probe,haca3,1,best,haca3,target_nyu,19,0,pixel_cosine_similarity,0.9886991476144982,0.9850773536468883,0.9913906145939788,0.9886991476144982
brainprobe_haca3_seed1_model_best,brain_slice_probe,haca3,1,best,haca3,target_nyu,19,0,cross_correlation,0.9791636871259913,0.9729991382745758,0.9840450383756788,0.9791636871259913
brainprobe_haca3_seed1_model_best,brain_slice_probe,haca3,1,best,haca3,target_nyu,19,0,subject_wasserstein_raw_harm,0.0221786981154746,0.018847984082799068,0.02599732703198642,0.0221786981154746
brainprobe_haca3_seed1_model_best,brain_slice_probe,haca3,1,best,haca3,target_nyu,19,0,subject_kl_raw_harm,0.4932238091768065,0.41331304503914307,0.5725387507263587,0.4932238091768065
brainprobe_haca3_seed1_model_best,brain_slice_probe,haca3,1,best,haca3,target_nyu,19,0,raw_site_ba,0.21052631578947367,0.05263157894736842,0.42105263157894735,
brainprobe_haca3_seed1_model_best,brain_slice_probe,haca3,1,best,haca3,target_nyu,19,0,harmonized_site_ba,0.21052631578947367,0.05263157894736842,0.42105263157894735,
brainprobe_haca3_seed1_model_best,brain_slice_probe,haca3,1,best,haca3,target_nyu,19,0,site_ba_drop,0.0,-0.2631578947368421,0.2631578947368421,
brainprobe_haca3_seed1_model_last,brain_slice_probe,haca3,1,last,haca3,all,109,0,psnr,19.757823406103455,19.412611803029932,20.148537198512937,19.757823406103455
brainprobe_haca3_seed1_model_last,brain_slice_probe,haca3,1,last,haca3,all,109,0,mse,0.014573677546952424,0.012746944037121753,0.01656708566403057,0.014573677546952424
brainprobe_haca3_seed1_model_last,brain_slice_probe,haca3,1,last,haca3,all,109,0,mae,0.07227673546868342,0.0682823182822465,0.07629944975715025,0.07227673546868342
brainprobe_haca3_seed1_model_last,brain_slice_probe,haca3,1,last,haca3,all,109,0,pixel_cosine_similarity,0.9779285027681638,0.9753468961894362,0.9802561329582561,0.9779285027681638
brainprobe_haca3_seed1_model_last,brain_slice_probe,haca3,1,last,haca3,all,109,0,cross_correlation,0.9581618885196345,0.9529587453235614,0.9626315762146676,0.9581618885196345
brainprobe_haca3_seed1_model_last,brain_slice_probe,haca3,1,last,haca3,all,109,0,subject_wasserstein_raw_harm,0.05514037639410434,0.05080343142228012,0.05918136131731276,0.05514037639410434
brainprobe_haca3_seed1_model_last,brain_slice_probe,haca3,1,last,haca3,all,109,0,subject_kl_raw_harm,0.35852153991451013,0.33585697029243605,0.3836486077287239,0.35852153991451013
brainprobe_haca3_seed1_model_last,brain_slice_probe,haca3,1,last,haca3,all,109,0,raw_site_ba,0.30956803774141234,0.24542311661506705,0.37287335987026393,
brainprobe_haca3_seed1_model_last,brain_slice_probe,haca3,1,last,haca3,all,109,0,harmonized_site_ba,0.43039215686274507,0.3647058823529412,0.49215686274509807,
brainprobe_haca3_seed1_model_last,brain_slice_probe,haca3,1,last,haca3,all,109,0,site_ba_drop,-0.12082411912133273,-0.2118503980539585,-0.020425328025947313,
brainprobe_haca3_seed1_model_last,brain_slice_probe,haca3,1,last,haca3,source_non_nyu,90,0,psnr,18.921265046256753,18.531426961437564,19.345431937044776,18.921265046256753
brainprobe_haca3_seed1_model_last,brain_slice_probe,haca3,1,last,haca3,source_non_nyu,90,0,mse,0.01665159724371001,0.014477228157195241,0.018953002616618503,0.01665159724371001
brainprobe_haca3_seed1_model_last,brain_slice_probe,haca3,1,last,haca3,source_non_nyu,90,0,mae,0.07813206387456499,0.07345677707458682,0.08272671370278299,0.07813206387456499
brainprobe_haca3_seed1_model_last,brain_slice_probe,haca3,1,last,haca3,source_non_nyu,90,0,pixel_cosine_similarity,0.975654699967271,0.9725123349434082,0.9784112241285364,0.975654699967271
brainprobe_haca3_seed1_model_last,brain_slice_probe,haca3,1,last,haca3,source_non_nyu,90,0,cross_correlation,0.9537281754805146,0.947552314279941,0.9592321440147746,0.9537281754805146
brainprobe_haca3_seed1_model_last,brain_slice_probe,haca3,1,last,haca3,source_non_nyu,90,0,subject_wasserstein_raw_harm,0.06209895291959284,0.05725379582418668,0.06676672926978844,0.06209895291959284
brainprobe_haca3_seed1_model_last,brain_slice_probe,haca3,1,last,haca3,source_non_nyu,90,0,subject_kl_raw_harm,0.3300843941813587,0.30504050741980515,0.35623450569037873,0.3300843941813587
brainprobe_haca3_seed1_model_last,brain_slice_probe,haca3,1,last,haca3,source_non_nyu,90,0,raw_site_ba,0.319047619047619,0.24821428571428572,0.38273809523809527,
brainprobe_haca3_seed1_model_last,brain_slice_probe,haca3,1,last,haca3,source_non_nyu,90,0,harmonized_site_ba,0.45729166666666665,0.38541666666666663,0.5302083333333333,
brainprobe_haca3_seed1_model_last,brain_slice_probe,haca3,1,last,haca3,source_non_nyu,90,0,site_ba_drop,-0.13824404761904763,-0.2349739583333333,-0.03449404761904783,
brainprobe_haca3_seed1_model_last,brain_slice_probe,haca3,1,last,haca3,target_nyu,19,0,psnr,23.720468268535214,22.81995644440203,24.51444726898572,23.720468268535214
brainprobe_haca3_seed1_model_last,brain_slice_probe,haca3,1,last,haca3,target_nyu,19,0,mse,0.004730900035995459,0.0036906541328293975,0.005977310589954024,0.004730900035995459
brainprobe_haca3_seed1_model_last,brain_slice_probe,haca3,1,last,haca3,target_nyu,19,0,mae,0.044540969335560135,0.04042609521663122,0.049174475243775995,0.044540969335560135
brainprobe_haca3_seed1_model_last,brain_slice_probe,haca3,1,last,haca3,target_nyu,19,0,pixel_cosine_similarity,0.9886991476144982,0.9850773536468883,0.9913906145939788,0.9886991476144982
brainprobe_haca3_seed1_model_last,brain_slice_probe,haca3,1,last,haca3,target_nyu,19,0,cross_correlation,0.9791636871259913,0.9729991382745758,0.9840450383756788,0.9791636871259913
brainprobe_haca3_seed1_model_last,brain_slice_probe,haca3,1,last,haca3,target_nyu,19,0,subject_wasserstein_raw_harm,0.0221786981154746,0.018847984082799068,0.02599732703198642,0.0221786981154746
brainprobe_haca3_seed1_model_last,brain_slice_probe,haca3,1,last,haca3,target_nyu,19,0,subject_kl_raw_harm,0.4932238091768065,0.41331304503914307,0.5725387507263587,0.4932238091768065
brainprobe_haca3_seed1_model_last,brain_slice_probe,haca3,1,last,haca3,target_nyu,19,0,raw_site_ba,0.15789473684210525,0.0,0.3157894736842105,
brainprobe_haca3_seed1_model_last,brain_slice_probe,haca3,1,last,haca3,target_nyu,19,0,harmonized_site_ba,0.0,0.0,0.0,
brainprobe_haca3_seed1_model_last,brain_slice_probe,haca3,1,last,haca3,target_nyu,19,0,site_ba_drop,0.15789473684210525,0.0,0.3157894736842105,
brainprobe_haca3_seed2_model_best,brain_slice_probe,haca3,2,best,haca3,all,109,0,psnr,19.757823406103455,19.412611803029932,20.148537198512937,19.757823406103455
brainprobe_haca3_seed2_model_best,brain_slice_probe,haca3,2,best,haca3,all,109,0,mse,0.014573677546952424,0.012746944037121753,0.01656708566403057,0.014573677546952424
brainprobe_haca3_seed2_model_best,brain_slice_probe,haca3,2,best,haca3,all,109,0,mae,0.07227673546868342,0.0682823182822465,0.07629944975715025,0.07227673546868342
brainprobe_haca3_seed2_model_best,brain_slice_probe,haca3,2,best,haca3,all,109,0,pixel_cosine_similarity,0.9779285027681638,0.9753468961894362,0.9802561329582561,0.9779285027681638
brainprobe_haca3_seed2_model_best,brain_slice_probe,haca3,2,best,haca3,all,109,0,cross_correlation,0.9581618885196345,0.9529587453235614,0.9626315762146676,0.9581618885196345
brainprobe_haca3_seed2_model_best,brain_slice_probe,haca3,2,best,haca3,all,109,0,subject_wasserstein_raw_harm,0.05514037639410434,0.05080343142228012,0.05918136131731276,0.05514037639410434
brainprobe_haca3_seed2_model_best,brain_slice_probe,haca3,2,best,haca3,all,109,0,subject_kl_raw_harm,0.35852153991451013,0.33585697029243605,0.3836486077287239,0.35852153991451013
brainprobe_haca3_seed2_model_best,brain_slice_probe,haca3,2,best,haca3,all,109,0,raw_site_ba,0.18472652218782248,0.1454953560371517,0.22931372549019605,
brainprobe_haca3_seed2_model_best,brain_slice_probe,haca3,2,best,haca3,all,109,0,harmonized_site_ba,0.46284360634205834,0.397515479876161,0.5302666760484098,
brainprobe_haca3_seed2_model_best,brain_slice_probe,haca3,2,best,haca3,all,109,0,site_ba_drop,-0.27811708415423586,-0.36012852988085187,-0.19813561309691344,
brainprobe_haca3_seed2_model_best,brain_slice_probe,haca3,2,best,haca3,source_non_nyu,90,0,psnr,18.921265046256753,18.531426961437564,19.345431937044776,18.921265046256753
brainprobe_haca3_seed2_model_best,brain_slice_probe,haca3,2,best,haca3,source_non_nyu,90,0,mse,0.01665159724371001,0.014477228157195241,0.018953002616618503,0.01665159724371001
brainprobe_haca3_seed2_model_best,brain_slice_probe,haca3,2,best,haca3,source_non_nyu,90,0,mae,0.07813206387456499,0.07345677707458682,0.08272671370278299,0.07813206387456499
brainprobe_haca3_seed2_model_best,brain_slice_probe,haca3,2,best,haca3,source_non_nyu,90,0,pixel_cosine_similarity,0.975654699967271,0.9725123349434082,0.9784112241285364,0.975654699967271
brainprobe_haca3_seed2_model_best,brain_slice_probe,haca3,2,best,haca3,source_non_nyu,90,0,cross_correlation,0.9537281754805146,0.947552314279941,0.9592321440147746,0.9537281754805146
brainprobe_haca3_seed2_model_best,brain_slice_probe,haca3,2,best,haca3,source_non_nyu,90,0,subject_wasserstein_raw_harm,0.06209895291959284,0.05725379582418668,0.06676672926978844,0.06209895291959284
brainprobe_haca3_seed2_model_best,brain_slice_probe,haca3,2,best,haca3,source_non_nyu,90,0,subject_kl_raw_harm,0.3300843941813587,0.30504050741980515,0.35623450569037873,0.3300843941813587
brainprobe_haca3_seed2_model_best,brain_slice_probe,haca3,2,best,haca3,source_non_nyu,90,0,raw_site_ba,0.16666666666666669,0.12916666666666665,0.2125,
brainprobe_haca3_seed2_model_best,brain_slice_probe,haca3,2,best,haca3,source_non_nyu,90,0,harmonized_site_ba,0.4555871212121212,0.390530303030303,0.5274857954545453,
brainprobe_haca3_seed2_model_best,brain_slice_probe,haca3,2,best,haca3,source_non_nyu,90,0,site_ba_drop,-0.2889204545454545,-0.37329545454545443,-0.20454545454545453,
brainprobe_haca3_seed2_model_best,brain_slice_probe,haca3,2,best,haca3,target_nyu,19,0,psnr,23.720468268535214,22.81995644440203,24.51444726898572,23.720468268535214
brainprobe_haca3_seed2_model_best,brain_slice_probe,haca3,2,best,haca3,target_nyu,19,0,mse,0.004730900035995459,0.0036906541328293975,0.005977310589954024,0.004730900035995459
brainprobe_haca3_seed2_model_best,brain_slice_probe,haca3,2,best,haca3,target_nyu,19,0,mae,0.044540969335560135,0.04042609521663122,0.049174475243775995,0.044540969335560135
brainprobe_haca3_seed2_model_best,brain_slice_probe,haca3,2,best,haca3,target_nyu,19,0,pixel_cosine_similarity,0.9886991476144982,0.9850773536468883,0.9913906145939788,0.9886991476144982
brainprobe_haca3_seed2_model_best,brain_slice_probe,haca3,2,best,haca3,target_nyu,19,0,cross_correlation,0.9791636871259913,0.9729991382745758,0.9840450383756788,0.9791636871259913
brainprobe_haca3_seed2_model_best,brain_slice_probe,haca3,2,best,haca3,target_nyu,19,0,subject_wasserstein_raw_harm,0.0221786981154746,0.018847984082799068,0.02599732703198642,0.0221786981154746
brainprobe_haca3_seed2_model_best,brain_slice_probe,haca3,2,best,haca3,target_nyu,19,0,subject_kl_raw_harm,0.4932238091768065,0.41331304503914307,0.5725387507263587,0.4932238091768065
brainprobe_haca3_seed2_model_best,brain_slice_probe,haca3,2,best,haca3,target_nyu,19,0,raw_site_ba,0.47368421052631576,0.2631578947368421,0.6842105263157895,
brainprobe_haca3_seed2_model_best,brain_slice_probe,haca3,2,best,haca3,target_nyu,19,0,harmonized_site_ba,0.5789473684210527,0.3684210526315789,0.7894736842105263,
brainprobe_haca3_seed2_model_best,brain_slice_probe,haca3,2,best,haca3,target_nyu,19,0,site_ba_drop,-0.10526315789473689,-0.42105263157894735,0.21052631578947367,
brainprobe_haca3_seed2_model_last,brain_slice_probe,haca3,2,last,haca3,all,109,0,psnr,19.757823406103455,19.412611803029932,20.148537198512937,19.757823406103455
brainprobe_haca3_seed2_model_last,brain_slice_probe,haca3,2,last,haca3,all,109,0,mse,0.014573677546952424,0.012746944037121753,0.01656708566403057,0.014573677546952424
brainprobe_haca3_seed2_model_last,brain_slice_probe,haca3,2,last,haca3,all,109,0,mae,0.07227673546868342,0.0682823182822465,0.07629944975715025,0.07227673546868342
brainprobe_haca3_seed2_model_last,brain_slice_probe,haca3,2,last,haca3,all,109,0,pixel_cosine_similarity,0.9779285027681638,0.9753468961894362,0.9802561329582561,0.9779285027681638
brainprobe_haca3_seed2_model_last,brain_slice_probe,haca3,2,last,haca3,all,109,0,cross_correlation,0.9581618885196345,0.9529587453235614,0.9626315762146676,0.9581618885196345
brainprobe_haca3_seed2_model_last,brain_slice_probe,haca3,2,last,haca3,all,109,0,subject_wasserstein_raw_harm,0.05514037639410434,0.05080343142228012,0.05918136131731276,0.05514037639410434
brainprobe_haca3_seed2_model_last,brain_slice_probe,haca3,2,last,haca3,all,109,0,subject_kl_raw_harm,0.35852153991451013,0.33585697029243605,0.3836486077287239,0.35852153991451013
brainprobe_haca3_seed2_model_last,brain_slice_probe,haca3,2,last,haca3,all,109,0,raw_site_ba,0.305399193170091,0.23284677268036402,0.38127802795759447,
brainprobe_haca3_seed2_model_last,brain_slice_probe,haca3,2,last,haca3,all,109,0,harmonized_site_ba,0.2869821612855668,0.2488574377119269,0.3261477222467934,
brainprobe_haca3_seed2_model_last,brain_slice_probe,haca3,2,last,haca3,all,109,0,site_ba_drop,0.018417031884524204,-0.05454067990832694,0.0937551934649459,
brainprobe_haca3_seed2_model_last,brain_slice_probe,haca3,2,last,haca3,source_non_nyu,90,0,psnr,18.921265046256753,18.531426961437564,19.345431937044776,18.921265046256753
brainprobe_haca3_seed2_model_last,brain_slice_probe,haca3,2,last,haca3,source_non_nyu,90,0,mse,0.01665159724371001,0.014477228157195241,0.018953002616618503,0.01665159724371001
brainprobe_haca3_seed2_model_last,brain_slice_probe,haca3,2,last,haca3,source_non_nyu,90,0,mae,0.07813206387456499,0.07345677707458682,0.08272671370278299,0.07813206387456499
brainprobe_haca3_seed2_model_last,brain_slice_probe,haca3,2,last,haca3,source_non_nyu,90,0,pixel_cosine_similarity,0.975654699967271,0.9725123349434082,0.9784112241285364,0.975654699967271
brainprobe_haca3_seed2_model_last,brain_slice_probe,haca3,2,last,haca3,source_non_nyu,90,0,cross_correlation,0.9537281754805146,0.947552314279941,0.9592321440147746,0.9537281754805146
brainprobe_haca3_seed2_model_last,brain_slice_probe,haca3,2,last,haca3,source_non_nyu,90,0,subject_wasserstein_raw_harm,0.06209895291959284,0.05725379582418668,0.06676672926978844,0.06209895291959284
brainprobe_haca3_seed2_model_last,brain_slice_probe,haca3,2,last,haca3,source_non_nyu,90,0,subject_kl_raw_harm,0.3300843941813587,0.30504050741980515,0.35623450569037873,0.3300843941813587
brainprobe_haca3_seed2_model_last,brain_slice_probe,haca3,2,last,haca3,source_non_nyu,90,0,raw_site_ba,0.2817234848484848,0.2052059659090909,0.3625260416666666,
brainprobe_haca3_seed2_model_last,brain_slice_probe,haca3,2,last,haca3,source_non_nyu,90,0,harmonized_site_ba,0.27202380952380956,0.2375,0.3113095238095238,
brainprobe_haca3_seed2_model_last,brain_slice_probe,haca3,2,last,haca3,source_non_nyu,90,0,site_ba_drop,0.00969967532467525,-0.06903239989177494,0.0882088744588744,
brainprobe_haca3_seed2_model_last,brain_slice_probe,haca3,2,last,haca3,target_nyu,19,0,psnr,23.720468268535214,22.81995644440203,24.51444726898572,23.720468268535214
brainprobe_haca3_seed2_model_last,brain_slice_probe,haca3,2,last,haca3,target_nyu,19,0,mse,0.004730900035995459,0.0036906541328293975,0.005977310589954024,0.004730900035995459
brainprobe_haca3_seed2_model_last,brain_slice_probe,haca3,2,last,haca3,target_nyu,19,0,mae,0.044540969335560135,0.04042609521663122,0.049174475243775995,0.044540969335560135
brainprobe_haca3_seed2_model_last,brain_slice_probe,haca3,2,last,haca3,target_nyu,19,0,pixel_cosine_similarity,0.9886991476144982,0.9850773536468883,0.9913906145939788,0.9886991476144982
brainprobe_haca3_seed2_model_last,brain_slice_probe,haca3,2,last,haca3,target_nyu,19,0,cross_correlation,0.9791636871259913,0.9729991382745758,0.9840450383756788,0.9791636871259913
brainprobe_haca3_seed2_model_last,brain_slice_probe,haca3,2,last,haca3,target_nyu,19,0,subject_wasserstein_raw_harm,0.0221786981154746,0.018847984082799068,0.02599732703198642,0.0221786981154746
brainprobe_haca3_seed2_model_last,brain_slice_probe,haca3,2,last,haca3,target_nyu,19,0,subject_kl_raw_harm,0.4932238091768065,0.41331304503914307,0.5725387507263587,0.4932238091768065
brainprobe_haca3_seed2_model_last,brain_slice_probe,haca3,2,last,haca3,target_nyu,19,0,raw_site_ba,0.6842105263157895,0.47368421052631576,0.8947368421052632,
brainprobe_haca3_seed2_model_last,brain_slice_probe,haca3,2,last,haca3,target_nyu,19,0,harmonized_site_ba,0.5263157894736842,0.3157894736842105,0.7368421052631579,
brainprobe_haca3_seed2_model_last,brain_slice_probe,haca3,2,last,haca3,target_nyu,19,0,site_ba_drop,0.1578947368421053,-0.10526315789473684,0.4210526315789474,
brainprobe_haca3_seed3_model_best,brain_slice_probe,haca3,3,best,haca3,all,109,0,psnr,19.757823406103455,19.412611803029932,20.148537198512937,19.757823406103455
brainprobe_haca3_seed3_model_best,brain_slice_probe,haca3,3,best,haca3,all,109,0,mse,0.014573677546952424,0.012746944037121753,0.01656708566403057,0.014573677546952424
brainprobe_haca3_seed3_model_best,brain_slice_probe,haca3,3,best,haca3,all,109,0,mae,0.07227673546868342,0.0682823182822465,0.07629944975715025,0.07227673546868342
brainprobe_haca3_seed3_model_best,brain_slice_probe,haca3,3,best,haca3,all,109,0,pixel_cosine_similarity,0.9779285027681638,0.9753468961894362,0.9802561329582561,0.9779285027681638
brainprobe_haca3_seed3_model_best,brain_slice_probe,haca3,3,best,haca3,all,109,0,cross_correlation,0.9581618885196345,0.9529587453235614,0.9626315762146676,0.9581618885196345
brainprobe_haca3_seed3_model_best,brain_slice_probe,haca3,3,best,haca3,all,109,0,subject_wasserstein_raw_harm,0.05514037639410434,0.05080343142228012,0.05918136131731276,0.05514037639410434
brainprobe_haca3_seed3_model_best,brain_slice_probe,haca3,3,best,haca3,all,109,0,subject_kl_raw_harm,0.35852153991451013,0.33585697029243605,0.3836486077287239,0.35852153991451013
brainprobe_haca3_seed3_model_best,brain_slice_probe,haca3,3,best,haca3,all,109,0,raw_site_ba,0.2273920094353531,0.19236326109391125,0.26743328910511577,
brainprobe_haca3_seed3_model_best,brain_slice_probe,haca3,3,best,haca3,all,109,0,harmonized_site_ba,0.5376160990712073,0.49710139318885455,0.57781217750258,
brainprobe_haca3_seed3_model_best,brain_slice_probe,haca3,3,best,haca3,all,109,0,site_ba_drop,-0.31022408963585424,-0.35995872033023724,-0.2561477222467934,
brainprobe_haca3_seed3_model_best,brain_slice_probe,haca3,3,best,haca3,source_non_nyu,90,0,psnr,18.921265046256753,18.531426961437564,19.345431937044776,18.921265046256753
brainprobe_haca3_seed3_model_best,brain_slice_probe,haca3,3,best,haca3,source_non_nyu,90,0,mse,0.01665159724371001,0.014477228157195241,0.018953002616618503,0.01665159724371001
brainprobe_haca3_seed3_model_best,brain_slice_probe,haca3,3,best,haca3,source_non_nyu,90,0,mae,0.07813206387456499,0.07345677707458682,0.08272671370278299,0.07813206387456499
brainprobe_haca3_seed3_model_best,brain_slice_probe,haca3,3,best,haca3,source_non_nyu,90,0,pixel_cosine_similarity,0.975654699967271,0.9725123349434082,0.9784112241285364,0.975654699967271
brainprobe_haca3_seed3_model_best,brain_slice_probe,haca3,3,best,haca3,source_non_nyu,90,0,cross_correlation,0.9537281754805146,0.947552314279941,0.9592321440147746,0.9537281754805146
brainprobe_haca3_seed3_model_best,brain_slice_probe,haca3,3,best,haca3,source_non_nyu,90,0,subject_wasserstein_raw_harm,0.06209895291959284,0.05725379582418668,0.06676672926978844,0.06209895291959284
brainprobe_haca3_seed3_model_best,brain_slice_probe,haca3,3,best,haca3,source_non_nyu,90,0,subject_kl_raw_harm,0.3300843941813587,0.30504050741980515,0.35623450569037873,0.3300843941813587
brainprobe_haca3_seed3_model_best,brain_slice_probe,haca3,3,best,haca3,source_non_nyu,90,0,raw_site_ba,0.19226190476190474,0.15476190476190477,0.23452380952380952,
brainprobe_haca3_seed3_model_best,brain_slice_probe,haca3,3,best,haca3,source_non_nyu,90,0,harmonized_site_ba,0.521875,0.48124999999999996,0.5604166666666667,
brainprobe_haca3_seed3_model_best,brain_slice_probe,haca3,3,best,haca3,source_non_nyu,90,0,site_ba_drop,-0.32961309523809523,-0.3843861607142857,-0.27380580357142864,
brainprobe_haca3_seed3_model_best,brain_slice_probe,haca3,3,best,haca3,target_nyu,19,0,psnr,23.720468268535214,22.81995644440203,24.51444726898572,23.720468268535214
brainprobe_haca3_seed3_model_best,brain_slice_probe,haca3,3,best,haca3,target_nyu,19,0,mse,0.004730900035995459,0.0036906541328293975,0.005977310589954024,0.004730900035995459
brainprobe_haca3_seed3_model_best,brain_slice_probe,haca3,3,best,haca3,target_nyu,19,0,mae,0.044540969335560135,0.04042609521663122,0.049174475243775995,0.044540969335560135
brainprobe_haca3_seed3_model_best,brain_slice_probe,haca3,3,best,haca3,target_nyu,19,0,pixel_cosine_similarity,0.9886991476144982,0.9850773536468883,0.9913906145939788,0.9886991476144982
brainprobe_haca3_seed3_model_best,brain_slice_probe,haca3,3,best,haca3,target_nyu,19,0,cross_correlation,0.9791636871259913,0.9729991382745758,0.9840450383756788,0.9791636871259913
brainprobe_haca3_seed3_model_best,brain_slice_probe,haca3,3,best,haca3,target_nyu,19,0,subject_wasserstein_raw_harm,0.0221786981154746,0.018847984082799068,0.02599732703198642,0.0221786981154746
brainprobe_haca3_seed3_model_best,brain_slice_probe,haca3,3,best,haca3,target_nyu,19,0,subject_kl_raw_harm,0.4932238091768065,0.41331304503914307,0.5725387507263587,0.4932238091768065
brainprobe_haca3_seed3_model_best,brain_slice_probe,haca3,3,best,haca3,target_nyu,19,0,raw_site_ba,0.7894736842105263,0.5789473684210527,0.9473684210526315,
brainprobe_haca3_seed3_model_best,brain_slice_probe,haca3,3,best,haca3,target_nyu,19,0,harmonized_site_ba,0.7894736842105263,0.5789473684210527,0.9473684210526315,
brainprobe_haca3_seed3_model_best,brain_slice_probe,haca3,3,best,haca3,target_nyu,19,0,site_ba_drop,0.0,-0.1578947368421052,0.15789473684210525,
brainprobe_haca3_seed3_model_last,brain_slice_probe,haca3,3,last,haca3,all,109,0,psnr,19.757823406103455,19.412611803029932,20.148537198512937,19.757823406103455
brainprobe_haca3_seed3_model_last,brain_slice_probe,haca3,3,last,haca3,all,109,0,mse,0.014573677546952424,0.012746944037121753,0.01656708566403057,0.014573677546952424
brainprobe_haca3_seed3_model_last,brain_slice_probe,haca3,3,last,haca3,all,109,0,mae,0.07227673546868342,0.0682823182822465,0.07629944975715025,0.07227673546868342
brainprobe_haca3_seed3_model_last,brain_slice_probe,haca3,3,last,haca3,all,109,0,pixel_cosine_similarity,0.9779285027681638,0.9753468961894362,0.9802561329582561,0.9779285027681638
brainprobe_haca3_seed3_model_last,brain_slice_probe,haca3,3,last,haca3,all,109,0,cross_correlation,0.9581618885196345,0.9529587453235614,0.9626315762146676,0.9581618885196345
brainprobe_haca3_seed3_model_last,brain_slice_probe,haca3,3,last,haca3,all,109,0,subject_wasserstein_raw_harm,0.05514037639410434,0.05080343142228012,0.05918136131731276,0.05514037639410434
brainprobe_haca3_seed3_model_last,brain_slice_probe,haca3,3,last,haca3,all,109,0,subject_kl_raw_harm,0.35852153991451013,0.33585697029243605,0.3836486077287239,0.35852153991451013
brainprobe_haca3_seed3_model_last,brain_slice_probe,haca3,3,last,haca3,all,109,0,raw_site_ba,0.2273920094353531,0.19236326109391125,0.26743328910511577,
brainprobe_haca3_seed3_model_last,brain_slice_probe,haca3,3,last,haca3,all,109,0,harmonized_site_ba,0.5376160990712073,0.49710139318885455,0.57781217750258,
brainprobe_haca3_seed3_model_last,brain_slice_probe,haca3,3,last,haca3,all,109,0,site_ba_drop,-0.31022408963585424,-0.35995872033023724,-0.2561477222467934,
brainprobe_haca3_seed3_model_last,brain_slice_probe,haca3,3,last,haca3,source_non_nyu,90,0,psnr,18.921265046256753,18.531426961437564,19.345431937044776,18.921265046256753
brainprobe_haca3_seed3_model_last,brain_slice_probe,haca3,3,last,haca3,source_non_nyu,90,0,mse,0.01665159724371001,0.014477228157195241,0.018953002616618503,0.01665159724371001
brainprobe_haca3_seed3_model_last,brain_slice_probe,haca3,3,last,haca3,source_non_nyu,90,0,mae,0.07813206387456499,0.07345677707458682,0.08272671370278299,0.07813206387456499
brainprobe_haca3_seed3_model_last,brain_slice_probe,haca3,3,last,haca3,source_non_nyu,90,0,pixel_cosine_similarity,0.975654699967271,0.9725123349434082,0.9784112241285364,0.975654699967271
brainprobe_haca3_seed3_model_last,brain_slice_probe,haca3,3,last,haca3,source_non_nyu,90,0,cross_correlation,0.9537281754805146,0.947552314279941,0.9592321440147746,0.9537281754805146
brainprobe_haca3_seed3_model_last,brain_slice_probe,haca3,3,last,haca3,source_non_nyu,90,0,subject_wasserstein_raw_harm,0.06209895291959284,0.05725379582418668,0.06676672926978844,0.06209895291959284
brainprobe_haca3_seed3_model_last,brain_slice_probe,haca3,3,last,haca3,source_non_nyu,90,0,subject_kl_raw_harm,0.3300843941813587,0.30504050741980515,0.35623450569037873,0.3300843941813587
brainprobe_haca3_seed3_model_last,brain_slice_probe,haca3,3,last,haca3,source_non_nyu,90,0,raw_site_ba,0.19226190476190474,0.15476190476190477,0.23452380952380952,
brainprobe_haca3_seed3_model_last,brain_slice_probe,haca3,3,last,haca3,source_non_nyu,90,0,harmonized_site_ba,0.521875,0.48124999999999996,0.5604166666666667,
brainprobe_haca3_seed3_model_last,brain_slice_probe,haca3,3,last,haca3,source_non_nyu,90,0,site_ba_drop,-0.32961309523809523,-0.3843861607142857,-0.27380580357142864,
brainprobe_haca3_seed3_model_last,brain_slice_probe,haca3,3,last,haca3,target_nyu,19,0,psnr,23.720468268535214,22.81995644440203,24.51444726898572,23.720468268535214
brainprobe_haca3_seed3_model_last,brain_slice_probe,haca3,3,last,haca3,target_nyu,19,0,mse,0.004730900035995459,0.0036906541328293975,0.005977310589954024,0.004730900035995459
brainprobe_haca3_seed3_model_last,brain_slice_probe,haca3,3,last,haca3,target_nyu,19,0,mae,0.044540969335560135,0.04042609521663122,0.049174475243775995,0.044540969335560135
brainprobe_haca3_seed3_model_last,brain_slice_probe,haca3,3,last,haca3,target_nyu,19,0,pixel_cosine_similarity,0.9886991476144982,0.9850773536468883,0.9913906145939788,0.9886991476144982
brainprobe_haca3_seed3_model_last,brain_slice_probe,haca3,3,last,haca3,target_nyu,19,0,cross_correlation,0.9791636871259913,0.9729991382745758,0.9840450383756788,0.9791636871259913
brainprobe_haca3_seed3_model_last,brain_slice_probe,haca3,3,last,haca3,target_nyu,19,0,subject_wasserstein_raw_harm,0.0221786981154746,0.018847984082799068,0.02599732703198642,0.0221786981154746
brainprobe_haca3_seed3_model_last,brain_slice_probe,haca3,3,last,haca3,target_nyu,19,0,subject_kl_raw_harm,0.4932238091768065,0.41331304503914307,0.5725387507263587,0.4932238091768065
brainprobe_haca3_seed3_model_last,brain_slice_probe,haca3,3,last,haca3,target_nyu,19,0,raw_site_ba,0.7894736842105263,0.5789473684210527,0.9473684210526315,
brainprobe_haca3_seed3_model_last,brain_slice_probe,haca3,3,last,haca3,target_nyu,19,0,harmonized_site_ba,0.7894736842105263,0.5789473684210527,0.9473684210526315,
brainprobe_haca3_seed3_model_last,brain_slice_probe,haca3,3,last,haca3,target_nyu,19,0,site_ba_drop,0.0,-0.1578947368421052,0.15789473684210525,
brainprobe_raw_seed1_model_best,brain_slice_probe,raw,1,best,haca3,all,109,0,psnr,19.757823406103455,19.412611803029932,20.148537198512937,19.757823406103455
brainprobe_raw_seed1_model_best,brain_slice_probe,raw,1,best,haca3,all,109,0,mse,0.014573677546952424,0.012746944037121753,0.01656708566403057,0.014573677546952424
brainprobe_raw_seed1_model_best,brain_slice_probe,raw,1,best,haca3,all,109,0,mae,0.07227673546868342,0.0682823182822465,0.07629944975715025,0.07227673546868342
brainprobe_raw_seed1_model_best,brain_slice_probe,raw,1,best,haca3,all,109,0,pixel_cosine_similarity,0.9779285027681638,0.9753468961894362,0.9802561329582561,0.9779285027681638
brainprobe_raw_seed1_model_best,brain_slice_probe,raw,1,best,haca3,all,109,0,cross_correlation,0.9581618885196345,0.9529587453235614,0.9626315762146676,0.9581618885196345
brainprobe_raw_seed1_model_best,brain_slice_probe,raw,1,best,haca3,all,109,0,subject_wasserstein_raw_harm,0.05514037639410434,0.05080343142228012,0.05918136131731276,0.05514037639410434
brainprobe_raw_seed1_model_best,brain_slice_probe,raw,1,best,haca3,all,109,0,subject_kl_raw_harm,0.35852153991451013,0.33585697029243605,0.3836486077287239,0.35852153991451013
brainprobe_raw_seed1_model_best,brain_slice_probe,raw,1,best,haca3,all,109,0,raw_site_ba,0.7970588235294118,0.7343137254901961,0.8627450980392157,
brainprobe_raw_seed1_model_best,brain_slice_probe,raw,1,best,haca3,all,109,0,harmonized_site_ba,0.16750700280112044,0.12773109243697478,0.2072829131652661,
brainprobe_raw_seed1_model_best,brain_slice_probe,raw,1,best,haca3,all,109,0,site_ba_drop,0.6295518207282914,0.5466386554621849,0.7119047619047619,
brainprobe_raw_seed1_model_best,brain_slice_probe,raw,1,best,haca3,source_non_nyu,90,0,psnr,18.921265046256753,18.531426961437564,19.345431937044776,18.921265046256753
brainprobe_raw_seed1_model_best,brain_slice_probe,raw,1,best,haca3,source_non_nyu,90,0,mse,0.01665159724371001,0.014477228157195241,0.018953002616618503,0.01665159724371001
brainprobe_raw_seed1_model_best,brain_slice_probe,raw,1,best,haca3,source_non_nyu,90,0,mae,0.07813206387456499,0.07345677707458682,0.08272671370278299,0.07813206387456499
brainprobe_raw_seed1_model_best,brain_slice_probe,raw,1,best,haca3,source_non_nyu,90,0,pixel_cosine_similarity,0.975654699967271,0.9725123349434082,0.9784112241285364,0.975654699967271
brainprobe_raw_seed1_model_best,brain_slice_probe,raw,1,best,haca3,source_non_nyu,90,0,cross_correlation,0.9537281754805146,0.947552314279941,0.9592321440147746,0.9537281754805146
brainprobe_raw_seed1_model_best,brain_slice_probe,raw,1,best,haca3,source_non_nyu,90,0,subject_wasserstein_raw_harm,0.06209895291959284,0.05725379582418668,0.06676672926978844,0.06209895291959284
brainprobe_raw_seed1_model_best,brain_slice_probe,raw,1,best,haca3,source_non_nyu,90,0,subject_kl_raw_harm,0.3300843941813587,0.30504050741980515,0.35623450569037873,0.3300843941813587
brainprobe_raw_seed1_model_best,brain_slice_probe,raw,1,best,haca3,source_non_nyu,90,0,raw_site_ba,0.784375,0.71875,0.8541666666666666,
brainprobe_raw_seed1_model_best,brain_slice_probe,raw,1,best,haca3,source_non_nyu,90,0,harmonized_site_ba,0.11547619047619047,0.0732142857142857,0.15773809523809523,
brainprobe_raw_seed1_model_best,brain_slice_probe,raw,1,best,haca3,source_non_nyu,90,0,site_ba_drop,0.6688988095238095,0.5843266369047618,0.7558072916666667,
brainprobe_raw_seed1_model_best,brain_slice_probe,raw,1,best,haca3,target_nyu,19,0,psnr,23.720468268535214,22.81995644440203,24.51444726898572,23.720468268535214
brainprobe_raw_seed1_model_best,brain_slice_probe,raw,1,best,haca3,target_nyu,19,0,mse,0.004730900035995459,0.0036906541328293975,0.005977310589954024,0.004730900035995459
brainprobe_raw_seed1_model_best,brain_slice_probe,raw,1,best,haca3,target_nyu,19,0,mae,0.044540969335560135,0.04042609521663122,0.049174475243775995,0.044540969335560135
brainprobe_raw_seed1_model_best,brain_slice_probe,raw,1,best,haca3,target_nyu,19,0,pixel_cosine_similarity,0.9886991476144982,0.9850773536468883,0.9913906145939788,0.9886991476144982
brainprobe_raw_seed1_model_best,brain_slice_probe,raw,1,best,haca3,target_nyu,19,0,cross_correlation,0.9791636871259913,0.9729991382745758,0.9840450383756788,0.9791636871259913
brainprobe_raw_seed1_model_best,brain_slice_probe,raw,1,best,haca3,target_nyu,19,0,subject_wasserstein_raw_harm,0.0221786981154746,0.018847984082799068,0.02599732703198642,0.0221786981154746
brainprobe_raw_seed1_model_best,brain_slice_probe,raw,1,best,haca3,target_nyu,19,0,subject_kl_raw_harm,0.4932238091768065,0.41331304503914307,0.5725387507263587,0.4932238091768065
brainprobe_raw_seed1_model_best,brain_slice_probe,raw,1,best,haca3,target_nyu,19,0,raw_site_ba,1.0,1.0,1.0,
brainprobe_raw_seed1_model_best,brain_slice_probe,raw,1,best,haca3,target_nyu,19,0,harmonized_site_ba,1.0,1.0,1.0,
brainprobe_raw_seed1_model_best,brain_slice_probe,raw,1,best,haca3,target_nyu,19,0,site_ba_drop,0.0,0.0,0.0,
brainprobe_raw_seed1_model_last,brain_slice_probe,raw,1,last,haca3,all,109,0,psnr,19.757823406103455,19.412611803029932,20.148537198512937,19.757823406103455
brainprobe_raw_seed1_model_last,brain_slice_probe,raw,1,last,haca3,all,109,0,mse,0.014573677546952424,0.012746944037121753,0.01656708566403057,0.014573677546952424
brainprobe_raw_seed1_model_last,brain_slice_probe,raw,1,last,haca3,all,109,0,mae,0.07227673546868342,0.0682823182822465,0.07629944975715025,0.07227673546868342
brainprobe_raw_seed1_model_last,brain_slice_probe,raw,1,last,haca3,all,109,0,pixel_cosine_similarity,0.9779285027681638,0.9753468961894362,0.9802561329582561,0.9779285027681638
brainprobe_raw_seed1_model_last,brain_slice_probe,raw,1,last,haca3,all,109,0,cross_correlation,0.9581618885196345,0.9529587453235614,0.9626315762146676,0.9581618885196345
brainprobe_raw_seed1_model_last,brain_slice_probe,raw,1,last,haca3,all,109,0,subject_wasserstein_raw_harm,0.05514037639410434,0.05080343142228012,0.05918136131731276,0.05514037639410434
brainprobe_raw_seed1_model_last,brain_slice_probe,raw,1,last,haca3,all,109,0,subject_kl_raw_harm,0.35852153991451013,0.33585697029243605,0.3836486077287239,0.35852153991451013
brainprobe_raw_seed1_model_last,brain_slice_probe,raw,1,last,haca3,all,109,0,raw_site_ba,0.7970588235294118,0.7343137254901961,0.8627450980392157,
brainprobe_raw_seed1_model_last,brain_slice_probe,raw,1,last,haca3,all,109,0,harmonized_site_ba,0.16750700280112044,0.12773109243697478,0.2072829131652661,
brainprobe_raw_seed1_model_last,brain_slice_probe,raw,1,last,haca3,all,109,0,site_ba_drop,0.6295518207282914,0.5466386554621849,0.7119047619047619,
brainprobe_raw_seed1_model_last,brain_slice_probe,raw,1,last,haca3,source_non_nyu,90,0,psnr,18.921265046256753,18.531426961437564,19.345431937044776,18.921265046256753
brainprobe_raw_seed1_model_last,brain_slice_probe,raw,1,last,haca3,source_non_nyu,90,0,mse,0.01665159724371001,0.014477228157195241,0.018953002616618503,0.01665159724371001
brainprobe_raw_seed1_model_last,brain_slice_probe,raw,1,last,haca3,source_non_nyu,90,0,mae,0.07813206387456499,0.07345677707458682,0.08272671370278299,0.07813206387456499
brainprobe_raw_seed1_model_last,brain_slice_probe,raw,1,last,haca3,source_non_nyu,90,0,pixel_cosine_similarity,0.975654699967271,0.9725123349434082,0.9784112241285364,0.975654699967271
brainprobe_raw_seed1_model_last,brain_slice_probe,raw,1,last,haca3,source_non_nyu,90,0,cross_correlation,0.9537281754805146,0.947552314279941,0.9592321440147746,0.9537281754805146
brainprobe_raw_seed1_model_last,brain_slice_probe,raw,1,last,haca3,source_non_nyu,90,0,subject_wasserstein_raw_harm,0.06209895291959284,0.05725379582418668,0.06676672926978844,0.06209895291959284
brainprobe_raw_seed1_model_last,brain_slice_probe,raw,1,last,haca3,source_non_nyu,90,0,subject_kl_raw_harm,0.3300843941813587,0.30504050741980515,0.35623450569037873,0.3300843941813587
brainprobe_raw_seed1_model_last,brain_slice_probe,raw,1,last,haca3,source_non_nyu,90,0,raw_site_ba,0.784375,0.71875,0.8541666666666666,
brainprobe_raw_seed1_model_last,brain_slice_probe,raw,1,last,haca3,source_non_nyu,90,0,harmonized_site_ba,0.11547619047619047,0.0732142857142857,0.15773809523809523,
brainprobe_raw_seed1_model_last,brain_slice_probe,raw,1,last,haca3,source_non_nyu,90,0,site_ba_drop,0.6688988095238095,0.5843266369047618,0.7558072916666667,
brainprobe_raw_seed1_model_last,brain_slice_probe,raw,1,last,haca3,target_nyu,19,0,psnr,23.720468268535214,22.81995644440203,24.51444726898572,23.720468268535214
brainprobe_raw_seed1_model_last,brain_slice_probe,raw,1,last,haca3,target_nyu,19,0,mse,0.004730900035995459,0.0036906541328293975,0.005977310589954024,0.004730900035995459
brainprobe_raw_seed1_model_last,brain_slice_probe,raw,1,last,haca3,target_nyu,19,0,mae,0.044540969335560135,0.04042609521663122,0.049174475243775995,0.044540969335560135
brainprobe_raw_seed1_model_last,brain_slice_probe,raw,1,last,haca3,target_nyu,19,0,pixel_cosine_similarity,0.9886991476144982,0.9850773536468883,0.9913906145939788,0.9886991476144982
brainprobe_raw_seed1_model_last,brain_slice_probe,raw,1,last,haca3,target_nyu,19,0,cross_correlation,0.9791636871259913,0.9729991382745758,0.9840450383756788,0.9791636871259913
brainprobe_raw_seed1_model_last,brain_slice_probe,raw,1,last,haca3,target_nyu,19,0,subject_wasserstein_raw_harm,0.0221786981154746,0.018847984082799068,0.02599732703198642,0.0221786981154746
brainprobe_raw_seed1_model_last,brain_slice_probe,raw,1,last,haca3,target_nyu,19,0,subject_kl_raw_harm,0.4932238091768065,0.41331304503914307,0.5725387507263587,0.4932238091768065
brainprobe_raw_seed1_model_last,brain_slice_probe,raw,1,last,haca3,target_nyu,19,0,raw_site_ba,1.0,1.0,1.0,
brainprobe_raw_seed1_model_last,brain_slice_probe,raw,1,last,haca3,target_nyu,19,0,harmonized_site_ba,1.0,1.0,1.0,
brainprobe_raw_seed1_model_last,brain_slice_probe,raw,1,last,haca3,target_nyu,19,0,site_ba_drop,0.0,0.0,0.0,
brainprobe_raw_seed2_model_best,brain_slice_probe,raw,2,best,haca3,all,109,0,psnr,19.757823406103455,19.412611803029932,20.148537198512937,19.757823406103455
brainprobe_raw_seed2_model_best,brain_slice_probe,raw,2,best,haca3,all,109,0,mse,0.014573677546952424,0.012746944037121753,0.01656708566403057,0.014573677546952424
brainprobe_raw_seed2_model_best,brain_slice_probe,raw,2,best,haca3,all,109,0,mae,0.07227673546868342,0.0682823182822465,0.07629944975715025,0.07227673546868342
brainprobe_raw_seed2_model_best,brain_slice_probe,raw,2,best,haca3,all,109,0,pixel_cosine_similarity,0.9779285027681638,0.9753468961894362,0.9802561329582561,0.9779285027681638
brainprobe_raw_seed2_model_best,brain_slice_probe,raw,2,best,haca3,all,109,0,cross_correlation,0.9581618885196345,0.9529587453235614,0.9626315762146676,0.9581618885196345
brainprobe_raw_seed2_model_best,brain_slice_probe,raw,2,best,haca3,all,109,0,subject_wasserstein_raw_harm,0.05514037639410434,0.05080343142228012,0.05918136131731276,0.05514037639410434
brainprobe_raw_seed2_model_best,brain_slice_probe,raw,2,best,haca3,all,109,0,subject_kl_raw_harm,0.35852153991451013,0.33585697029243605,0.3836486077287239,0.35852153991451013
brainprobe_raw_seed2_model_best,brain_slice_probe,raw,2,best,haca3,all,109,0,raw_site_ba,0.907843137254902,0.8470588235294118,0.9686274509803923,
brainprobe_raw_seed2_model_best,brain_slice_probe,raw,2,best,haca3,all,109,0,harmonized_site_ba,0.22873694932518462,0.1775840336134454,0.2846447669977082,
brainprobe_raw_seed2_model_best,brain_slice_probe,raw,2,best,haca3,all,109,0,site_ba_drop,0.6791061879297173,0.5943229564553094,0.7584068627450982,
brainprobe_raw_seed2_model_best,brain_slice_probe,raw,2,best,haca3,source_non_nyu,90,0,psnr,18.921265046256753,18.531426961437564,19.345431937044776,18.921265046256753
brainprobe_raw_seed2_model_best,brain_slice_probe,raw,2,best,haca3,source_non_nyu,90,0,mse,0.01665159724371001,0.014477228157195241,0.018953002616618503,0.01665159724371001
brainprobe_raw_seed2_model_best,brain_slice_probe,raw,2,best,haca3,source_non_nyu,90,0,mae,0.07813206387456499,0.07345677707458682,0.08272671370278299,0.07813206387456499
brainprobe_raw_seed2_model_best,brain_slice_probe,raw,2,best,haca3,source_non_nyu,90,0,pixel_cosine_similarity,0.975654699967271,0.9725123349434082,0.9784112241285364,0.975654699967271
brainprobe_raw_seed2_model_best,brain_slice_probe,raw,2,best,haca3,source_non_nyu,90,0,cross_correlation,0.9537281754805146,0.947552314279941,0.9592321440147746,0.9537281754805146
brainprobe_raw_seed2_model_best,brain_slice_probe,raw,2,best,haca3,source_non_nyu,90,0,subject_wasserstein_raw_harm,0.06209895291959284,0.05725379582418668,0.06676672926978844,0.06209895291959284
brainprobe_raw_seed2_model_best,brain_slice_probe,raw,2,best,haca3,source_non_nyu,90,0,subject_kl_raw_harm,0.3300843941813587,0.30504050741980515,0.35623450569037873,0.3300843941813587
brainprobe_raw_seed2_model_best,brain_slice_probe,raw,2,best,haca3,source_non_nyu,90,0,raw_site_ba,0.9020833333333333,0.8333333333333334,0.9625520833333332,
brainprobe_raw_seed2_model_best,brain_slice_probe,raw,2,best,haca3,source_non_nyu,90,0,harmonized_site_ba,0.18053300865800867,0.12620941558441556,0.2385436958874459,
brainprobe_raw_seed2_model_best,brain_slice_probe,raw,2,best,haca3,source_non_nyu,90,0,site_ba_drop,0.7215503246753247,0.6345119724025974,0.8032775297619047,
brainprobe_raw_seed2_model_best,brain_slice_probe,raw,2,best,haca3,target_nyu,19,0,psnr,23.720468268535214,22.81995644440203,24.51444726898572,23.720468268535214
brainprobe_raw_seed2_model_best,brain_slice_probe,raw,2,best,haca3,target_nyu,19,0,mse,0.004730900035995459,0.0036906541328293975,0.005977310589954024,0.004730900035995459
brainprobe_raw_seed2_model_best,brain_slice_probe,raw,2,best,haca3,target_nyu,19,0,mae,0.044540969335560135,0.04042609521663122,0.049174475243775995,0.044540969335560135
brainprobe_raw_seed2_model_best,brain_slice_probe,raw,2,best,haca3,target_nyu,19,0,pixel_cosine_similarity,0.9886991476144982,0.9850773536468883,0.9913906145939788,0.9886991476144982
brainprobe_raw_seed2_model_best,brain_slice_probe,raw,2,best,haca3,target_nyu,19,0,cross_correlation,0.9791636871259913,0.9729991382745758,0.9840450383756788,0.9791636871259913
brainprobe_raw_seed2_model_best,brain_slice_probe,raw,2,best,haca3,target_nyu,19,0,subject_wasserstein_raw_harm,0.0221786981154746,0.018847984082799068,0.02599732703198642,0.0221786981154746
brainprobe_raw_seed2_model_best,brain_slice_probe,raw,2,best,haca3,target_nyu,19,0,subject_kl_raw_harm,0.4932238091768065,0.41331304503914307,0.5725387507263587,0.4932238091768065
brainprobe_raw_seed2_model_best,brain_slice_probe,raw,2,best,haca3,target_nyu,19,0,raw_site_ba,1.0,1.0,1.0,
brainprobe_raw_seed2_model_best,brain_slice_probe,raw,2,best,haca3,target_nyu,19,0,harmonized_site_ba,1.0,1.0,1.0,
brainprobe_raw_seed2_model_best,brain_slice_probe,raw,2,best,haca3,target_nyu,19,0,site_ba_drop,0.0,0.0,0.0,
brainprobe_raw_seed2_model_last,brain_slice_probe,raw,2,last,haca3,all,109,0,psnr,19.757823406103455,19.412611803029932,20.148537198512937,19.757823406103455
brainprobe_raw_seed2_model_last,brain_slice_probe,raw,2,last,haca3,all,109,0,mse,0.014573677546952424,0.012746944037121753,0.01656708566403057,0.014573677546952424
brainprobe_raw_seed2_model_last,brain_slice_probe,raw,2,last,haca3,all,109,0,mae,0.07227673546868342,0.0682823182822465,0.07629944975715025,0.07227673546868342
brainprobe_raw_seed2_model_last,brain_slice_probe,raw,2,last,haca3,all,109,0,pixel_cosine_similarity,0.9779285027681638,0.9753468961894362,0.9802561329582561,0.9779285027681638
brainprobe_raw_seed2_model_last,brain_slice_probe,raw,2,last,haca3,all,109,0,cross_correlation,0.9581618885196345,0.9529587453235614,0.9626315762146676,0.9581618885196345
brainprobe_raw_seed2_model_last,brain_slice_probe,raw,2,last,haca3,all,109,0,subject_wasserstein_raw_harm,0.05514037639410434,0.05080343142228012,0.05918136131731276,0.05514037639410434
brainprobe_raw_seed2_model_last,brain_slice_probe,raw,2,last,haca3,all,109,0,subject_kl_raw_harm,0.35852153991451013,0.33585697029243605,0.3836486077287239,0.35852153991451013
brainprobe_raw_seed2_model_last,brain_slice_probe,raw,2,last,haca3,all,109,0,raw_site_ba,0.4956281077024111,0.4216508349751384,0.5700181771273103,
brainprobe_raw_seed2_model_last,brain_slice_probe,raw,2,last,haca3,all,109,0,harmonized_site_ba,0.3320949432404541,0.26014963880288955,0.4002115583075336,
brainprobe_raw_seed2_model_last,brain_slice_probe,raw,2,last,haca3,all,109,0,site_ba_drop,0.16353316446195704,0.08030349939018668,0.24403110047846874,
brainprobe_raw_seed2_model_last,brain_slice_probe,raw,2,last,haca3,source_non_nyu,90,0,psnr,18.921265046256753,18.531426961437564,19.345431937044776,18.921265046256753
brainprobe_raw_seed2_model_last,brain_slice_probe,raw,2,last,haca3,source_non_nyu,90,0,mse,0.01665159724371001,0.014477228157195241,0.018953002616618503,0.01665159724371001
brainprobe_raw_seed2_model_last,brain_slice_probe,raw,2,last,haca3,source_non_nyu,90,0,mae,0.07813206387456499,0.07345677707458682,0.08272671370278299,0.07813206387456499
brainprobe_raw_seed2_model_last,brain_slice_probe,raw,2,last,haca3,source_non_nyu,90,0,pixel_cosine_similarity,0.975654699967271,0.9725123349434082,0.9784112241285364,0.975654699967271
brainprobe_raw_seed2_model_last,brain_slice_probe,raw,2,last,haca3,source_non_nyu,90,0,cross_correlation,0.9537281754805146,0.947552314279941,0.9592321440147746,0.9537281754805146
brainprobe_raw_seed2_model_last,brain_slice_probe,raw,2,last,haca3,source_non_nyu,90,0,subject_wasserstein_raw_harm,0.06209895291959284,0.05725379582418668,0.06676672926978844,0.06209895291959284
brainprobe_raw_seed2_model_last,brain_slice_probe,raw,2,last,haca3,source_non_nyu,90,0,subject_kl_raw_harm,0.3300843941813587,0.30504050741980515,0.35623450569037873,0.3300843941813587
brainprobe_raw_seed2_model_last,brain_slice_probe,raw,2,last,haca3,source_non_nyu,90,0,raw_site_ba,0.5134469696969697,0.4348484848484849,0.5910250946969695,
brainprobe_raw_seed2_model_last,brain_slice_probe,raw,2,last,haca3,source_non_nyu,90,0,harmonized_site_ba,0.31666666666666665,0.24375,0.38546874999999975,
brainprobe_raw_seed2_model_last,brain_slice_probe,raw,2,last,haca3,source_non_nyu,90,0,site_ba_drop,0.19678030303030303,0.10928030303030306,0.28646780303030317,
brainprobe_raw_seed2_model_last,brain_slice_probe,raw,2,last,haca3,target_nyu,19,0,psnr,23.720468268535214,22.81995644440203,24.51444726898572,23.720468268535214
brainprobe_raw_seed2_model_last,brain_slice_probe,raw,2,last,haca3,target_nyu,19,0,mse,0.004730900035995459,0.0036906541328293975,0.005977310589954024,0.004730900035995459
brainprobe_raw_seed2_model_last,brain_slice_probe,raw,2,last,haca3,target_nyu,19,0,mae,0.044540969335560135,0.04042609521663122,0.049174475243775995,0.044540969335560135
brainprobe_raw_seed2_model_last,brain_slice_probe,raw,2,last,haca3,target_nyu,19,0,pixel_cosine_similarity,0.9886991476144982,0.9850773536468883,0.9913906145939788,0.9886991476144982
brainprobe_raw_seed2_model_last,brain_slice_probe,raw,2,last,haca3,target_nyu,19,0,cross_correlation,0.9791636871259913,0.9729991382745758,0.9840450383756788,0.9791636871259913
brainprobe_raw_seed2_model_last,brain_slice_probe,raw,2,last,haca3,target_nyu,19,0,subject_wasserstein_raw_harm,0.0221786981154746,0.018847984082799068,0.02599732703198642,0.0221786981154746
brainprobe_raw_seed2_model_last,brain_slice_probe,raw,2,last,haca3,target_nyu,19,0,subject_kl_raw_harm,0.4932238091768065,0.41331304503914307,0.5725387507263587,0.4932238091768065
brainprobe_raw_seed2_model_last,brain_slice_probe,raw,2,last,haca3,target_nyu,19,0,raw_site_ba,0.21052631578947367,0.05263157894736842,0.42105263157894735,
brainprobe_raw_seed2_model_last,brain_slice_probe,raw,2,last,haca3,target_nyu,19,0,harmonized_site_ba,0.5789473684210527,0.3684210526315789,0.7894736842105263,
brainprobe_raw_seed2_model_last,brain_slice_probe,raw,2,last,haca3,target_nyu,19,0,site_ba_drop,-0.368421052631579,-0.5789473684210527,-0.15789473684210525,
brainprobe_raw_seed3_model_best,brain_slice_probe,raw,3,best,haca3,all,109,0,psnr,19.757823406103455,19.412611803029932,20.148537198512937,19.757823406103455
brainprobe_raw_seed3_model_best,brain_slice_probe,raw,3,best,haca3,all,109,0,mse,0.014573677546952424,0.012746944037121753,0.01656708566403057,0.014573677546952424
brainprobe_raw_seed3_model_best,brain_slice_probe,raw,3,best,haca3,all,109,0,mae,0.07227673546868342,0.0682823182822465,0.07629944975715025,0.07227673546868342
brainprobe_raw_seed3_model_best,brain_slice_probe,raw,3,best,haca3,all,109,0,pixel_cosine_similarity,0.9779285027681638,0.9753468961894362,0.9802561329582561,0.9779285027681638
brainprobe_raw_seed3_model_best,brain_slice_probe,raw,3,best,haca3,all,109,0,cross_correlation,0.9581618885196345,0.9529587453235614,0.9626315762146676,0.9581618885196345
brainprobe_raw_seed3_model_best,brain_slice_probe,raw,3,best,haca3,all,109,0,subject_wasserstein_raw_harm,0.05514037639410434,0.05080343142228012,0.05918136131731276,0.05514037639410434
brainprobe_raw_seed3_model_best,brain_slice_probe,raw,3,best,haca3,all,109,0,subject_kl_raw_harm,0.35852153991451013,0.33585697029243605,0.3836486077287239,0.35852153991451013
brainprobe_raw_seed3_model_best,brain_slice_probe,raw,3,best,haca3,all,109,0,raw_site_ba,0.8218360071301247,0.7498106060606061,0.8962589126559716,
brainprobe_raw_seed3_model_best,brain_slice_probe,raw,3,best,haca3,all,109,0,harmonized_site_ba,0.1787878787878788,0.1416198752228164,0.22237299465240645,
brainprobe_raw_seed3_model_best,brain_slice_probe,raw,3,best,haca3,all,109,0,site_ba_drop,0.6430481283422459,0.5557820855614972,0.7249777183600713,
brainprobe_raw_seed3_model_best,brain_slice_probe,raw,3,best,haca3,source_non_nyu,90,0,psnr,18.921265046256753,18.531426961437564,19.345431937044776,18.921265046256753
brainprobe_raw_seed3_model_best,brain_slice_probe,raw,3,best,haca3,source_non_nyu,90,0,mse,0.01665159724371001,0.014477228157195241,0.018953002616618503,0.01665159724371001
brainprobe_raw_seed3_model_best,brain_slice_probe,raw,3,best,haca3,source_non_nyu,90,0,mae,0.07813206387456499,0.07345677707458682,0.08272671370278299,0.07813206387456499
brainprobe_raw_seed3_model_best,brain_slice_probe,raw,3,best,haca3,source_non_nyu,90,0,pixel_cosine_similarity,0.975654699967271,0.9725123349434082,0.9784112241285364,0.975654699967271
brainprobe_raw_seed3_model_best,brain_slice_probe,raw,3,best,haca3,source_non_nyu,90,0,cross_correlation,0.9537281754805146,0.947552314279941,0.9592321440147746,0.9537281754805146
brainprobe_raw_seed3_model_best,brain_slice_probe,raw,3,best,haca3,source_non_nyu,90,0,subject_wasserstein_raw_harm,0.06209895291959284,0.05725379582418668,0.06676672926978844,0.06209895291959284
brainprobe_raw_seed3_model_best,brain_slice_probe,raw,3,best,haca3,source_non_nyu,90,0,subject_kl_raw_harm,0.3300843941813587,0.30504050741980515,0.35623450569037873,0.3300843941813587
brainprobe_raw_seed3_model_best,brain_slice_probe,raw,3,best,haca3,source_non_nyu,90,0,raw_site_ba,0.8107007575757575,0.7288707386363635,0.8850402462121212,
brainprobe_raw_seed3_model_best,brain_slice_probe,raw,3,best,haca3,source_non_nyu,90,0,harmonized_site_ba,0.1274621212121212,0.08797348484848484,0.16856060606060608,
brainprobe_raw_seed3_model_best,brain_slice_probe,raw,3,best,haca3,source_non_nyu,90,0,site_ba_drop,0.6832386363636364,0.5972443181818181,0.767047821969697,
brainprobe_raw_seed3_model_best,brain_slice_probe,raw,3,best,haca3,target_nyu,19,0,psnr,23.720468268535214,22.81995644440203,24.51444726898572,23.720468268535214
brainprobe_raw_seed3_model_best,brain_slice_probe,raw,3,best,haca3,target_nyu,19,0,mse,0.004730900035995459,0.0036906541328293975,0.005977310589954024,0.004730900035995459
brainprobe_raw_seed3_model_best,brain_slice_probe,raw,3,best,haca3,target_nyu,19,0,mae,0.044540969335560135,0.04042609521663122,0.049174475243775995,0.044540969335560135
brainprobe_raw_seed3_model_best,brain_slice_probe,raw,3,best,haca3,target_nyu,19,0,pixel_cosine_similarity,0.9886991476144982,0.9850773536468883,0.9913906145939788,0.9886991476144982
brainprobe_raw_seed3_model_best,brain_slice_probe,raw,3,best,haca3,target_nyu,19,0,cross_correlation,0.9791636871259913,0.9729991382745758,0.9840450383756788,0.9791636871259913
brainprobe_raw_seed3_model_best,brain_slice_probe,raw,3,best,haca3,target_nyu,19,0,subject_wasserstein_raw_harm,0.0221786981154746,0.018847984082799068,0.02599732703198642,0.0221786981154746
brainprobe_raw_seed3_model_best,brain_slice_probe,raw,3,best,haca3,target_nyu,19,0,subject_kl_raw_harm,0.4932238091768065,0.41331304503914307,0.5725387507263587,0.4932238091768065
brainprobe_raw_seed3_model_best,brain_slice_probe,raw,3,best,haca3,target_nyu,19,0,raw_site_ba,1.0,1.0,1.0,
brainprobe_raw_seed3_model_best,brain_slice_probe,raw,3,best,haca3,target_nyu,19,0,harmonized_site_ba,1.0,1.0,1.0,
brainprobe_raw_seed3_model_best,brain_slice_probe,raw,3,best,haca3,target_nyu,19,0,site_ba_drop,0.0,0.0,0.0,
brainprobe_raw_seed3_model_last,brain_slice_probe,raw,3,last,haca3,all,109,0,psnr,19.757823406103455,19.412611803029932,20.148537198512937,19.757823406103455
brainprobe_raw_seed3_model_last,brain_slice_probe,raw,3,last,haca3,all,109,0,mse,0.014573677546952424,0.012746944037121753,0.01656708566403057,0.014573677546952424
brainprobe_raw_seed3_model_last,brain_slice_probe,raw,3,last,haca3,all,109,0,mae,0.07227673546868342,0.0682823182822465,0.07629944975715025,0.07227673546868342
brainprobe_raw_seed3_model_last,brain_slice_probe,raw,3,last,haca3,all,109,0,pixel_cosine_similarity,0.9779285027681638,0.9753468961894362,0.9802561329582561,0.9779285027681638
brainprobe_raw_seed3_model_last,brain_slice_probe,raw,3,last,haca3,all,109,0,cross_correlation,0.9581618885196345,0.9529587453235614,0.9626315762146676,0.9581618885196345
brainprobe_raw_seed3_model_last,brain_slice_probe,raw,3,last,haca3,all,109,0,subject_wasserstein_raw_harm,0.05514037639410434,0.05080343142228012,0.05918136131731276,0.05514037639410434
brainprobe_raw_seed3_model_last,brain_slice_probe,raw,3,last,haca3,all,109,0,subject_kl_raw_harm,0.35852153991451013,0.33585697029243605,0.3836486077287239,0.35852153991451013
brainprobe_raw_seed3_model_last,brain_slice_probe,raw,3,last,haca3,all,109,0,raw_site_ba,0.7339009287925696,0.6672265221878224,0.8007262641898865,
brainprobe_raw_seed3_model_last,brain_slice_probe,raw,3,last,haca3,all,109,0,harmonized_site_ba,0.14901960784313725,0.11764705882352941,0.18823529411764706,
brainprobe_raw_seed3_model_last,brain_slice_probe,raw,3,last,haca3,all,109,0,site_ba_drop,0.5848813209494323,0.5080882352941175,0.6623529411764706,
brainprobe_raw_seed3_model_last,brain_slice_probe,raw,3,last,haca3,source_non_nyu,90,0,psnr,18.921265046256753,18.531426961437564,19.345431937044776,18.921265046256753
brainprobe_raw_seed3_model_last,brain_slice_probe,raw,3,last,haca3,source_non_nyu,90,0,mse,0.01665159724371001,0.014477228157195241,0.018953002616618503,0.01665159724371001
brainprobe_raw_seed3_model_last,brain_slice_probe,raw,3,last,haca3,source_non_nyu,90,0,mae,0.07813206387456499,0.07345677707458682,0.08272671370278299,0.07813206387456499
brainprobe_raw_seed3_model_last,brain_slice_probe,raw,3,last,haca3,source_non_nyu,90,0,pixel_cosine_similarity,0.975654699967271,0.9725123349434082,0.9784112241285364,0.975654699967271
brainprobe_raw_seed3_model_last,brain_slice_probe,raw,3,last,haca3,source_non_nyu,90,0,cross_correlation,0.9537281754805146,0.947552314279941,0.9592321440147746,0.9537281754805146
brainprobe_raw_seed3_model_last,brain_slice_probe,raw,3,last,haca3,source_non_nyu,90,0,subject_wasserstein_raw_harm,0.06209895291959284,0.05725379582418668,0.06676672926978844,0.06209895291959284
brainprobe_raw_seed3_model_last,brain_slice_probe,raw,3,last,haca3,source_non_nyu,90,0,subject_kl_raw_harm,0.3300843941813587,0.30504050741980515,0.35623450569037873,0.3300843941813587
brainprobe_raw_seed3_model_last,brain_slice_probe,raw,3,last,haca3,source_non_nyu,90,0,raw_site_ba,0.746875,0.6770833333333334,0.8166666666666667,
brainprobe_raw_seed3_model_last,brain_slice_probe,raw,3,last,haca3,source_non_nyu,90,0,harmonized_site_ba,0.15833333333333333,0.125,0.20416666666666666,
brainprobe_raw_seed3_model_last,brain_slice_probe,raw,3,last,haca3,source_non_nyu,90,0,site_ba_drop,0.5885416666666666,0.5083333333333333,0.6666666666666667,
brainprobe_raw_seed3_model_last,brain_slice_probe,raw,3,last,haca3,target_nyu,19,0,psnr,23.720468268535214,22.81995644440203,24.51444726898572,23.720468268535214
brainprobe_raw_seed3_model_last,brain_slice_probe,raw,3,last,haca3,target_nyu,19,0,mse,0.004730900035995459,0.0036906541328293975,0.005977310589954024,0.004730900035995459
brainprobe_raw_seed3_model_last,brain_slice_probe,raw,3,last,haca3,target_nyu,19,0,mae,0.044540969335560135,0.04042609521663122,0.049174475243775995,0.044540969335560135
brainprobe_raw_seed3_model_last,brain_slice_probe,raw,3,last,haca3,target_nyu,19,0,pixel_cosine_similarity,0.9886991476144982,0.9850773536468883,0.9913906145939788,0.9886991476144982
brainprobe_raw_seed3_model_last,brain_slice_probe,raw,3,last,haca3,target_nyu,19,0,cross_correlation,0.9791636871259913,0.9729991382745758,0.9840450383756788,0.9791636871259913
brainprobe_raw_seed3_model_last,brain_slice_probe,raw,3,last,haca3,target_nyu,19,0,subject_wasserstein_raw_harm,0.0221786981154746,0.018847984082799068,0.02599732703198642,0.0221786981154746
brainprobe_raw_seed3_model_last,brain_slice_probe,raw,3,last,haca3,target_nyu,19,0,subject_kl_raw_harm,0.4932238091768065,0.41331304503914307,0.5725387507263587,0.4932238091768065
brainprobe_raw_seed3_model_last,brain_slice_probe,raw,3,last,haca3,target_nyu,19,0,raw_site_ba,0.5263157894736842,0.3157894736842105,0.7368421052631579,
brainprobe_raw_seed3_model_last,brain_slice_probe,raw,3,last,haca3,target_nyu,19,0,harmonized_site_ba,0.0,0.0,0.0,
brainprobe_raw_seed3_model_last,brain_slice_probe,raw,3,last,haca3,target_nyu,19,0,site_ba_drop,0.5263157894736842,0.3157894736842105,0.7368421052631579,
